Property ,Tier 2024,Tier 2025,Tier 2026,Scoring Tier,Page Name,Page Type,Page URL,Response,Title,Title Length,Meta Description,Description Length,Target keyword (s),Secondary Keyword,H1 Tag,H2 Tag(s),New Page,New Target KW(s),Consultant,Recent Tier Change,Notes to be checked by the consultants before rescoring
Abu Dhabi,2,2,3,3,Frontpage,Home,https://www.fourseasons.com/abudhabi/,200,Luxury 5-Star Hotel Abu Dhabi | Four Seasons Hotel Al Maryah Island,67,"Experience luxury at Four Seasons Hotel Abu Dhabi at Al Maryah Island. Our luxury Abu Dhabi hotel is perfect for business, shopping and relaxation.",147,"four seasons abu dhabi, luxury hotel abu dhabi",,Abu Dhabi at Al Maryah Island% Abu Dhabi at Al Maryah Island% Abu Dhabi at Al Maryah Island% Abu Dhabi by Four Seasons% Residences available for purchase,An ultra-modern sanctuary on the edge of the Arabian Gulf% Accommodations% Discover Abu Dhabi% Rooftop Bliss% #FSABUDHABI,,,Rob,,
Abu Dhabi,2,2,3,3,Accommodations,Accommodation,https://www.fourseasons.com/abudhabi/accommodations/,200,Abu Dhabi Suites and Accommodations | Four Seasons Hotel Al Maryah Island,73,Luxury Abu Dhabi Suites and stylish accommodations. Book now for an unforgettable retreat experience of tranquility and relaxation.,131,Abu Dhabi Suites,,Abu Dhabi Hotel Rooms & Suites,Premier Room% Deluxe Waterfront Room% Deluxe Room% Superior Room% Deluxe Executive Suite% Executive Suite% Royal Suite% Presidential Suite% Premier Suite% Interior Design,,,Rob,,
Abu Dhabi,2,2,3,3,Dining,"Weddings, Wellness & Dining",https://www.fourseasons.com/abudhabi/dining/,200,Fine Dining Abu Dhabi | Four Seasons Hotel Al Maryah Island,59,Embark on a fine dining journey at Four Seasons Hotel Abu Dhabi. Elevate your experience at our luxury restaurants. Book now for a fine dining adventure.,153,fine dining abu dhabi,Abu Dhabi Dining | Abu Dhabi Restaurants,Fine Dining Abu Dhabi% Fine Dining Abu Dhabi% Fine Dining Abu Dhabi,All Food and Drink% Culinary Activities% Meet the Team% Events,,,Rob,,
Abu Dhabi,2,2,3,3,Offers,Other,https://www.fourseasons.com/abudhabi/offers/,200,Luxury Hotel Packages Abu Dhabi | Four Seasons Al Maryah Island,63,"Explore Abu Dhabi hotel packages at Four Seasons Abu Dhabi at Al Maryah Island, including 15% Off, Third Night Free, Family Fun and more. Plan your stay now.",157,"abu dhabi hotel packages, abu dhabi hotel offers",luxury hotel offers abu dhabi,Abu Dhabi Hotel Offers & Packages,Featured Offer,,,Rob,,
Abu Dhabi,2,2,3,3,Photos & Videos,Other,https://www.fourseasons.com/abudhabi/photos-and-videos/,200,Abu Dhabi Hotel Photos & Videos | Four Seasons Hotel Abu Dhabi,62,Four Seasons Hotel Abu Dhabi at Al Maryah Island photos and videos showcase a sophisticated urban sanctuary right on the water’s edge of the Arabian Gulf.,154,four seasons abu dhabi photos,Abu Dhabi Photos & Videos,Photos & Videos,Hotel Overview% Accommodations% Dining% Spa,,,Rob,,
Abu Dhabi,2,2,3,3,Pools,Other,https://www.fourseasons.com/abudhabi/services-and-amenities/pools/,200,Hotel Pool & Terrace | Four Seasons Abu Dhabi,45,"Relax and unwind on our third-floor terrace pool. As night falls, watch as the pool transforms into Eclipse Terrace Lounge, where you can enjoy music and cocktails under the stars.",180,Abu dhabi hotel pool,hotel with pool abu dhabi,Abu Dhabi Hotel Pool,Hours% Highlights,1,,Rob,,
Abu Dhabi,2,2,3,3,Spa & Wellness,"Weddings, Wellness & Dining",https://www.fourseasons.com/abudhabi/spa/,200,Hotel with Spa in Abu Dhabi | Four Seasons Al Maryah Island,59,Spa hotels Abu Dhabi: Discover the pampering sanctuary of the Spa at Four Seasons Abu Dhabi at Al Maryah Island. Indulge in serenity with our wide range of traditional spa treatments.,183,"spa hotels abu dhabi, abu dhabi spa",,Abu Dhabi Spa,Hours% Favourites% Spa Services% Wellness Services% Relaxation Experiences,,,Rob,,
Abu Dhabi,2,2,3,3,Weddings,"Weddings, Wellness & Dining",https://www.fourseasons.com/abudhabi/weddings/,200,Abu Dhabi Weddings | Luxury Wedding Venue in Abu Dhabi,54,The wedding venues at Four Seasons Hotel Abu Dhabi at Al Maryah Island offer the epitome of luxury. Abu Dhabi weddings don't come more luxurious than with Four Seasons.,168,"abu dhabi weddings, wedding venue abu dhabi",,Abu Dhabi Weddings% Abu Dhabi Weddings,Real wedding experiences% Wedding Services,,,Rob,,
Abu Dhabi,2,2,3,3,Honeymoon,Other,https://www.fourseasons.com/abudhabi/weddings/honeymoon/,200,Abu Dhabi Honeymoons | Four Seasons Hotel Abu Dhabi at Al Maryah Island,71,"Begin life as a married couple with a dream honeymoon in Abu Dhabi. Our wedding planners can provide the ultimate in honeymoon luxury, creating memories of Abu Dhabi that will last a lifetime.",192,Abu Dhabi Honeymoons,,Abu Dhabi Honeymoons,,,,Rob,,
Abu Dhabi,2,2,3,3,Weddings,"Weddings, Wellness & Dining",https://www.fourseasons.com/abudhabi/weddings/packages/,200,Abu Dhabi Wedding Packages | Four Seasons Hotel Abu Dhabi at Al Maryah Island,77,"Our Abu Dhabi wedding packages combine the amenities only Four Seasons can provide, with the dedicated services of your wedding specialist, available 24/7 to make sure everything goes perfectly.",194,Abu Dhabi Wedding Packages,,Abu Dhabi Wedding Packages,,,,Rob,,
Abu Dhabi,2,2,3,3,Seasonal,Other,https://www.fourseasons.com/abudhabi/seasonal/christmas/,,,,,,,,,,,,,,
Abu Dhabi,2,2,3,3,Seasonal,Other,https://www.fourseasons.com/abudhabi/seasonal/new-year/,,,,,,,,,,,,,,
Abu Dhabi,2,2,3,3,Seasonal,Other,https://www.fourseasons.com/abudhabi/seasonal/ramadan/,,,,,,,,,,,,,,
Abu Dhabi,2,2,3,3,Weddings,"Weddings, Wellness & Dining",https://www.fourseasons.com/abudhabi/weddings/venues/,200,Wedding Halls in Abu Dhabi | Four Seasons Hotel,47,Discover Abu Dhabi's blend of modernity and tradition in our wedding venues. Book now to showcase your event to perfection.,123,"Wedding Venues Abu Dhabi, Wedding Hall Abu Dhabi",,Abu Dhabi Wedding Venues,Featured Venue% Find a Venue,,,Rob,,
Alexandria,2,1,2,2,Frontpage,Home,https://www.fourseasons.com/alexandria/,200,"Alexandria, Egypt Hotel | Luxury Hotel | Four Seasons at San Stefano",68,Four Seasons Hotel Alexandria at San Stefano invites you to discover Egypt in a fresh & fashionable resort-style enclave with luxurious amenities and more.,155,hotel alexandria | luxury hotels in alexandria,,"Alexandria at San Stefano, Egypt% Alexandria at San Stefano, Egypt% Alexandria at San Stefano, Egypt% Alexandria by Four Seasons",Seaside glamour on the Egyptian riviera% Accommodations% Discover Alexandria% San Stefano Beach% #FSALEXANDRIA,,,,,
Alexandria,2,1,2,2,Accommodations,Accommodation,https://www.fourseasons.com/alexandria/accommodations/,200,"Alexandria, Egypt Hotel Suites | Four Seasons Alexandria at San Stefano",71,"Four Seasons Hotel Alexandria at San Stefano, Egypt, offers 118 luxury guest rooms and suites mixing supreme comfort with stunning Mediterranean views.",151,alexandria suites | alexandria hotel rooms,,Alexandria Accommodations,Superior City-View Room% Pool Terrace Room% Sea-View Room% Executive Suite% Two-Bedroom Deluxe Beach Suite% Two-Bedroom Beach Suite% One-Bedroom Premium Beach Suite% One-Bedroom Deluxe Beach Suite% One-Bedroom Beach Suite% Royal Suite% Presidential Suite% Deluxe Two-Bedroom Suite% Sea-View One-Bedroom Suite% Pool Terrace Suite% Three-Bedroom Sea-View Villa with Private Pool% Two-Bedroom Sea-View Villa with Private Pool% One-Bedroom Sea-View Villa with Private Pool% The Palace,,,,,
Alexandria,2,1,2,2,Dining,"Weddings, Wellness & Dining",https://www.fourseasons.com/alexandria/dining/,200,Alexandria Restaurant & Bar | Four Seasons Hotel Alexandria,59,"Four Seasons Hotel Alexandria offers a variety of culinary experiences including the freshest of fish, savoury grilled meats and a wide selection of mezzeh.",156,fine dining alexandria,,Alexandria Fine Dining% Alexandria Fine Dining% Alexandria Fine Dining,All Food and Drink% Meet the team,,,,,
Alexandria,2,1,2,2,Experiences,Experiences,https://www.fourseasons.com/alexandria/experiences/,,,,,,things to do alexandria | alexandria experiences,,,,,,,,
Alexandria,2,1,2,2,Private Pool Villas,Accommodation,https://www.fourseasons.com/alexandria/landing-pages/property/villas-with-private-pools/,,,,,,private pool villa egypt,,,,,,,,
Alexandria,2,1,2,2,Offers,Other,https://www.fourseasons.com/alexandria/offers/,200,Alexandria Vacation Packages & Hotel Offers | Four Seasons,58,Discover luxury vacation packages at Four Seasons Hotel Alexandria. Enjoy tailored offers and the Mediterranean elegance of San Stefano. Book today.,148,alexandria hotel offers | alexandria hotel packages,,Alexandria Hotel Offers & Packages,Featured Offer,,,,,
Alexandria,2,1,2,2,Photos & Videos,Other,https://www.fourseasons.com/alexandria/photos-and-videos/,200,Alexandria Luxury Hotel Photos & Videos | Four Seasons San Stefano,66,Four Seasons Hotel Alexandria at San Stefano offers a collection of photos and videos of this dynamic resort-style enclave in the heart of the Mediterranean.,157,alexandria photos | alexandria videos,,Photos & Videos,Hotel Overview% Accommodations% Dining% Service and Amenities% Discover Alexandria,,,,,
Alexandria,2,1,2,2,Ramadan,Seasonal,https://www.fourseasons.com/alexandria/seasonal/ramadan/,,,,,,ramadan alexandria,,,,,,,,
Alexandria,2,1,2,2,Spa & Wellness,"Weddings, Wellness & Dining",https://www.fourseasons.com/alexandria/spa/,200,"Spa in Alexandria, Egypt | Holistic Massages & Facials | Four Seasons",69,"The Spa at Four Seasons Hotel Alexandria at San Stefano offers an array of luxury spa services including signature treatments, massages, facials and more.",154,alexandria spa,,Alexandria Spa,HOURS% Favourites% Spa Services% Wellness Services% Relaxation Experiences,,,,,
Alexandria,2,1,2,2,Weddings,"Weddings, Wellness & Dining",https://www.fourseasons.com/alexandria/weddings/,200,Four Seasons Hotels and Resorts | Luxury Hotels | Four Seasons | Weddings,73,Weddings,8,alexandria weddings,,Alexandria Weddings% Alexandria Weddings,REAL WEDDING EXPERIENCES% WEDDING & VOW RENEWAL SERVICES,,,,,
Amaala,,,2,2,Frontpage,Homepage,https://www.fourseasons.com/amaalaredsea/,200,Four Seasons AMAALA | Luxury Red Sea Resort & Wellness Retreat,62,"Discover the new Four Seasons Resort at AMAALA, a luxury wellness destination on the Red Sea. Opening early 2026. Explore our villas, suites, and exclusive offers.",163,four seasons amaala,"wellness resort in saudi arabia, four seasons saudi arabia, luxury resorts in saudi arabia",AMAALA at Triple Bay,"OPENING EARLY 2026, Accommodations, Discover Ultra-Luxury Wellness at AMAALA, Privacy Preference Center
",,,Maurício ,,
Amaala,,,2,2,Accommodations,Accommodations,https://www.fourseasons.com/amaalaredsea/accommodations/,200,Luxury Suites & Villas | Four Seasons AMAALA at Triple Bay,58,Explore luxury accommodations at Four Seasons AMAALA. Choose from spacious suites and private pool villas with stunning Red Sea views. Book your stay.,151,luxury suites in amaala,"luxury suites saudi arabia, luxury accommodations saudi arabia",Accommodations,"Superior Room with Terrace, Deluxe Sea-View Room with Terrace, 
One-Bedroom Terrace Suite, One-Bedroom Sea-View Suite, One-Bedroom Terrace Suite with Private Pool, Four Seasons Two-Bedroom Suite with Private Pool, Four Seasons Two-Bedroom Suite with Private Pool, Presidential Suite, One-Bedroom Lagoon Villa, One-Bedroom Private Pool Villa, Four Seasons Two-Bedroom Villa with Private Pool, Four Seasons Two-Bedroom Beach Villa with Private Pool, Royal Beach Villa, Accessible Superior Room with Terrace, Accessible Deluxe Sea-View Room, Privacy Preference Center",,,Maurício ,,
Amaala,,,2,2,Dining,Dining Hub,https://www.fourseasons.com/amaalaredsea/dining/,200,Red Sea Dining | Restaurants at Four Seasons AMAALA,51,"Explore six unique, open-air dining venues at Four Seasons Amaala. Enjoy exquisite cuisine with stunning Red Sea views. Reserve your table.",141,red sea restaurants,fine dining saudi arabia,DINING,"All Food and Drink, Privacy Preference Center",,,Maurício ,,
Amaala,,,2,2,Offers,Offers,https://www.fourseasons.com/amaalaredsea/offers/,200,Offers | Four Seasons AMAALA Red Sea,36,"Discover offers and packages at Four Seasons Amaala. Enhance your Red Sea getaway with special rates, spa credits, and dining experiences. Book now. ",158,hotel offers in amaala,,Offers & Packages,"Featured Offer, Privacy Preference Center",,,Maurício ,,
Amaala,,,2,2,Spa & Wellness,Spa,https://www.fourseasons.com/amaalaredsea/spa/,200,Wellness & Fitness | Four Seasons AMAALA at Triple Bay,54,"Embark on a journey of well-being at Four Seasons Amaala. Discover our fitness facilities, wellness programs, and cultural activities. ",135,spa resort in saudi arabia,,HILYAA WELLNESS & SPA,"Relaxation Experiences, Privacy Preference Center",,,Maurício ,,
Amaala,,,2,2,Spa & Wellness,Wellness,https://www.fourseasons.com/amaalaredsea/wellness/,200,Luxury Spa & Wellness | Four Seasons AMAALA Red Sea ,51,Indulge in a world of tranquility at our luxury spa. Experience rejuvenating treatments and wellness therapies inspired by the Red Sea.,136,wellness resort in saudi arabia,,Wellness,"Your Well-Being Journey, Wellness Highlights, Privacy Preference Center",,,Maurício ,,
Amman,1,1,1,1,Frontpage,Home,https://www.fourseasons.com/amman/,200,5-Star Luxury Hotel Amman Jordan | Four Seasons Hotel Amman,59,"Four Seasons Hotel Amman offers award-winning hospitality, fine dining, luxe amenities & more in the centre of one of the Middle East’s most welcoming cities.",158,hotels in amman jordan​​ | amman luxury hotels​,hotels in amman | luxury hotels in amman jordan​,Amman% Amman% Amman% Amman by Four Seasons,Award-Winning Hospitality Surrounded by Ancient Wonders% Accommodations% Discover Amman% Discover the Best of Jordan with Four Seasons% #FSAMMAN,,,,,
Amman,1,1,1,1,Accommodations,Accommodation,https://www.fourseasons.com/amman/accommodations/,200,Amman Jordan Luxury Hotel Suites | Four Seasons Hotel Amman,59,"Four Seasons Hotel Amman offers 192 generously-sized luxury hotel rooms and suites, each with a stunning panoramic view of the city.",132,suites in amman​ | amman hotel room​,luxury suites amman​ | accommodation amman​,Amman Accommodations,Royal Two-Bedroom Suite% Presidential One-Bedroom Suite% Premier Suite% Deluxe Executive Suite% Executive Suite% Premium Room% Deluxe Room% Superior Room% By Design,,,,,
Amman,1,1,1,1,Dining,"Weddings, Wellness & Dining",https://www.fourseasons.com/amman/dining/,200,Amman Restaurants & Bars | Fine Dining | Four Seasons Hotel Amman,65,Four Seasons Hotel Amman offers a variety of innovative culinary options from the eclectic fare of La Capitale to the Levant cuisine of Olea and much more.,155,luxury restaurants in amman​ | fine dining amman​,dining in amman​ | fine dining restaurants in amman,Amman Fine Dining% Amman Fine Dining% Amman Fine Dining,All Food and Drink% Meet the Team% Events,,,,,
Amman,1,1,1,1,Experiences,Experiences,https://www.fourseasons.com/amman/experiences/,200,Four Seasons Hotels and Resorts | Luxury Hotels | Four Seasons | Experiences,76,Experiences,11,,,Experiences,Local Experiences,,,,,empty field
Amman,1,1,1,1,Offers,Other,https://www.fourseasons.com/amman/offers/,200,Amman Vacation Packages & Hotel Offers | Four Seasons,53,"Discover luxury hotel offers and vacation packages at Four Seasons Hotel Amman, including Bed and Breakfast options. Book now.",126,,,Amman Hotel Offers & Packages,Featured Offer,,,,,empty field
Amman,1,1,1,1,Photos & Videos,Other,https://www.fourseasons.com/amman/photos-and-videos/,200,"Amman, Jordan Luxury Hotel Photos & Videos | Four Seasons Amman",63,"View photos and videos of Four Seasons Hotel Amman, a five-star luxury hotel in the heart of Jordan's capital city.",115,,,Photos & Videos,Hotel Overview% Accommodations% Dining,,,,,empty field
Amman,1,1,1,1,Spa & Wellness,"Weddings, Wellness & Dining",https://www.fourseasons.com/amman/spa/,200,"Amman Spa | Massage & Facials | Four Seasons Hotel Amman, Jordan",64,"The Spa at Four Seasons Hotel Amman offers guests luxury massages, facial treatments, body treatments, salon services and more in the heart of Amman.",149,spa in amman​ | massage in amman,facial treatment in amman​,Amman Spa,HOURS% Favourites% Spa Services% Events% Relaxation Experiences,,,,,
Amman,1,1,1,1,Weddings,"Weddings, Wellness & Dining",https://www.fourseasons.com/amman/weddings/,200,Four Seasons Hotels and Resorts | Luxury Hotels | Four Seasons | Weddings,73,Weddings,8,,,Amman Weddings% Amman Weddings,Real Wedding Experiences% Wedding and Vow Renewal Services,,,,,empty field
Anguilla,3,3,3,3,Frontpage,Home,https://www.fourseasons.com/anguilla/,200,Anguilla Luxury 5-star Resort | Four Seasons Resort Anguilla,60,"Four Seasons Resort and Residences Anguilla is a seaside luxury 5-star resort offering ocean-view rooms, pristine beaches, fine dining and much more.",149,"anguilla luxury resort, anguilla 5 star resorts",,Anguilla% Anguilla% Anguilla% Anguilla by Four Seasons,A Luxury Resort in the Caribbean's Culinary Capital% Accommodations% Discover Anguilla% Sunset Sail% #FSANGUILLA,,,Katarina,,
Anguilla,3,3,3,3,Accommodations,Accommodation,https://www.fourseasons.com/anguilla/accommodations/,200,"West End Village Luxury Villas, Rooms & Residences | Four Seasons Anguilla",74,"Discover Four Seasons Resort and Residences Anguilla's 181 guest rooms, suites, residences and villas, enhanced with our luxury service and amenities.",150,"anguilla luxury villas, luxury rooms anguilla",,"Anguilla Luxury Villas, Rooms & Residences",Ocean-View Rooftop Suite% Deluxe Ocean-View One-Bedroom Suite% One-Bedroom Ocean-View Suite% Five-Bedroom Beachfront Villa% Four-Bedroom Beachfront Villa% Four-Bedroom Oceanfront Villa% Four-Bedroom Ocean-View Villa% Four-Bedroom Oceanfront Townhome% Three-Bedroom Oceanfront Townhome% Three-Bedroom Ocean-View Penthouse% Three-Bedroom Ocean-View Residence% Two-Bedroom Ocean-View Residence% One-Bedroom Ocean-View Residence% Deluxe Ocean-View Room% Ocean-View Room% Resort-View Room% Island Living,,1,Katarina,,
Anguilla,3,3,3,3,Boat Tours,Experiences,https://www.fourseasons.com/anguilla/boat-rentals-and-charters/,200,Anguilla Boat Charters & Rentals | Four Seasons Tours,53,"Discover the Caribbean’s hidden gems with our luxury boat tours and charters, designed to highlight the very best of Anguilla’s pristine waters.",144,"anguilla boat charters, anguilla boat tours",,Anguilla Boat Tours & Private Charters,included% Resort Highlight,,,Katarina,,
Anguilla,3,3,3,3,Dining,"Weddings, Wellness & Dining",https://www.fourseasons.com/anguilla/dining/,200,Anguilla Beach Restaurants & Fine Dining | Four Seasons,55,"Four Seasons Anguilla offers a variety of fine dining options for any taste or mood at our restaurants and lounges, just moments from the Caribbean Sea.",152,"fine dining anguilla, anguilla restaurants",,Anguilla Restaurants & Fine Dining% Anguilla Restaurants & Fine Dining% Anguilla Restaurants & Fine Dining,All Food and Drink% Culinary Activities% Meet the Team,,,Katarina,,
Anguilla,3,3,3,3,Itinerary,Experiences,https://www.fourseasons.com/anguilla/itinerary/,200,Anguilla Itinerary | Four Seasons Resort Anguilla,49,"Discover Anguilla with a curated 4-day itinerary featuring sunrise yoga, Moke adventures, snorkeling, spa relaxation, coastal cuisine and more.",143,anguilla itinerary,,Your Anguilla Itinerary,Experience Anguilla in 4 Days with Four Seasons% Your Itinerary,,,Katarina,,
Anguilla,3,3,3,3,Offers,Other,https://www.fourseasons.com/anguilla/offers/,200,Anguilla Resort Packages & Special Offers | Four Seasons,56,Four Seasons Resort Anguilla extends access to a variety of offers and packages – from Bed and Breakfast to Advance Purchase savings and more.,142,"anguilla resort packages, anguilla resort offers",,Anguilla Resort Offers & Packages,Featured Offer,,1,Katarina,,
Anguilla,3,3,3,3,Photos & Videos,Other,https://www.fourseasons.com/anguilla/photos-and-videos/,200,Anguilla Resort Photos & Video | Four Seasons Resort Anguilla,61,Four Seasons Resort Anguilla presents a collection of photos and videos of this luxury seaside escape overlooking the Caribbean.,128,anguilla resort photos,,Photos & Videos,Hotel Overview% Accommodations% Dining% Spa% Pools & Beaches% Activities,,,Katarina,,
Anguilla,3,3,3,3,Christmas,Seasonal,https://www.fourseasons.com/anguilla/seasonal/christmas/,#N/A,#N/A,#N/A,#N/A,#N/A,christmas in anguilla,,#N/A,#N/A,,,Katarina,,
Anguilla,3,3,3,3,Family,Services & Amenities,https://www.fourseasons.com/anguilla/services-and-amenities/family/,,,,,,"anguilla family resorts, anguilla family vacation",,,,,,Katarina,,
Anguilla,3,3,3,3,Spa & Wellness,"Weddings, Wellness & Dining",https://www.fourseasons.com/anguilla/spa/,200,Anguilla Spa | Facials & Massages| Four Seasons Resort Anguilla,63,"Relax and rejuvenate at our Anguilla Spa, offering luxury facials and massages in a serene beachfront setting overlooking the Caribbean Sea.",140,"anguilla spa, anguilla spa resort",,Anguilla Spa,Hours% Favourites% Spa Services% Relaxation Experiences,,,Katarina,,
Anguilla,3,3,3,3,Villas & Residences,Villas & Residences,https://www.fourseasons.com/anguilla/villa-residence-rentals/,200,Anguilla Luxury Vacation Rentals | Villas & Residences | Retreats,65,"Embrace Caribbean island living with our Anguilla luxury villa rentals, offering private pools and beachfront access for your perfect retreat.",142,"anguilla luxury villas, anguilla villas",anguilla villa rentals,Villa & Residence Rentals% Villa & Residence Rentals% Explore accommodations,included% An elevated vacation experience,,,Katarina,,
Anguilla,3,3,3,3,Weddings,"Weddings, Wellness & Dining",https://www.fourseasons.com/anguilla/weddings/,200,Anguilla Caribbean Wedding | Four Seasons Resort Anguilla,57,Experience Four Seasons Resort and Residences Anguilla as your idyllic wedding set in the tropical Caribbean. Make your dream wedding a reality.,144,"anguilla wedding, anguilla wedding resorts",,Anguilla Weddings% Anguilla Weddings,REAL WEDDING EXPERIENCES IN ANGUILLA% WEDDING AND VOW RENEWAL SERVICES,,,Katarina,,
Athens,3,3,3,3,Frontpage,Home,https://www.fourseasons.com/athens/,200,5-Star Luxury Hotel & Beach Resort in Athens | Four Seasons Astir Palace,72,"Four Seasons Astir Palace is a 5-star hotel and luxury beach resort near Athens in the seaside town of Vouliagmeni, along the Athens Riviera, 30 minutes from Athens’ city centre.",178,"athens beach resort,luxury hotel athens","luxury resort athens,5-star hotels in athens,athens beach hotels,vouliagmeni hotels,Athens Riviera hotels",Astir Palace Hotel Athens% Astir Palace Hotel Athens% Astir Palace Hotel Athens% Athens By Four Seasons,Five-Star Luxury Athens Hotel & Beach Resort% Accommodations% Discover Athens% A Proudly Greek Luxury Hotel Hideaway% #FSATHENS,,,Darren,,
Athens,3,3,3,3,Accommodations,Accommodation,https://www.fourseasons.com/athens/accommodations/,200,Athens Luxury Suites | Athens Beach Resort | Four Seasons,57,Discover our luxury suites in Vouliagmeni on the Athens beachfront. Accommodations include sea-view rooms and beach access bungalows at Four Seasons Athens.,156,"Athens Luxury Suites
",athens luxury hotel suites,Luxury Hotel Rooms and Suites in Athens,Arion Pine-View Room% Arion Sea-View Room% Arion Pine-View Executive Suite% Arion Sea-View Executive Suite% Arion Sea-View One-Bedroom Suite% Nafsika Sea-View Room% Nafsika Sea-View Garden Room% Nafsika Sea-View One-Bedroom Suite% Nafsika Sea-View Garden Suite with Pool% Garden-View Bungalow% Sea-View Bungalow% Sea-View Bungalow with Pool% Sea-View Bungalow Suite% Garden-View Bungalow Suite with Pool% Sea-View Bungalow Suite with Pool% Nafsika Sea-View Terrace Suite with Pool% Nafsika Ambassador Suite% Arion Panoramic Sea-View Suite% Arion Presidential Suite% Arion Royal Suite% Arion Riviera Suite% Choose Your Perfect Setting% Views From Our Guests,,,Darren,,
Athens,3,3,3,3,Dining,"Weddings, Wellness & Dining",https://www.fourseasons.com/athens/dining/,200,Restaurants with Views in Athens | Fine Dining at Four Seasons Astir Palace,75,Enjoy unforgettable fine dining at Four Seasons Athens – from restaurants with sea views and beachfront tavernas to cocktail bars on the Athenian Riviera.,154,athens fine dining,athens restaurants,Athens Fine Dining% Athens Fine Dining% Athens Fine Dining,Athens Restaurants with Views% All Food and Drink% Culinary Activities% Views from Our Guests,,,Darren,,
Athens,3,3,3,3,Brunch,"Weddings, Wellness & Dining",https://www.fourseasons.com/athens/dining/restaurants/brunch/,200,Brunch in Athens with Riviera Views | Luxury Restaurant at Four Seasons Athens,78,Discover a unique brunch in Athens with Italian-inspired dishes and Athenian Riviera views at our luxury Four Seasons restaurant.,129,"Brunch in athens,brunch athens","sunday brunch athens,brunch in vouliagmeni",Brunch in Athens with Riviera Views,Hours% Menu% Brunch Menu Highlights% The Team% More Dining Options,1,,Darren,,
Athens,3,3,3,3,Experiences,Experiences,https://www.fourseasons.com/athens/experiences/,200,Private Tours in Athens | Exclusive Full-Day Experiences | Four Seasons,71,We arrange everything tailored to your needs as you explore iconic sites at your own pace. Half-day or full-day private Athens tours can include private transport and catering as required.,188,Private tours Athens,athens full day private tour,Experiences,Aquatic Escapades% Local Experiences% Airborne Adventures% Wellness Activities% Facilities & Services,,,Darren,,
Athens,3,3,3,3,Island Tours,Other,https://www.fourseasons.com/athens/greek-island-tours/,200,Greek Island Tours from Athens | Luxury Boat Trips by Four Seasons,66,"Embark on a luxury Greek island tour from Athens with Four Seasons. Discover idyllic islands, pristine beaches, and exclusive boat trips with gourmet dining and personalized service.",182,"Athens boat tours,boat trips athens","Boat Tours from Athens,Greek Island Tours|",Greek Island Tours,included% Best Greek Islands Near Athens% Coastal Athenian Landmarks & Hidden Gem Beaches% Luxury Amenities,1,,Darren,,
Athens,3,3,3,3,Vouliagmeni,Other,https://www.fourseasons.com/athens/landing-pages/property/vouliagmeni/,200,Things To Do in Vouliagmeni from a Local | The Athenian Riviera,63,"Vouliagmeni is a luxurious peninsula on the Athens Riviera. From private beaches and bars to luxury shopping, let our local Concierge show you the real Vouliagmeni.",164,"things to do in vouliagmeni,vouliagmeni","Faskomilia Hill,lake vouliagmeni",Things to do in Vouliagmeni,,1,,Darren,,
Athens,3,3,3,3,Offers,Other,https://www.fourseasons.com/athens/offers/,200,Athens Hotel Packages & Offers | Four Seasons Astir Palace Athens,65,Discover our range of Athens hotel packages and offers for any time of year from Four Seasons Astir Palace. Our guaranteed Best Rate.,133,"athens hotel packages,athens hotel offers",,Athens Hotel Offers & Packages,Featured Offer,,,Darren,,
Athens,3,3,3,3,Photos & Videos,Other,https://www.fourseasons.com/athens/photos-and-videos/,200,Four Seasons Hotels and Resorts | Luxury Hotels | Four Seasons | Photos and Videos,82,Photos and Videos,17,four seasons hotel photos,,,Hotel Overview% Accommodations% Dining,,,Darren,,
Athens,3,3,3,3,Private Pool Suite,Other,https://www.fourseasons.com/athens/private-pool-suites/,200,Luxury Hotel in Greece with Private Pool in Room – A Tranquil Escape at Four Seasons Athens,91,Luxury Hotel in Greece with Private Pool in Room – A Tranquil Escape at Four Seasons Athens,91,private pool greece,"Hotel in Greece with Private Pool,athens hotel private pool, private pool suites, Private Pool in Room",Discover Luxury Private Pool Suites in Greece at Four Seasons Athens,Exclusive Private Pool Suites% Private Pool Suite Amenities% More Amenities% Suite Highlights% Bed & Bath% Entertainment & Technology% Services & Amenities% Experiences at Four Seasons Hotel Athens% Our Hotel Location,1,,,,
Athens,3,3,3,3,Beaches,Other,https://www.fourseasons.com/athens/services-and-amenities/athens-beaches/,200,Visit the Best Beaches Near Athens – Discover the Athens Riviera | Four Seasons Guide,85,"Discover the best beaches near Athens with Four Seasons. From Blue Flag shores to private beach clubs, plan your perfect coastal day trip along the Athens Riviera.",163,"beaches near athens,athens beaches",beaches close to athens,The Most Beautiful Beaches Close to Athens,The Best Beaches Along the Athens Riviera% Choose your ideal beach% Glyfada Beach% Lake Vouliagmeni% Krabo Beach% Akti Vouliagmenis Beach% Kavouri Beach% Lagonisi Beach% Astir Beach% Craft Your Perfect Beach Day,1,,Darren,,
Athens,3,3,3,3,Family,Other,https://www.fourseasons.com/athens/services-and-amenities/family/,200,Family Beach Resort Near Athens | Luxury Family Hotel on Athens Riviera,71,"Discover the ultimate family resort in Athens, offering a perfect beachside escape. Four Seasons Astir Palace combines luxury with family-friendly activities for an unforgettable stay on the Athens Riviera.",206,Family Friendly Hotel in Athens,"Family Resort Athens, family beach resort athens",Luxury Family-Friendly Hotel in Athens Riviera,Highlights,1,,,,
Athens,3,3,3,3,Private Beach,Other,https://www.fourseasons.com/athens/services-and-amenities/pools-and-beaches/,200,Private Beach Athens | Four Seasons Astir Palace Hotel Greece,61,"Discover the ultimate private beach experience at Four Seasons in Athens, Greece. Enjoy exclusive access to the pristine shores of the Athens Riviera and luxurious amenities.",174,private beach athens,"athens beach hotel,astir beach",Our Private Beach in Athens,Hours% Private Beach Highlights% Pool and Beach Services & Amenities,1,,Darren,,
Athens,3,3,3,3,Pools,Other,https://www.fourseasons.com/athens/services-and-amenities/pools/,200,Luxury Athens Hotel with Private Outdoor Swimming Pools | Four Seasons,70,"Discover Four Seasons Athens, offering two outdoor swimming pools with stunning sea views. Enjoy luxurious amenities at a five-star beach hotel in Athens, Greece. Relax by the pool bar or unwind in private poolside cabanas.",223,"athens hotel pool, athens swimming pool","athens hotel pool day pass,athens swimming pool",Private Outdoor Swimming Pools in Athens,Pool Hours% Our Pools% Swimming Highlights% Hotel Pool Day Pass,1,,Darren,,
Athens,3,3,3,3,Spa & Wellness,"Weddings, Wellness & Dining",https://www.fourseasons.com/athens/spa/,200,Luxury Athens Spa Hotel | Spa Resort & Day Treatments | Four Seasons Athens,75,"Unwind in our luxury Athens Spa & Hotel. Offering a wide selection of massages, facials and couples' treatments, our day spa helps you relax in our unrivaled setting.",166,"athens spa
","luxury spa athens,spa day athens, spa hotel athens",Athens Spa% Athens Spa% Athens Spa,Luxury Athens SPA% Petros Salon Services% Relaxation Experiences% Athens Spa Opening Hours,,,Darren,,
Athens,3,3,3,3,Couples Massage,"Weddings, Wellness & Dining",https://www.fourseasons.com/athens/spa/couples-massage/,200,Couples' Massage in Athens – Luxury Spa Package for Two at Four Seasons Astir Palace,84,"Reconnect and relax with a luxurious couples' massage in Athens at Four Seasons Astir Palace. Enjoy private spa suites, bespoke treatments and a sea-front cabana experience.",173,couples massage athens,"spa for couples athens,couples spa",Couples’ Massage in Athens,A Romantic Escape at Four Seasons Astir Palace% Couples’ Massage Package% Sinantisi Ritual in the Couples’ Suite% Extend Your Stay With a Romance Package,1,,Darren,,
Athens,3,3,3,3,Weddings,"Weddings, Wellness & Dining",https://www.fourseasons.com/athens/weddings/,200,Luxury Athens Wedding Hotel Greece | Four Seasons,49,"Enjoy breathtaking views of the Aegean Sea on the Athens Riviera coast at our romantic wedding Hotel in Greece, Four Seasons Athens.",132,"athens wedding, athens wedding hotel",athens riviera wedding,Athens Wedding Hotel% Athens Wedding Hotel,Athens Riviera wedding experiences% Wedding and Vow Renewal Services,,,Darren,,
Athens,3,3,3,3,Honeymoon,"Weddings, Wellness & Dining",https://www.fourseasons.com/athens/weddings/honeymoon/,200,Luxury Athens Honeymoon Hotel & Packages | Four Seasons,55,"For an unforgettable Athens honeymoon, share a romantic candlelit dinner, tour the city's historic centre, unwind in our Athens Spa or experience a private yacht.",162,honeymoon in greece,"athens honeymoon,athens honeymoon hotel,athens honeymoon package,romantic hotels in athens, athens riviera honeymoon",Athens Honeymoon Hotel,,1,,Darren,,
Atlanta,1,2,2,2,Frontpage,Home,https://www.fourseasons.com/atlanta/,200,Midtown Atlanta Luxury Hotel | Four Seasons Hotel Atlanta,57,"Four Seasons Hotel Atlanta, a luxury hotel in Midtown Atlanta invites you to enjoy award-winning cuisine, relaxing spa treatments & upscale accommodations.",155,"midtown atlanta luxury hotels, atlanta luxury hotels",,Atlanta% Atlanta% Atlanta% Atlanta by Four Seasons,Modern luxury steeped in southern charm% Accommodations% Discover Atlanta% Bar Margot% #FSATLANTA,,,Katarina,,
Atlanta,1,2,2,2,Accommodations,Accommodation,https://www.fourseasons.com/atlanta/accommodations/,200,Luxury Hotel Rooms & Suites in Midtown Atlanta | Four Seasons,61,"Four Seasons boasts 244 hotel rooms in Atlanta, including luxury suites and elegant accommodations with balcony views in Midtown Atlanta. Book today.",149,"luxury hotel suites atlanta, luxury hotel rooms atlanta",,Luxury Hotel Suites & Rooms in Atlanta,Luxury Suite% Presidential Suite% Terrace Suite% One-Bedroom Suite% Midtown Suite% Corner Suite% Terrace City-View Room% Midtown Premier Room% Premier City-View Room% Deluxe Room% Superior City-View Room% Deluxe City-View Accessible Room% Superior City-View Accessible Room with Roll-in Shower% City-View Accessible Room% Superior City-View Accessible Room% Terrace City-View Accessible Room% One-Bedroom Accessible Suite% Pet Policy% KINDLY NOTE THE GUIDELINES:,,,Katarina,,
Atlanta,1,2,2,2,Dining,"Weddings, Wellness & Dining",https://www.fourseasons.com/atlanta/dining/,200,Midtown Atlanta Restaurants & Dining Experiences | Four Seasons,63,"Discover Midtown Atlanta restaurants and dining experiences at Four Seasons, from French cuisine and cocktails to in-room and poolside dining options.",150,"midtown atlanta dining, midtown atlanta restaurants",,Midtown Atlanta Restaurants & Dining% Midtown Atlanta Restaurants & Dining% Midtown Atlanta Restaurants & Dining,All Food and Drink,,,Katarina,,
Atlanta,1,2,2,2,Afternoon Tea,"Weddings, Wellness & Dining",https://www.fourseasons.com/atlanta/dining/restaurants/afternoon-tea/,,,,,,afternoon tea atlanta,,,,,,Katarina,,
Atlanta,1,2,2,2,Brunch,"Weddings, Wellness & Dining",https://www.fourseasons.com/atlanta/dining/restaurants/brunch/,200,Midtown Atlanta Brunch | Brasserie Margot at Four Seasons Atlanta,65,"Savour some of the best brunch in Atlanta at Brasserie Margot. Indulge in French classics, seafood and cocktails every Saturday and Sunday in Midtown.",150,"brunch midtown atlanta, atlanta brunch",,Brunch in Midtown Atlanta,Hours% Menus% Midtown Atlanta Brunch Highlights% More Dining Options,,,Katarina,,
Atlanta,1,2,2,2,Experiences,Experiences,https://www.fourseasons.com/atlanta/experiences/,200,Things to Do in Atlanta | Activities & Experiences | Four Seasons,65,Discover the best things to do in Atlanta with curated activities by our Hotel – from the Aquarium and Botanical Garden to a Lucid Drive experience.,148,"atlanta experiences, atlanta private tours",atlanta activities,Experiences,Local Experiences,,,Katarina,,
Atlanta,1,2,2,2,Offers,Other,https://www.fourseasons.com/atlanta/offers/,200,Atlanta Vacation & Hotel Packages | Four Seasons Hotel Atlanta,62,"Discover exclusive vacation and hotel packages at Four Seasons Hotel Atlanta, featuring luxurious stays and seasonal promotions. Book now.",138,"atlanta vacation packages, atlanta hotel packages",,Atlanta Vacation Packages & Offers,Featured Offer,,,Katarina,,
Atlanta,1,2,2,2,Photos & Videos,Other,https://www.fourseasons.com/atlanta/photos-and-videos/,200,Atlanta Luxury Hotel Photos & Videos | Four Seasons Atlanta,59,Four Seasons Hotel Atlanta presents a photo and video collection of this distinctive luxury hotel in the heart of Midtown.,122,"atlanta photos, atlanta videos",,Photos & Videos,Hotel Overview% Accommodations% Dining% Spa and Wellness,,,Katarina,,
Atlanta,1,2,2,2,Christmas,Seasonal,https://www.fourseasons.com/atlanta/seasonal/christmas/,200,"Christmas at Four Seasons Atlanta | Activities, Dinner",54,"Celebrate Christmas at Four Seasons Hotel Atlanta. Enjoy festive events, holiday dining and seasonal activities for an unforgettable winter escape.",147,atlanta christmas,,Christmas at Four Seasons Hotel Atlanta,Join Us for the Holidays% included% Hotel Highlights,,,Katarina,,
Atlanta,1,2,2,2,New Year ,Seasonal,https://www.fourseasons.com/atlanta/seasonal/new-year/,200,New Year's Eve Atlanta Hotel | Dinner & Activities at Four Seasons,66,"Celebrate New Year's Eve in style at Four Seasons Hotel Atlanta with festive dinners, midnight toasts, elegant parties and unforgettable celebrations.",150,"atlanta new years eve, atlanta hotels new years eve",,New Year’s Eve at Four Seasons Hotel Atlanta,included% Hotel Highlights,,,Katarina,,
Atlanta,1,2,2,2,Spring,Seasonal,https://www.fourseasons.com/atlanta/seasonal/spring-activities/,,,,,,"spring activities atlanta, spring in atlanta",,,,,,Katarina,,
Atlanta,1,2,2,2,Thanksgiving,Seasonal,https://www.fourseasons.com/atlanta/seasonal/thanksgiving/,200,Thanksgiving in Atlanta | Four Seasons Activities & Dining,58,"Escape for a Thanksgiving getaway to Four Seasons Hotel Atlanta, where festive dining, seasonal events and unforgettable holiday activities await.",146,atlanta thanksgiving,,Thanksgiving at Four Seasons Hotel Atlanta,included% Hotel Highlights,,,Katarina,,
Atlanta,1,2,2,2,Couples,Services & Amenities,https://www.fourseasons.com/atlanta/services-and-amenities/couples/,200,Romantic Hotel Getaway in Atlanta | Couple Activities | Four Seasons,68,"Escape on a romantic hotel getaway in Atlanta, Georgia. Discover things to do for couples, from massages and romantic dining to unforgettable retreats.",151,"romantic hotels in atlanta, romantic getaway atlanta",,Romantic Hotel in Atlanta,Things to Do in Atlanta for Couples% Your Romantic Getaway in Atlanta% included% Romantic Dining in Atlanta,,,Katarina,,
Atlanta,1,2,2,2,Family,Services & Amenities,https://www.fourseasons.com/atlanta/services-and-amenities/family/,200,Family-Friendly Hotel in Atlanta | Fun Things to Do With Kids,61,"Discover our family-friendly hotel in Atlanta, offering spacious suites and fun things to do with kids. Plan your family vacation with Four Seasons.",148,"family friendly hotels in atlanta, things to do with kids in atlanta",,Family-Friendly Hotel in Atlanta,included% Family Amenities,,,Katarina,,
Atlanta,1,2,2,2,Pet-friendly,Services & Amenities,https://www.fourseasons.com/atlanta/services-and-amenities/pet-friendly-stays/,200,"Pet-Friendly Hotel Atlanta | Four Seasons Hotel Atlanta, Georgia",64,"Stay with your cat or dog at Four Seasons, a pet-friendly hotel in Atlanta offering thoughtful amenities, Southern hospitality and Midtown charm.",145,atlanta pet friendly hotel,,Luxury Pet-Friendly Hotel in Atlanta,Pet-Friendly Amenities% Dog walks in Midtown Atlanta% Pet Policy,,,Katarina,,
Atlanta,1,2,2,2,Spa & Wellness,"Weddings, Wellness & Dining",https://www.fourseasons.com/atlanta/spa/,200,Midtown Atlanta Luxury Spa & Wellness | Four Seasons Hotel Atlanta,66,Unwind at our Hotel’s luxury spa in Midtown Atlanta. Enjoy everything from couples’ massages and facials to wellness treatments for ultimate relaxation.,152,"luxury spa atlanta, midtown atlanta spa",,Luxury Spa Midtown Atlanta,Hours% Favourites% Pool Hours% Fitness Centre Hours% Spa Services% Seasonal Promotions% Relaxation Experiences,,,Katarina,,
Atlanta,1,2,2,2,Itinerary,Experiences,https://www.fourseasons.com/atlanta/three-day-itinerary/,200,Atlanta 3-day Itinerary | Explore the City in 72 Hours,54,"Plan the perfect 3 days in Atlanta. Explore the city in 72 hours with our curated itinerary of sights, dining and culture from Four Seasons Hotel Atlanta.",154,"atlanta 3 day itinerary, atlanta itinerary",,Your 3-Day Atlanta Itinerary,Three Days in Atlanta: A Curated City Escape by Four Seasons% Spend 3 Perfect Days in Atlanta % Featured Accommodation% Signature Moment,,,Katarina,,
Atlanta,1,2,2,2,Weddings,"Weddings, Wellness & Dining",https://www.fourseasons.com/atlanta/weddings/,200,Atlanta Wedding Hotel | Four Seasons Hotel Atlanta,50,"Celebrate your Atlanta wedding in style at our luxury hotel, where timeless venues, Four Seasons service and bespoke details create unforgettable moments.",154,"atlanta wedding, atlanta wedding hotel",,Atlanta Weddings% Atlanta Weddings,Real Wedding Experiences% Wedding and Vow Renewal Services,,,Katarina,,
Austin,2,2,2,2,Frontpage,Home,https://www.fourseasons.com/austin/,200,Luxury Hotel Austin | Downtown | Four Seasons Hotel Austin,58,"Discover our luxury downtown Austin Hotel. Enjoy local art, indulgent spa treatments, lakeside trails, and spacious rooms. Book now.",132,luxury hotels austin,downtown austin hotels,Austin% Austin% Austin% Austin by Four Seasons,A Luxury Austin Hotel as Unique as The City Itself% Accommodations% Discover Austin% Workouts with a View% #FSAUSTIN,,,Hannah,,
Austin,2,2,2,2,Accommodations,Accommodation,https://www.fourseasons.com/austin/accommodations/,200,Luxury Hotel Suites and Rooms in Austin | Four Seasons,54,Discover luxury suites and rooms in downtown Austin at Four Seasons. Relax and unwind in our spacious accommodations. Book your stay today.,139,austin hotel rooms,austin suites hotel,Hotel Suites & Rooms in Austin,Premier Lake-View Balcony Room% Deluxe Lake-View High Floor Room% Lake-View Room% Deluxe City-View High Floor Room% City-View Room% Lake-View Suite% City-View Suite% City-View Executive Suite% Congressional Suite% Presidential Suite% Governor’s Suite% Lake-View Accessible Room% City-View Accessible Room% Firearm Policy% included% Interior Design,,,Hannah,,
Austin,2,2,2,2,Dining,"Weddings, Wellness & Dining",https://www.fourseasons.com/austin/dining/,200,Downtown Austin Restaurants | Fine Dining | Four Seasons Hotel,62,"Discover restaurants in downtown Austin at Four Seasons, where fine dining and lake views meet bold and local Texas flavours. Book your table today.",148,downtown austin restaurants,fine dining austin,Austin Restaurants & Bars% Austin Restaurants & Bars% Austin Restaurants & Bars,All Food and Drink% Meet The Team,,,Hannah,,
Austin,2,2,2,2,Dining,"Weddings, Wellness & Dining",https://www.fourseasons.com/austin/dining/restaurants/ciclo/,200,Steakhouse in Downtown Austin | Ciclo at Four Seasons Hotel Austin,66,"Ciclo at Four Seasons Austin is a downtown steakhouse serving premium cuts, local ingredients and bold Texas flavours in a vibrant lakeside setting.",148,steakhouse downtown austin,,Ciclo,Hours% Menus% Signature Dishes% Meet The Team% More Dining Options,,,Hannah,,
Austin,2,2,2,2,Offers,Other,https://www.fourseasons.com/austin/offers/,200,Austin Hotel Packages & Offers | Four Seasons Hotel Austin,58,Explore exclusive Austin hotel packages at Four Seasons Hotel Austin. Book now for a luxurious stay in the heart of downtown Austin.,132,austin hotel packages,,Hotel Offers & Packages,Featured Offer,,,Hannah,,
Austin,2,2,2,2,Photos & Videos,Other,https://www.fourseasons.com/austin/photos-and-videos/,200,Austin Hotel Photos & Videos | Four Seasons Hotel Austin,56,Four Seasons Hotel Austin presents a collection of photos and videos of this five-star luxury hotel in downtown Austin on the banks of Lady Bird Lake.,150,austin hotel photos,,Photos & Videos,Hotel Overview% Accommodations% Services & Amenities,,,Hannah,,
Austin,2,2,2,2,Couples,Services & amenities,https://www.fourseasons.com/austin/services-and-amenities/couples-experiences/,200,Couples’ Getaway in Austin | Four Seasons Hotel Austin,54,"Plan a couples’ getaway at Four Seasons Hotel Austin with breakfast in bed, hammocks for two, poolside cabanas and a romantic and relaxing spa experience.",154,austin getaways for couples,,Austin Getaways for Couples,Four Seasons Couples’ Experiences% More for Couples,,,Hannah,,
Austin,2,2,2,2,Family,Services & amenities,https://www.fourseasons.com/austin/services-and-amenities/family/,200,Family-friendly Hotel in Downtown Austin | Four Seasons Austin,62,"With family-friendly dining, an outdoor pool and expansive lawns, Four Seasons Hotel Austin creates the ideal downtown retreat for your family getaway.",151,family friendly hotels in austin,,Family Friendly Hotel in Austin,Four Seasons Fun% Family Hotel Amenities% Explore Austin Together,,,Hannah,,"[HR] Note: I can't recall if 'in' is a concern 'family friendly hotels in austin' and couldn't confirm via Confluence. If a concern, can change keyword to 'family friendly hotels austin'"
Austin,2,2,2,2,Pet-friendly,Services & amenities,https://www.fourseasons.com/austin/services-and-amenities/pet-friendly-stays/,200,Pet-Friendly Hotel Austin | Four Seasons Hotel Austin,53,Experience the best in pet-friendly hotel stays at Four Seasons Austin. Enjoy tailored amenities for you and your pet. Book your stay today.,140,pet friendly hotels austin,pet friendly hotels downtown austin,Pet-Friendly Hotel in Austin,Hotel Highlight% Dog-Friendly Hotel Hospitality% PET POLICY,,,Hannah,,
Austin,2,2,2,2,Pools,Services & amenities,https://www.fourseasons.com/austin/services-and-amenities/pool/,200,Outdoor Pool in Downtown Austin | Four Seasons Hotel Austin,59,"Cool off in the outdoor saltwater pool at Four Seasons Hotel Austin with food and drink service, poolside daybeds and hammocks, set along Lady Bird Lake.",153,austin hotels with pool,"austin hotels with outdoor pools,austin downtown hotels with pool",Austin Pool & Outdoor Spaces,Please Note% Hours% Austin Pool & Outdoor Services,,,Hannah,,
Austin,2,2,2,2,Spa & Wellness,"Weddings, Wellness & Dining",https://www.fourseasons.com/austin/spa/,200,Austin Spa | Day Spa in Downtown Austin | Four Seasons Hotel,60,"The Spa at Four Seasons Hotel Austin is a serene downtown day spa with steam rooms, relaxation spaces and an array of treatments available. Book now.",149,austin spa,austin day spa,Austin Spa,HOURS% Favourites% Spa Services% Wellness Services% Healthy Amenities,,,Hannah,,
Austin,2,2,2,2,Facials,Other,https://www.fourseasons.com/austin/spa/facials/,200,Facials in Austin | Spa at Four Seasons Hotel Austin,52,"At Four Seasons Hotel Spa in Downtown Austin, enjoy facials with personalized care, organic options and advanced techniques, tailored to your skin’s needs.",155,facials austin,,Facials,,,,Hannah,,
Austin,2,2,2,2,Massage,Other,https://www.fourseasons.com/austin/spa/massages/,200,Massages in Downtown Austin | Spa at Four Seasons Hotel Austin,62,"At Four Seasons Hotel Austin Spa, expert therapists offer personalized deep tissue, aromatherapy, prenatal and herbal massages with enhancements available.",155,massage austin,,Austin Massages,,,,Hannah,,
Austin,2,2,2,2,Staycation,Other,https://www.fourseasons.com/austin/staycation/,200,Austin Staycation Hotel | Lakeside | Four Seasons Hotel Austin,62,"Four Seasons Hotel Austin offers the perfect base for your staycation, just steps away from all there is to see and do in the heart of downtown Austin.",151,staycation austin,,Lakeside Staycations in Austin,,,,Hannah,,
Austin,2,2,2,2,Proximity,Other,https://www.fourseasons.com/austin/the-university-of-texas/,200,"Hotels Near University of Texas, Austin | Four Seasons Hotel Austin",67,Stay at a luxury hotel near the University of Texas at Four Seasons Hotel Austin. Perfect for game days at Longhorn Stadium and campus visits. Book now.,152,hotels near university of texas austin,hotels near texas longhorn stadium,Luxury Hotel Near The University of Texas,Highlights% included,,,Hannah,,
Austin,2,2,2,2,Weddings,"Weddings, Wellness & Dining",https://www.fourseasons.com/austin/weddings/,200,Austin Weddings | Downtown | Four Seasons Hotel Austin,54,"Celebrate your dream wedding at Four Seasons Hotel Austin. Enjoy stunning lake views, elegant venues, and impeccable service. Book your perfect day now.",152,austin wedding,,Austin Weddings% Austin Weddings,Real Wedding Experiences% Wedding and Vow Renewal Services,,,Hannah,,
Austin,2,2,2,2,Weddings,"Weddings, Wellness & Dining",https://www.fourseasons.com/austin/weddings/honeymoon/,200,"Honeymoon in Austin, Texas | Four Seasons Hotel Austin",54,"Begin your life together with a Texas honeymoon at Four Seasons Austin, offering beautiful lakeside moments, poolside luxury and signature spa treatments.",154,austin honeymoon,,Austin Honeymoons,,,,Hannah,,
Austin,2,2,2,2,Weddings,"Weddings, Wellness & Dining",https://www.fourseasons.com/austin/weddings/venues/,200,Austin Wedding Venues | Downtown | Four Seasons Hotel Austin,60,"Discover elegant Austin wedding venues at Four Seasons. From lush outdoor settings to glamorous ballrooms, book the perfect venue for your big day.",147,austin wedding venues,downtown austin wedding venues,Austin Wedding Venues,Featured Venues% Find a Venue,,,Hannah,,
Aviara,2,2,1,2,Frontpage,Home,https://www.fourseasons.com/northsandiego/,200,"Luxury Resort San Diego, CA | Four Seasons Residence Club Aviara",64,"Enjoy the sunny Californian luxury resort lifestyle in Aviara, Carlsbad, at our fully furnished vacation homes at Four Seasons Residence Club North San Diego.",158,san diego california luxury resorts | ​ aviara carlsbad,vacation homes in san diego​,"Aviara, North San Diego% Aviara, North San Diego% Aviara, North San Diego% AVIARA BY FOUR SEASONS",YOUR SUNNY CALIFORNIAN HOME IN SAN DIEGO% Villa Rentals% Discover Aviara% #FSRESCLUBAVIARA,,,Shruti,,
Aviara,2,2,1,2,Dining,"Weddings, Wellness & Dining",https://www.fourseasons.com/northsandiego/dining/,200,San Diego Fine Dining and Luxury Restaurants | Four Seasons Aviara,66,"Experience unique fine dining in North San Diego at luxury restaurants of Four Seasons Aviara, with farm-to-table cuisine, innovative menus and cocktails.",154,fine dining san diego | fine dining restaurants in san diego, luxury restaurants san diego | carlsbad restaurants,Fine Dining in San Diego% Fine Dining in San Diego% Fine Dining in San Diego,All Food and Drink,,,Shruti,,
Aviara,2,2,1,2,Frontpage,Experiences,https://www.fourseasons.com/northsandiego/experiences/,200,Unique San Diego Experiences | Four Seasons Residence Club Aviara,65,"Discover unique and fun-filled experiences in San Diego, ranging from land to water adventures. Explore the beauty of Carlsbad with our curated things to do.",157,san diego experiences | unique san diego experiences,,Experiences,Aquatic Escapades% Land Pursuits,,,Shruti,,
Aviara,2,2,1,2,Offers,Other,https://www.fourseasons.com/northsandiego/offers/,200,San Diego Luxury Hotel Packages & Offers | Four Seasons Aviara,62,"Enjoy special hotel offers and packages at Four Seasons Residence Club Aviara, San Diego. Discover our signature breakfast, special room rate and spa packages.",159,san diego hotel packages | hotel offers san diego,,San Diego Vacation Packages & Offers,Featured Offer% Value Dates% Discover great rates during our value dates:,,,Shruti,,
Aviara,2,2,1,2,Photos & Videos,Other,https://www.fourseasons.com/northsandiego/photos-and-videos/,200,San Diego Villa Photos & Videos | Four Seasons Residence Club Aviara,68,Four Seasons Residence Club San Diego presents a photo and video collection of these fully furnished residences in the Aviara section of scenic San Diego.,154,aviara photos,villa pictures,,Hotel Overview% Accommodations% Dining% Spa,,,Shruti,,
Aviara,2,2,1,2,Spa & Wellness,"Weddings, Wellness & Dining",https://www.fourseasons.com/northsandiego/spa/,200,"Driftwood Spa in Carlsbad, CA | Four Seasons San Diego, Aviara",62,"Driftwood Spa at Four Seasons Aviara in Carlsbad, San Diego offers luxury spa massages, facials and state-of-the-art fitness & gym services.",140,driftwood spa | spa in san diego,spa in carlsbad ca​ | spa in carlsbad,Spa and Wellness in San Diego,HOURS% Favourites% Spa Services% Wellness Services% The Team% Relaxation Experiences,,,Shruti,,first keyword missing location
Aviara,2,2,1,2,Accommodations,Accommodation,https://www.fourseasons.com/northsandiego/villarentals/,200,San Diego Luxury Villa Rentals | Four Seasons Residence Club Aviara,67,"Explore our luxury vacation villa rentals and hotel residences in San Diego, having balconies with mountain view, private kitchen, and multiple bedrooms.",153,"san diego luxury villa rentals​ | san diego vacation villas
",mountain view san diego | san diego hotels with balcony | hotels with multiple bedrooms,Accommodations in San Diego,Superior Guest Room% One-Bedroom Resort Residence% One-Bedroom Premier Resort Residence% Two-Bedroom Resort Residence% Superior Accessible Guest Room% One-Bedroom Accessible Resort Residence% Stay a While,,,Shruti,,
"Bahamas, The Ocean Club",3,3,3,3,Frontpage,Home,https://www.fourseasons.com/oceanclub/,200,Bahamas Luxury Resort on Paradise Island | Four Seasons,55,"Set on Paradise Island, The Ocean Club, A Four Seasons Resort, Bahamas offers luxury service, beachfront accommodations, a world-class spa and much more.",153,"Bahamas luxury resort, luxury resort paradise island bahamas",,"The Ocean Club, A Four Seasons Resort, Bahamas% The Ocean Club, A Four Seasons Resort, Bahamas% The Ocean Club, A Four Seasons Resort, Bahamas% Bahamas by Four Seasons% Residences available for purchase",A legendary Caribbean hideaway% Accommodations% Discover Bahamas% Beneath the Surface% #FSOCEANCLUB,,,Katarina,,
"Bahamas, The Ocean Club",3,3,3,3,Accommodations,Accommodation,https://www.fourseasons.com/oceanclub/accommodations/,200,Bahamas Villas & Suites | Paradise Island | Ocean Club Resort,61,"The Ocean Club, a Four Seasons Resort, offers unrivalled Paradise Island accommodations from luxury suites and cottages to beachfront villas and more.",150,"Bahamas suites, bahamas villas",,"Bahamas Rooms, Villas & Suites","Luxury Oceanfront Room% Luxury Oceanfront Suite% Garden-View Room% Ocean-View Room% Ocean-View One-Bedroom Suite% Ocean-View Two-Bedroom Suite% Two-Bedroom Plunge Pool Bungalow% Three-Bedroom Beachfront Villa Residence% Four-Bedroom Beachfront Villa Residence% Accessible Garden-View Room% The Ocean Club, by Design",,,Katarina,,
"Bahamas, The Ocean Club",3,3,3,3,Itinerary,Experiences,https://www.fourseasons.com/oceanclub/bahamas-three-day-itinerary/,200,Bahamas 3-day Travel Itinerary | Four Seasons,45,"Experience the best of the Bahamas in 3 days with our Ocean Club itinerary, from iconic pools and ocean adventures to rejuvenating yoga, tennis and spa indulgence.",163,"bahamas itinerary, bahamas 3 day itinerary",,Your 3-Day Bahamas Itinerary,Plan Your Bahamas Vacation with Four Seasons% Your Itinerary% Signature Moment,,,Katarina,,
"Bahamas, The Ocean Club",3,3,3,3,Dining,"Weddings, Wellness & Dining",https://www.fourseasons.com/oceanclub/dining/,200,Paradise Island Restaurants | Bahamas Fine Dining | The Ocean Club,66,"The Ocean Club offers a variety of fine dining experiences at its signature Paradise Island restaurants, from Mediterranean to French-Asian and seafood.",152,"paradise island restaurants, paradise island dining",,Paradise Island Restaurants & Dining% Paradise Island Restaurants & Dining% Paradise Island Restaurants & Dining,All Food and Drink% Events,,,Katarina,,
"Bahamas, The Ocean Club",3,3,3,3,Offers,Other,https://www.fourseasons.com/oceanclub/offers/,200,Bahamas Resort Packages & Offers | Paradise Island | Four Seasons,65,"The Ocean Club, A Four Seasons Resort, Bahamas, extends access to a variety of packages and offers – from Bed and Breakfast to Advance Purchase savings.",152,"
bahamas resort packages, bahamas offers",,Bahamas Resort Offers & Packages,Featured Offer,,,Katarina,,
"Bahamas, The Ocean Club",3,3,3,3,Photos & Videos,Other,https://www.fourseasons.com/oceanclub/photos-and-videos/,200,"Photos & Videos | The Ocean Club, A Four Seasons Resort",55,"Explore photos and videos of The Ocean Club, A Four Seasons Resort, Bahamas, highlighting its beachfront, serene ambiance, and luxury amenities.",144,bahamas photos,,Photos & Videos,Resort Overview% Accommodations,,,Katarina,,keyword missing location
"Bahamas, The Ocean Club",3,3,3,3,Christmas,Seasonal,https://www.fourseasons.com/oceanclub/seasonal/christmas/,200,"Bahamas Christmas Vacation & Celebration | Dinner, Cruise",57,"Celebrate Christmas in the Bahamas with festive traditions, dazzling parades, holiday cruises and island-inspired dinners for an unforgettable vacation.",152,"bahamas christmas, bahamas christmas vacation",,Christmas in the Bahamas,Join Us For The Holidays% Resort Highlight,,,Katarina,,
"Bahamas, The Ocean Club",3,3,3,3,New Year ,Seasonal,https://www.fourseasons.com/oceanclub/seasonal/new-year/,200,Bahamas New Year’s Day and Eve Celebrations | Cruise | Four Seasons,67,"Ring in the New Year in the Bahamas with dazzling parties, cruises, festive dinners and holiday packages for an unforgettable island celebration.",145,"bahamas new years, bahamas new year celebration",,New Year Celebration in the Bahamas,Join Us For The Holidays% Resort Highlight,,,Katarina,,
"Bahamas, The Ocean Club",3,3,3,3,Spring,Seasonal,https://www.fourseasons.com/oceanclub/seasonal/spring-break/,,,,,,"bahamas spring break, paradise island spring break",,,,,,Katarina,,
"Bahamas, The Ocean Club",3,3,3,3,Thanksgiving,Seasonal,https://www.fourseasons.com/oceanclub/seasonal/thanksgiving/,200,"Bahamas Thanksgiving Vacation | Cruise, Dinner | Four Seasons",61,"Celebrate Thanksgiving in the Bahamas with festive dinners, island traditions and holiday cruises for an unforgettable vacation.",128,bahamas thanksgiving,,Thanksgiving in the Bahamas,Join Us For The Holidays% Resort Highlight,,,Katarina,,
"Bahamas, The Ocean Club",3,3,3,3,Boat tours,Services & Amenities,https://www.fourseasons.com/oceanclub/services-and-amenities/boat-tours/,200,Bahamas Boat Tours | Private & Group Adventures | Four Seasons,62,Explore hidden beaches and vibrant cays with Bahamas boat tours arranged by Four Seasons. Book private or small-group adventures from Paradise Island.,150,"bahamas boat tours, private boat tours bahamas",,Bahamas Boat Tours,Tour Highlights% Why Cruise Paradise Island% Highlight,,,Katarina,,
"Bahamas, The Ocean Club",3,3,3,3,Tennis,Services & Amenities,https://www.fourseasons.com/oceanclub/services-and-amenities/tennis/,200,Tennis in the Bahamas | Courts & Lessons | Four Seasons Resort,62,"Enjoy world-class tennis at The Ocean Club, A Four Seasons Resort on Paradise Island, Bahamas. Play on three Har-Tru courts, with lessons and night play.",153,"bahamas tennis, bahamas tennis resorts",,Tennis in the Bahamas,Tennis Highlights% included% Services & Amenities,,,Katarina,,
"Bahamas, The Ocean Club",3,3,3,3,Spa & Wellness,"Weddings, Wellness & Dining",https://www.fourseasons.com/oceanclub/spa/,200,"Bahamas Spa on Paradise Island | Ocean Club, a Four Seasons Resort",66,"Unwind at the Resort’s luxury Bahamas spa – a garden sanctuary on Paradise Island offering a variety of massages, wellness rituals and salon services.",150,"bahamas spa, paradise island spa",,Bahamas Spa on Paradise Island,Hours% Favourites% Spa Services% Relaxation Experiences,,,Katarina,,
"Bahamas, The Ocean Club",3,3,3,3,Villas & Residences,Villas & Residences,https://www.fourseasons.com/oceanclub/villa-residence-rentals/,200,Bahamas Luxury Villa Vacation Rentals & Residences | Retreats,61,"Showcasing the refined elegance of a private island home, discover your oceanfront sanctuary in our luxury Villa Residences at Four Seasons, Ocean Club.",152,"bahamas villas, bahamas luxury villas
",,Villa & Residence Rentals% Villa & Residence Rentals% Explore accommodations,included% An elevated vacation experience% Special amenities for guests staying in a Beachfront Villa Residence within the Villa & Residence Rentals collection,,,Katarina,,
"Bahamas, The Ocean Club",3,3,3,3,Weddings,"Weddings, Wellness & Dining",https://www.fourseasons.com/oceanclub/weddings/,200,"Luxury Weddings on Paradise Island, Bahamas | Four Seasons Resort",65,"Say “I do” on Paradise Island in the Bahamas. The Ocean Club's storied history, elevated service and stunning scenery set the stage for your dream wedding.",155,"bahamas wedding, paradise island wedding
",,"Weddings on Paradise Island, Bahamas% Weddings on Paradise Island, Bahamas",REAL WEDDING EXPERIENCES IN THE BAHAMAS% WEDDING AND VOW RENEWAL SERVICES,,,Katarina,,
Bahrain Bay,2,2,2,2,Frontpage,Home,https://www.fourseasons.com/bahrain/,200,Bahrain Luxury Hotel | Bahrain Bay | Four Seasons Hotel in Manama,65,"Looking for a Luxury Resort in Bahrain? Discover our hotel in city center, Manama with stunning urban views and a beach escape on an exclusive island.",150,bahrain luxury hotel,,Bahrain Bay% Bahrain Bay% Bahrain Bay% Bahrain by Four Seasons% Residences available for purchase,Beach Escape in Luxury Hotel in Bahrain% Bahrain Hotel Accommodations% Discover Bahrain% Spa in Bahrain Bay% Join the conversation on social platforms – use #FSBAHRAIN,,,Alina Ghost,,
Bahrain Bay,2,2,2,2,Accommodations,Accommodation,https://www.fourseasons.com/bahrain/accommodations/,200,Luxury Bahrain Accommodation | Rooms & Suites | Four Seasons Hotel,66,Find luxury suites and rooms in Bahrain with breathtaking views of Arabian Gulf and Manama skyline at Bahrain Bay. Book your luxury accommodation today.,152,bahrain accommodation,,"Bahrain Accommodation, Rooms & Suites",Royal Suite% Presidential Suite% State Suite% Deluxe Suite% Executive Suite% Premier Room% Deluxe Room% Superior Room,,,Alina Ghost,,
Bahrain Bay,2,2,2,2,Dining,"Weddings, Wellness & Dining",https://www.fourseasons.com/bahrain/dining/,200,Bahrain Restaurants & Bars | Luxury Dining Experience in Bahrain Bay,68,"Dine in the best restaurants in Bahrain; offering eight restaurants & lounges in Bahrain Bay, Manama. Book now for luxury dining today.",135,bahrain restaurants,,Bahrain Dining% Bahrain Dining% Bahrain Dining,All Food and Drink% Events,,,Alina Ghost,,
Bahrain Bay,2,2,2,2,Offers,Other,https://www.fourseasons.com/bahrain/offers/,200,Bahrain Hotel Packages & Offers | Four Seasons Hotel Bahrain Bay,64,"Browse Bahrain hotel packages, room rate offers and more at Four Seasons Hotel Bahrain Bay. Experience world-class luxury at our exclusive hotel.",145,bahrain hotel packages,,Bahrain Hotel Offers & Packages,Featured Offer,,,Alina Ghost,,
Bahrain Bay,2,2,2,2,Experiences,Experiences,https://www.fourseasons.com/bahrain/experiences/,,Bahrain Experiences | Jarada Island & City Tours | Four Seasons,,Explore the best Bahrain experiences with Four Seasons – from Jarada island boat tours to Bahrain city tours and horse riding. Book today.,,bahrain experiences,,,,,,Alina Ghost,,
Bahrain Bay,2,2,2,2,Photos & Videos,Other,https://www.fourseasons.com/bahrain/photos-and-videos/,200,Bahrain Photos & Videos | Four Seasons Hotel in Bahrain Bay,59,Four Seasons Hotel Bahrain Bay presents a collection of photos and videos of this innovative luxury resort in the heart of the Kingdom's capital city.,150,bahrain photos ,,Photos & Videos,Hotel Overview% Accommodations% Dining,,,Alina Ghost,,
Bahrain Bay,2,2,2,2,Spa & Wellness,"Weddings, Wellness & Dining",https://www.fourseasons.com/bahrain/spa/,200,"Luxury Spa in Bahrain Bay | Gym, Massage, Facials & More",56,"Our Four Seasons Spa in Bahrain Bay invites you to indulge in luxury spa treatments, from relaxing massages to rejuvenating facials. Book today.",144,spa in bahrain,,Spa in Bahrain,HOURS% Favourites% Bahrain Spa Services% Wellness Services% Relaxation Experiences,,,Alina Ghost,,
Bahrain Bay,2,2,2,2,Family,Services & Amenities,https://www.fourseasons.com/bahrain/services-and-amenities/family/,,Family Hotel in Bahrain | Getaway with Children | Four Seasons,,Discover our family hotel in Bahrain & experience the ultimate getaway with a variety of amenities & children’s activities suitable for all ages.,,family hotel in bahrain ,,,,,,Alina Ghost,,
Bahrain Bay,2,2,2,2,Weddings,"Weddings, Wellness & Dining",https://www.fourseasons.com/bahrain/weddings/,200,Bahrain Weddings | Manama | Four Seasons Hotel Bahrain Bay,58,Four Seasons Hotel Bahrain Bay offers the perfect wedding destination in Bahrain featuring skyline views of Manama and ambiance of a luxury resort.,147,bahrain weddings ,,Bahrain Weddings% Bahrain Weddings,Real Bahrain Wedding Experiences% Wedding and Vow Renewal Services,,,Alina Ghost,,
Baku,1,2,2,2,Frontpage,Home,https://www.fourseasons.com/baku/,200,"Luxury Five-Star Hotel in Baku, Azerbaijan | Four Seasons Baku",62,Four Seasons Hotel Baku offers luxury accommodations and amenities on a waterfront promenade with spectacular views of the Caspian Sea or Old City.,147,5-star hotel baku | luxury hotel baku,hotel baku azerbaijan | old city hotel baku,Baku% Baku% Baku% Baku by Four Seasons,Timeless elegance at Our Luxury Hotel by the Caspian Sea% Accommodations% Discover Baku% Grand Events in the Segah Ballroom% #FSBAKU,,,Jelena,1,
Baku,1,2,2,2,Accommodations,Accommodation,https://www.fourseasons.com/baku/accommodations/,200,Baku Hotel Rooms and Suites | Accommodations in Baku | Four Seasons,67,Discover luxury Baku accommodations at Four Seasons. Choose from elegant rooms and suites with views of the Caspian Sea or the city’s historic heart.,149,baku hotel rooms | baku accommodation,baku accommodation,Suites & Rooms in Baku,Superior Residential-View Room% Deluxe Old City–View Room% Deluxe Park-View Room% Deluxe Caspian Sea–View Room% Premier Park-View Room% Executive Suite Residential View% Executive Suite Old City View% Executive Suite Park View% Promenade-View One-Bedroom Suite% Panoramic View Two-Bedroom Suite% Khazar Presidential Suite% Liman Royal Suite% Interior Design,,1,Jelena,1,
Baku,1,2,2,2,Dining,"Weddings, Wellness & Dining",https://www.fourseasons.com/baku/dining/,200,Best Baku Restaurant and Bar | Four Seasons,43,"Discover the best Baku restaurant and bar at our Four Seasons Hotel, from elegant bar dining and vibrant terrace dining to in-room experiences and afternoon tea.",161,"restaurants in baku | baku restaurants
",best restaurants in baku | best restaurants in baku old city,Baku Restaurant & Bar% Baku Restaurant & Bar% Baku Restaurant & Bar,All Food and Drink% The Team% Events,,1,Jelena,1,
Baku,1,2,2,2,Offers,Other,https://www.fourseasons.com/baku/offers/,200,Baku Vacation Packages & Offers | Four Seasons,46,"Discover tailored accommodation packages at Four Seasons, from Bed & Breakfast to exclusive experiences. Explore our offers in the heart of Baku.",145,baku vacation packages,,Baku Vacation Packages,Featured Offer,,1,Jelena,1,
Baku,1,2,2,2,Photos & Videos,Other,https://www.fourseasons.com/baku/photos-and-videos/,200,Baku Luxury Hotel Photos & Videos | Four Seasons Hotel Baku,59,"View photos and videos of Four Seasons Hotel Baku, a luxury five-star hotel in Baku, Azerbaijan.",96,baku azerbaijan images | baku pictures azerbaijan,,Photos & Videos,Hotel Overview% Accommodations% Dining,,1,Jelena,1,
Baku,1,2,2,2,Spa & Wellness,"Weddings, Wellness & Dining",https://www.fourseasons.com/baku/spa/,200,Luxury Spa in Baku | Four Seasons Hotel Baku Spa,48,"Relax at one of the best spas in Baku at our Four Seasons Hotel. Indulge in rejuvenating treatments, hammam rituals and serene wellness experiences in the heart of the city.",173,spa baku | spa in baku,best spa in baku,Spa in Baku,Hours% Favourites% Spa Services% Relaxation Experiences,,1,Jelena,1,
Baku,1,2,2,2,Weddings,"Weddings, Wellness & Dining",https://www.fourseasons.com/baku/weddings/,200,Baku Wedding Venues | Four Seasons Baku Weddings,48,Discover one of the most enchanting Baku wedding venues at Four Seasons Hotel Baku – where timeless architecture meets a romantic seaside setting.,146,"baku wedding | baku wedding venues
",four seasons baku wedding,Baku Weddings% Baku Weddings,Real Wedding Experiences% Wedding and Vow Renewal Services,,1,Jelena,1,
Bali Jimbaran Bay,2,2,2,2,Frontpage,Home,https://www.fourseasons.com/jimbaranbay/,200,Bali Beach Resort in Jimbaran Bay | Four Seasons,48,"Looking to vacation in Bali? Discover our Bali beach Resort in Jimbaran Bay with oceanfront villas, idyllic views and spa amenities.",132,bali beach resort,,Bali at Jimbaran Bay% Bali at Jimbaran Bay% Bali at Jimbaran Bay% BALI: UNPLUGGED & UNSCRIPTED% Jimbaran Bay by Four Seasons,Bali Beach Resort rooted in Balinese Heritage% Accommodations% Discover Jimbaran Bay% Sundara Beach Club% #FSBALI,,,Alina Ghost,,
Bali Jimbaran Bay,2,2,2,2,Accommodations,Accommodation,https://www.fourseasons.com/jimbaranbay/accommodations/,200,Luxury Bali Villas on the Beach | Jimbaran Bay Beach | Four Seasons,67,"Discover luxury Bali villas on the beach with private pools at Four Seasons, beachfront views and spa amenities to wash your worries away. Book today.",150,bali villas on the beach,,Bali Villas & Accommodations,Family Premier Villa% Premier Ocean Villa% Deluxe Villa% Jimbaran Bay Villa% Garden Villa% Imperial Three-Bedroom Villa% Royal Villa% Two-Bedroom Premier Ocean Villa% Two-Bedroom Jimbaran Bay Villa% Two-Bedroom Garden Villa% Four-Bedroom Premier Residence% Four-Bedroom Residence Villa% Three-Bedroom Residence Villa% Three-Bedroom Garden Residence Villa% Two-Bedroom Garden Residence Villa% View from our Guests% By Design,,,Alina Ghost,,
Bali Jimbaran Bay,2,2,2,2,Dining,"Weddings, Wellness & Dining",https://www.fourseasons.com/jimbaranbay/dining/,200,"Restaurants in Jimbaran Bay, Bali | Luxury Beach Dining | Four Seasons",70,"Discover restaurants in Jimbaran Bay at Four Seasons, boasting a sustainable bar and beachfront dining with authentic Balinese cuisine.",135,Restaurants in Jimbaran Bay,,Restaurants in Jimbaran Bay% Restaurants in Jimbaran Bay% Restaurants in Jimbaran Bay,All Food and Drink% Exceptional Dining% A Journey Through Flavours% #FSBALI,,,Alina Ghost,,
Bali Jimbaran Bay,2,2,2,2,Photos & Videos,Other,https://www.fourseasons.com/jimbaranbay/photos-and-videos/,200,Bali Photo | Bali Video | Bali Pictures | Four Seasons Jimbaran Bay,67,"Bali photo, Bali video and Bali pictures are listed for your information before you book Bali accommodation at Four Seasons Jimbaran Bay.",137,bali pictures,,Photos & Videos,Hotel Overview% Accommodations% Dining% Healing Village Spa,,,Alina Ghost,,
Bali Jimbaran Bay,2,2,2,2,Spa & Wellness,"Weddings, Wellness & Dining",https://www.fourseasons.com/jimbaranbay/spa/,200,"Jimbaran Bay Resort & Spa | Luxury Spa in Jimbaran Bay, Bali",60,Four Season Resort Bali Spa in Jimbaran Bay draws on Balinese traditions to nourish and heal the physical body. Book your luxury treatment today.,145,luxury spa in jimbaran bay,,The Healing Village Spa,HOURS% Favourites% Spa & Wellness Services% Relaxation Experiences,,,Alina Ghost,,
Bali Jimbaran Bay,2,2,2,2,Private Retreats,Private Retreats,https://www.fourseasons.com/jimbaranbay/villa-residence-rentals/,200,Luxury Bali Vacation Rentals | Villas & Retreats | Four Seasons,63,Discover our luxury Bali vacation rentals offering traditional villas that are perfect for families and romantic getaways alike. Book today.,140,Bali vacation rentals,,Villa & Residence Rentals% Villa & Residence Rentals% Explore accommodations,included% An elevated vacation experience,,,Alina Ghost,,
Bali Jimbaran Bay,2,2,2,2,Weddings,"Weddings, Wellness & Dining",https://www.fourseasons.com/jimbaranbay/weddings/,200,Bali Wedding Four Seasons | Beachfront Wedding Bali at Jimbaran Bay,67,"If you’re looking to celebrate with a beachfront wedding, then Four Seasons Resort Bali at Jimbaran Bay is the ideal Bali wedding location to proclaim your love.",161,bali wedding | beachfront wedding ,,Jimbaran Bay Weddings% Jimbaran Bay Weddings,Real Beachfront Wedding Experiences% Wedding and Vow Renewal Services,,,Alina Ghost,,
Bali Sayan,2,2,2,2,Frontpage,Home,https://www.fourseasons.com/sayan/,200,"Luxury Resort Ubud | 5-Star Resort in Ubud, Bali | Four Seasons",63,"If you’re looking for a 5-star luxury resort in Ubud, Bali, Four Seasons Bali at Sayan is a spiritual healing retreat overlooking lush jungle.",142,resort in ubud,,Bali at Sayan% Bali at Sayan% Bali at Sayan% BALI: UNPLUGGED & UNSCRIPTED% Sayan by Four Seasons,A RIVERSIDE VILLA RESORT IN BALI’S CULTURAL HEART% Accommodations% Discover Sayan% The Sacred River Spa% #FSBALI,,,Alina Ghost,,
Bali Sayan,2,2,2,2,Accommodations,Accommodation,https://www.fourseasons.com/sayan/accommodations/,200,Luxury Villas in Ubud & Suites | Bali Accommodations | Four Seasons,67,"Looking for luxury bedroom suites and villas in Bali? Discover our Resort with private pools, stunning views and spiritual healing retreat experiences.",151,luxury villas,,"Ubud Accommodations, Luxury Villas & Suites",One-Bedroom Suite% One-Bedroom Duplex Suite% Premier Duplex Suite% Family Suite% Family Suite Premier% Sayan Villa% Riverfront One-Bedroom Villa% One-Bedroom Villa% Royal Villa% River-View Two-Bedroom Villa% Two-Bedroom Villa% View from our Guests% Interior Design,,,Alina Ghost,,
Bali Sayan,2,2,2,2,Dining,"Weddings, Wellness & Dining",https://www.fourseasons.com/sayan/dining/,200,"Ubud Restaurants | Luxury Breakfast, Lunch & Dinner at Sayan",60,"Discover Balinese and Indonesian dining at our Ubud restaurants with a modern twist. Enjoy dishes for breakfast, lunch or dinner. Reserve your table today.",155,ubud restaurants,,Ubud Restaurants% Ubud Restaurants% Ubud Restaurants,All food and drink% Culinary Activities% Prix Fixe Menus% Breakfast% #FSBALI,,,Alina Ghost,,
Bali Sayan,2,2,2,2,Photos & Videos,Other,https://www.fourseasons.com/sayan/photos-and-videos/,200,Four Seasons Resort Bali at Sayan Photos | Beautiful Bali Pictures,66,"View beautiful Bali pictures amongst Four Seasons Resort Bali at Sayan photos and videos, our luxury Five-Star Resort just minutes from Ubud.",141,sayan photos,,Photos & Videos,Hotel Overview% Accommodations% Dining% Sacred River Spa,,,Alina Ghost,,
Bali Sayan,2,2,2,2,Spa & Wellness,"Weddings, Wellness & Dining",https://www.fourseasons.com/sayan/spa/,200,Luxury Spa in Ubud | Spa in Indonesia Bali | Four Seasons,57,"The Sacred River Spa is a luxury spa in Ubud, Bali, offering a serene, nurturing environment and blissful treatments. Book yours today.",135,spa in ubud,,The Sacred River Spa,HOURS% Favourites% Spa Services% Wellness Services% included% Fitness Hub% Meet the Team% Relaxation Experiences,,,Alina Ghost,,
Bali Sayan,2,2,2,2,Weddings,"Weddings, Wellness & Dining",https://www.fourseasons.com/sayan/weddings/,200,Bali Weddings in Ubud | Traditional & Forest Weddings at Four Seasons,69,"At Four Seasons Resort Bali at Sayan, find traditional and forest wedding experiences, bespoke Bali wedding packages, and idyllic jungle venues.",144,bali wedding ,,Bali Weddings% Bali Weddings,Real Bali Wedding Experiences% Wedding and Vow Renewal Services,,,Alina Ghost,,
Baltimore,2,2,2,2,Frontpage,Home,https://www.fourseasons.com/baltimore/,200,Baltimore Luxury Hotel | Inner Harbor | Four Seasons Baltimore,62,"Visit Four Seasons Hotel Baltimore, a Baltimore luxury hotel presenting a resort-like getaway in the heart of Baltimore’s vibrant Harbor East district.",151,"baltimore luxury hotel
baltimore harbor hotels
","hotels in harbor east baltimore
hotels baltimore harbor east
hotels in baltimore inner harbor",Baltimore% Baltimore% Baltimore% Baltimore by Four Seasons% Residences available for purchase,A Sophisticated Urban Retreat in Baltimore’s Harbor East% Discover Baltimore% Experiences for All Ages% #FSBALTIMORE,,,Owain,,
Baltimore,2,2,2,2,Accommodations,Accommodation,https://www.fourseasons.com/baltimore/accommodations/,200,Baltimore Hotel Suites | Luxury Hotel Rooms | Four Seasons Baltimore,68,"Four Seasons Hotel Baltimore offers a variety of Baltimore hotel suites and rooms with magnificent vistas of the harbour, skyline and surrounding districts.",156,"
baltimore hotel suites
baltimore rooms",baltimore suites,Baltimore Hotel Suites & Rooms,Premier Harbour-View Room% Harbour-View Balcony Room% Harbour-View Room% Balcony Room% City-View Room% Harbour Suite% Lighthouse Suite% Executive Suite with Harbour View% Executive Suite with Fountain View% Presidential Suite% Admiral Suite% Serene Suite% City-View Accessible Room% Harbour-View Accessible Room,,1,Owain,,
Baltimore,2,2,2,2,Dining,"Weddings, Wellness & Dining",https://www.fourseasons.com/baltimore/dining/,200,Fine Dining Baltimore | Upscale Restaurants Baltimore | Four Seasons Hotel,74,"Discover Harbor East restaurants at Four Seasons Baltimore, featuring fine dining Baltimore experiences from seaside classics to poolside and in-room meals.",156,"fine dining Baltimore
upscale restaurants in baltimore","harbor east restaurants
",Fine Dining Baltimore% Fine Dining Baltimore% Fine Dining Baltimore,All Food and Drink% Events,,,Owain,,
Baltimore,2,2,2,2,Offers,Other,https://www.fourseasons.com/baltimore/offers/,200,Baltimore Hotel Packages & Offers | Four Seasons Hotel Baltimore,64,Four Seasons presents a variety of Baltimore hotel packages and offers – from Bed and Breakfast to Third Night Free and Advance Purchase.,137,baltimore hotel packages | hotel offers baltimore,Baltimore luxury hotel packages and offers,Baltimore Hotel Offers & Packages,Featured Offer,,,Owain,,
Baltimore,2,2,2,2,Photos & Videos,Other,https://www.fourseasons.com/baltimore/photos-and-videos/,200,Baltimore Luxury Hotel Photos & Videos | Four Seasons Baltimore,63,Four Seasons Hotel Baltimore presents a photo and video collection of this five-star luxury hotel in the heart of Baltimore's Harbor East neighborhood.,151,Baltimore photos | videos,,Photos & Videos,Hotel Overview% Accommodations% Spa% Dining,,,Owain,,
Baltimore,2,2,2,2,New Year ,Seasonal,https://www.fourseasons.com/baltimore/seasonal/new-year/,200,New Year's Eve in Baltimore | Four Seasons Hotel Baltimore,58,Celebrate New Years Eve in Baltimore in style at Four Seasons Hotel Baltimore.,78,new years eve in baltimore,,New Year's Eve in Baltimore,,1,1,Owain,,
Baltimore,2,2,2,2,Valentines Day,Seasonal,https://www.fourseasons.com/baltimore/seasonal/valentines-day/,200,Valentine's Day in Baltimore | Four Seasons Hotel Baltimore,59,"Celebrate love all February long at Four Seasons Hotel Baltimore with romantic dining, luxurious stays and rejuvenating spa experiences",135,valentines day in baltimore,,Valentine’s Day in Baltimore,,1,1,Owain,,
Baltimore,2,2,2,2,Pools,Other,https://www.fourseasons.com/baltimore/services-and-amenities/pools/,200,Baltimore Hotel with Pools | Four Seasons Hotel Baltimore,57,"For those seeking a Baltimore hotel with pools, look no further than Four Seasons Hotel Baltimore.",98,baltimore hotel with pools,"rooftop pool baltimore
baltimore hotel pool",Baltimore Hotel Pool,Waterfront Amenities% Infinity-Edge Pool% Cabana Hours% Splash Pool Bar & Grill Hours% Pool Services & Amenities% Views From Our Guests,1,1,Owain,,
Baltimore,2,2,2,2,Spa & Wellness,"Weddings, Wellness & Dining",https://www.fourseasons.com/baltimore/spa/,200,"Baltimore Spa | Massage, Facials & Hair Salon | Four Seasons Hotel",66,"Discover ultimate relaxation at The Spa at Four Seasons Hotel Baltimore, a luxury Baltimore spa offering treatments such as massages and facials.",145,baltimore spa,,Baltimore Spa,HOURS% FAVOURITES% Spa Facility Inclusions% Spa Services% Wellness Services% Relaxation Experiences,,,Owain,,
Baltimore,2,2,2,2,Weddings,"Weddings, Wellness & Dining",https://www.fourseasons.com/baltimore/weddings/,200,Baltimore Weddings | Four Seasons Hotel Baltimore,49,Discover a unique wedding experience with harbour views and curated packages. Experience an unforgettable Baltimore wedding at Four Seasons Hotel Baltimore.,156,"
baltimore weddings",baltimore wedding,Baltimore Weddings% Baltimore Weddings,REAL BALTIMORE WEDDING EXPERIENCES% Wedding and Vow Renewal Services,,,Owain,,
Bangkok,2,2,3,3,Frontpage,Home,https://www.fourseasons.com/bangkok/,200,Bangkok Luxury Hotel | Four Seasons Bangkok at Chao Phraya River,64,"Four Seasons Hotel Bangkok at Chao Phraya River is a Bangkok luxury hotel offering luxe accommodations, inventive cuisine & sweeping views in the city’s vibrant creative district.",179,"bangkok luxury hotel
luxury hotel bangkok",riverside hotel bangkok,Bangkok at Chao Phraya River% Bangkok at Chao Phraya River% Bangkok at Chao Phraya River% Bangkok By Four Seasons% Residences available for purchase,A Riverside Urban Resort in the Heart of Bangkok% Accommodations% Discover Bangkok% DINING DESTINATION% #FSBANGKOK,,,Owain,,
Bangkok,2,2,3,3,Accommodations,Accommodation,https://www.fourseasons.com/bangkok/accommodations/,200,Luxury Hotel Rooms and Suites Bangkok | Large Hotel Suites,58,"Four Seasons Hotel Bangkok at Chao Phraya River offers a variety of luxury rooms & suites featuring sophisticated design, river views and more.",143,"luxury suites bangkok, luxury bangkok hotel rooms",bangkok suite hotel,Bangkok Hotel Rooms & Suites,Deluxe Room% Deluxe Palm Court Room% Deluxe River-View Room% Premier River-View Room% Premier Balcony Room% Four Seasons Family Room% Four Seasons River-View Room% Four Seasons River-View Terrace Room% Executive Suite% Balcony Suite% Deluxe River-View Two-Bedroom Suite% Riverside Terrace Suite% Chao Phraya Terrace Two-Bedroom Suite% Riverfront Penthouse% Interior Design,,1,Owain,,
Bangkok,2,2,3,3,Dining,"Weddings, Wellness & Dining",https://www.fourseasons.com/bangkok/dining/,200,Bangkok Restaurants & Riverside Fine Dining | Four Seasons,58,"Experience exceptional Bangkok restaurants and fine dining by the Chao Phraya River at Four Seasons, featuring French, Cantonese and Italian cuisine.",149,"bangkok restaurants
bangkok fine dining",bangkok river dining,Bangkok Restaurants & Fine Dining% Bangkok Restaurants & Fine Dining% Bangkok Restaurants & Fine Dining,All Food and Drink% Meet The Team,,,Owain,,
Bangkok,2,2,3,3,Dining ,"Weddings, Wellness & Dining",https://www.fourseasons.com/bangkok/dining/lounges/bkk-social-club/,,,,,,cocktail bar in bangkok,,,,,,GG,,
Bangkok,2,2,3,3,Dining ,"Weddings, Wellness & Dining",https://www.fourseasons.com/bangkok/dining/restaurants/palmier-by-guillaume-galliot/,,,,,,french restaurant bangkok,,,,,,GG,,
Bangkok,2,2,3,3,Dining ,"Weddings, Wellness & Dining",https://www.fourseasons.com/bangkok/dining/restaurants/riva-del-fiume-ristorante/,,,,,,italian restaurant in bangkok,,,,,,GG,,
Bangkok,2,2,3,3,Dining ,"Weddings, Wellness & Dining",https://www.fourseasons.com/bangkok/dining/restaurants/yu-ting-yuan/,,,,,,chinese restaurant bangkok,,,,,,GG,,
Bangkok,2,2,3,3,Experiences,Experiences,https://www.fourseasons.com/bangkok/experiences/,200,Luxury Tours and Activities in Bangkok with Four Seasons Hotel,62,"Embark on luxury Bangkok tours with Four Seasons. Dive into vibrant culture, iconic sights and unforgettable activities tailored just for you.",142,"
bangkok luxury tours, activities in bangkok",things to do in bangkok,Experiences,Local Experiences% Wellness Activities,,1,Owain,,
Bangkok,2,2,3,3,Offers,Other,https://www.fourseasons.com/bangkok/offers/,200,Bangkok Hotel Offers & Vacation Packages | Four Seasons,55,"Four Seasons Hotel Bangkok at Chao Phraya River offers a range of packages and offers, including Advance Purchase, Bed and Breakfast and more.",142,"
bangkok hotel offers",,Bangkok Hotel Offers & Packages,Featured Offer,,,Owain,,
Bangkok,2,2,3,3,Photos & Videos,Other,https://www.fourseasons.com/bangkok/photos-and-videos/,200,Bangkok Luxury Hotel Photos & Videos | Four Seasons Hotel Bangkok,65,"Four Seasons Hotel Bangkok at Chao Phraya River invites you to browse a photo and video collection of our luxury accommodations, spa, and wellness center.",154,bangkok luxury hotel photos & videos,,Photos & Videos,Hotel Overview% Accommodations% Spa and Wellness% Dining,,,Owain,,
Bangkok,2,2,3,3,Songkran Page,Other,https://www.fourseasons.com/bangkok/seasonal/easter-and-songkran/,,,,,,songkran bangkok,,,,1,1,GG,,
Bangkok,2,2,3,3,Spa & Wellness,"Weddings, Wellness & Dining",https://www.fourseasons.com/bangkok/spa/,200,Bangkok Spa | Urban Wellness Centre | Four Seasons Hotel Bangkok,64,"Discover an oasis of holistic wellness at our Bangkok Spa and Urban Wellness Centre, a sanctuary amid the bustling city with state-of-the-art spa facilities.",157,"bangkok spa
",,Bangkok Spa% Bangkok Spa% Bangkok Spa,"Wellness for body, mind and work% Massages% Hours% Seasonal offers% Meet The Team% Spa and Wellness Experiences% Enhance your experience",,,Owain,,
Bangkok,2,2,3,3,Weddings,"Weddings, Wellness & Dining",https://www.fourseasons.com/bangkok/weddings/,200,Riverside Weddings Bangkok | Four Seasons Hotel Bangkok at Chao Phraya River,76,Celebrate your love at our urban oasis in the heart of Bangkok. Four Seasons Hotel Bangkok at Chao Phraya River offers an unrivalled Bangkok wedding experience.,160,"bangkok weddings, bangkok wedding hotel
",riverside wedding bangkok ,Bangkok Weddings% Bangkok Weddings,Real Wedding Experiences% Wedding and Vow Renewal Services,,1,Owain,,
Bangkok,2,2,3,3,Family page ,Services & amenities,https://www.fourseasons.com/bangkok/services-and-amenities/family/,,,,,,"family friendly hotel in bangkok, family hotel bangkok",,,,,2,GG,,
Beijing,1,2,2,2,Frontpage,Home,https://www.fourseasons.com/beijing/,200,Beijing Luxury Hotel | Chaoyang District | Four Seasons Hotel,61,"Visit Four Seasons Hotel Beijing, a tranquil luxury hotel located within the Yansha area of the Central Business District, close to the Third Embassy Precinct in northeastern Chaoyang.",184,"beijing luxury hotel, beijing hotel",,Beijing% Beijing% Beijing% Beijing By Four Seasons,A tranquil haven in Beijing’s business district% Accommodations% Discover Beijing% Holistic Well-being% #FSBEIJING,,,,,
Beijing,1,2,2,2,Accommodations,Accommodation,https://www.fourseasons.com/beijing/accommodations/,200,Beijing Suites & Rooms | Luxury Accommodations | Four Seasons,61,Discover luxury suites and rooms at Four Seasons Hotel Beijing with city skyline and Liangma River views. Book your stay in the Chaoyang district today.,152,"beijing suites, beijing rooms","beijing suite hotel, luxury accommodation beijing",Luxury Suites and Hotel Rooms in Beijing,Premier Room Skyline View% Deluxe Room City View% Four Seasons Room% Club Room City View% Club Room River View% Ambassador Suite City View% Ambassador Suite River View% Ambassador Suite Skyline View% Imperial Suite% Chairman Suite% Beijing Suite% Little Prince Theme Suite% Terrace Suite% Interior Design,,,,,
Beijing,1,2,2,2,Dining,"Weddings, Wellness & Dining",https://www.fourseasons.com/beijing/dining/,200,Beijing Restaurants | Fine Dining | Four Seasons Hotel Beijing,62,"Discover some of the best restaurants in Beijing at Four Seasons. Savour fine dining, Cantonese cuisine, Italian favourites and afternoon tea.",142,"beijing restaurants, beijing dining",,Beijing Restaurants% Beijing Restaurants% Beijing Restaurants,All Food and Drink% Prix Fixe Menus% Meet The Team,,,,,
Beijing,1,2,2,2,Experiences,Experiences,https://www.fourseasons.com/beijing/experiences/,200,Four Seasons Hotels and Resorts | Luxury Hotels | Four Seasons | Experiences,76,Experiences,11,"beijing tours, beijing luxury tours ",beijing experiences,Experiences,,,,,,
Beijing,1,2,2,2,Offers,Other,https://www.fourseasons.com/beijing/offers/,200,Beijing Hotel Special Offers & Vacation Packages | Four Seasons,63,Experience luxury at Four Seasons Hotel Beijing with special offers and up to 20% off. Enjoy exclusive packages and world-class service. Book today.,148,"beijing hotel offers, beijing holiday packages",beijing vacation packages,Beijing Hotel Offers & Packages,Featured Offer,,,,,
Beijing,1,2,2,2,Photos & Videos,Other,https://www.fourseasons.com/beijing/photos-and-videos/,200,Four Seasons Hotels and Resorts | Luxury Hotels | Four Seasons | Photos & Videos,80,Check out photos and videos at Four Seasons Hotel Beijing and start the journey of this magnificent destination.,112,"beijing photos, beijing videos",,Photos & Videos,Hotel Overview% Services & Amenities% Accommodations% Dining,,,,,
Beijing,1,2,2,2,Spa & Wellness,"Weddings, Wellness & Dining",https://www.fourseasons.com/beijing/spa/,200,Beijing Spa | Luxury Spa Hotel | Four Seasons Hotel Beijing,59,"Unwind at our Spa in Beijing, China. Experience luxury treatments, soothing rituals and holistic wellness at Four Seasons Hotel Beijing.",136,"beijing spa, spa hotel beijing",,Beijing Spa,Hours% Favourites% Spa Services% Wellness Services% Relaxation Experiences,,,,,
Beijing,1,2,2,2,Spa & Wellness,"Weddings, Wellness & Dining",https://www.fourseasons.com/beijing/spa/massages/,,,,,,"beijing massage spa, beijing massage",,,,,,GG,,
Beijing,1,2,2,2,Weddings,"Weddings, Wellness & Dining",https://www.fourseasons.com/beijing/weddings/,200,Beijing Weddings | Four Seasons Hotel Beijing,45,Four Seasons Hotel Beijing is the perfect location for your dream wedding offering a tranquil haven in the capital city's prestigious Chaoyang district.,152,"beijing wedding, beijing wedding hotel ",,Beijing Weddings% Beijing Weddings,Real Wedding Experiences,,,,,
Bengaluru,1,0,2,2,Frontpage,Home,https://www.fourseasons.com/bengaluru/,200,"Luxury Hotel in Bangalore, India | Four Seasons Bengaluru Embassy ONE",69,"Experience luxury in the heart of Bangalore, India at Four Seasons Hotel Bengaluru at Embassy ONE, ideal for business stays and unforgettable family vacations.",159,luxury hotels in bangalore | luxury hotels in bengaluru,bangalore hotels,Bengaluru at Embassy ONE% Bengaluru at Embassy ONE% Bengaluru at Embassy ONE% BENGALURU BY FOUR SEASONS% Residences available for purchase,A Luxury Business Hotel in the Heart of Bangalore% ACCOMMODATIONS% Discover Bengaluru% A journey of Asian flavours,1,,Shruti,,
Bengaluru,1,0,2,2,Accommodations,Accommodation,https://www.fourseasons.com/bengaluru/accommodations/,200,Luxury Rooms in Bangalore | Four Seasons Bengaluru at Embassy ONE,65,Discover unparalleled comfort and privacy in our stylish and well-appointed guest rooms. Book now for a tranquil getaway during your stay with us.,146,hotel rooms in bangalore | suite rooms in bangalore,,Accommodations,Deluxe Room% Premier Room% Club Room% Executive Cityscape Suite% Executive Corner Suite% Garden Suite% Presidential Suite% Imperial Suite% Garden Deluxe Suite,1,,Shruti,,
Bengaluru,1,0,2,2,Dining,"Weddings, Wellness & Dining",https://www.fourseasons.com/bengaluru/dining/,200,Fine-Dining Restaurants in Bangalore | Four Seasons at Embassy ONE,66,"Elevate your fine-dining experience in Bangalore at Four Seasons, home to award-winning luxury restaurants and bars, ideal for celebrations with loved ones.",156,restaurants in bangalore | fine dining restaurants in bangalore,luxury restaurants in bangalore,Fine-Dining Restaurants in Bangalore% Fine-Dining Restaurants in Bangalore% Fine-Dining Restaurants in Bangalore,All Food and Drink% Meet the Team% Events,1,,Shruti,,
Bengaluru,1,0,2,2,Experiences,Experiences,https://www.fourseasons.com/bengaluru/experiences/,200,Things To Do In Bangalore City | Four Seasons Hotel Bengaluru,61,"Discover exciting things to do in Bangalore city with Four Seasons. Explore top tourist attractions, vibrant local culture and a day trip to Mysore.",148,things to do in bangalore city,,Experiences,Local Experiences,1,,Shruti,,
Bengaluru,1,0,2,2,Offers,Other,https://www.fourseasons.com/bengaluru/offers/,200,Luxury Stay Packages & Hotel Offers in Bangalore | Four Seasons,63,Enjoy a luxury stay in Bangalore with special offers and packages at Four Seasons Hotel Bengaluru. Book now to get our best room rates and bespoke packages.,156,hotel offers in bangalore | hotel packages in bangalore,best hotel offers in bangalore,Bangalore Hotel Offers & Packages,Featured Offer,1,,Shruti,,
Bengaluru,1,0,2,2,Photos & Videos,Other,https://www.fourseasons.com/bengaluru/photos-and-videos/,200,Bengaluru Luxury Hotel Photos & Videos | Four Seasons Embassy ONE,65,Four Seasons Hotel Bengaluru at Embassy ONE presents a photo and video collection of our luxury Hotel in the heart of India’s high-tech capital.,144,bengaluru hotel photos,,,Hotel Overview,1,,Shruti,,
Bengaluru,1,0,2,2,Seasonal,Seasonal,https://www.fourseasons.com/bengaluru/seasonal/,200,Christmas and New Year Celebrations in Bangalore | Four Seasons,63,"Celebrate Christmas and New Year’s at Four Seasons Hotel Bengaluru. Enjoy festive dining experiences, countdown parties and special offers in Bangalore.",152,christmas in bangalore | new year in bangalore,,Christmas and New Year Celebrations in Bengaluru,More Culinary Highlights% included% Festive Season at Four Seasons% Featured Accommodation,,,Shruti,,
Bengaluru,1,0,2,2,Spa & Wellness,"Weddings, Wellness & Dining",https://www.fourseasons.com/bengaluru/spa/,200,Luxury Spa in Bangalore | Four Seasons at Embassy ONE,53,Relax in luxury at Infuse Spa in Bangalore with curated treatments and massages by our expert therapists. Book now for a deeply renewing escape.,144,spa in bangalore | luxury spa in bangalore,luxury spa bengaluru,Luxury Spa in Bangalore,A temple of well-being% Hours% Favourites% Spa Services% Relaxation Experiences,1,,Shruti,,
Bengaluru,1,0,2,2,Weddings,"Weddings, Wellness & Dining",https://www.fourseasons.com/bengaluru/weddings/,200,Wedding Hotel in Bangalore – Venues & Packages | Four Seasons,61,"Craft your dream wedding at our elegant venues. With high-end services and cuisines, a Four Seasons wedding offers perfection. Let’s make it unforgettable.",155,wedding venues in bangalore | wedding hotels in bangalore,destination wedding in bangalore,Bengaluru Weddings% Bengaluru Weddings,REAL WEDDING EXPERIENCES% WEDDING AND VOW RENEWAL SERVICES,1,,Shruti,,
Beverly Wilshire,3,2,2,2,Frontpage,Home,https://www.fourseasons.com/beverlywilshire/,200,"Luxury Hotels in Beverly Hills | Beverly Wilshire, A Four Seasons Hotel",71,"Beverly Wilshire, A Four Seasons Hotel is a landmark of history and glamour just steps from Rodeo Drive. Fine dining and more in this luxury Beverly Hills hotel.",161,"beverly wilshire a four seasons hotel
beverly wilshire hotel

","luxury hotels in beverly hills
beverly hills hotels 5-star
5-star hotels in los angeles
luxury hotels los angeles","Beverly Wilshire, A Four Seasons Hotel% Beverly Wilshire, A Four Seasons Hotel% Beverly Wilshire, A Four Seasons Hotel% Beverly Hills by Four Seasons","Timeless glamour, approachable luxury and world-class service meet in the heart of Beverly Hills% Accommodations% Discover Beverly Wilshire, A Four Seasons Hotel% The Pool% #BEVERLYWILSHIRE",,,Owain,1,
Beverly Wilshire,3,2,2,2,Accommodations,Accommodation,https://www.fourseasons.com/beverlywilshire/accommodations/,200,"Beverly Hills Hotel Suites | Beverly Wilshire, A Four Seasons Hotel",67,"Beverly Wilshire, A Four Seasons Hotel, a luxury hotel in Beverly Hills, offers elegant Beverly Hills hotel suites and rooms.",125,beverly hills hotel suites,beverly hills suites,Accommodations,BW Studio Suite% Rodeo View Studio Suite% Signature Balcony Room% Signature Room% One-Bedroom Corner Beverly Suite% One-Bedroom Rodeo View Suite% One-Bedroom Beverly Suite with Balcony and View% One-Bedroom Wilshire Suite% One-Bedroom Beverly Suite% Two-Bedroom Wilshire Suite% Two-Bedroom Beverly Suite% Veranda Suite% Penthouse Suite% Wilshire Presidential Suite% Beverly Presidential Suite% Governor Suite% Ambassador Suite% Accessible BW Studio Suite% Accessible Rodeo View Studio Suite% Accessible Corner Beverly Suite% Accessible One-Bedroom Beverly Suite% By Design,,,Owain,1,
Beverly Wilshire,3,2,2,2,Accommodations,Accommodation,https://www.fourseasons.com/beverlywilshire/accommodations/specialty_suites/penthouse_suite/,200,"Beverly Hills Penthouses | Beverly Wilshire, A Four Seasons Hotel",65,"Experience Hollywood luxury in a Penthouse Suite at Beverly Wilshire, <span style='font-size: .8em;'>A Four Seasons Hotel</span>. Book now for LA views from the terrace, media room and more.",190,beverly hills penthouses,penthouse suite los angeles,Penthouse Suite,GALLERY% Explore Your Retreat% Details% Features,,,Owain,1,
Beverly Wilshire,3,2,2,2,Dining,"Weddings, Wellness & Dining",https://www.fourseasons.com/beverlywilshire/dining/,200,"Beverly Hills Fine Dining | Beverly Wilshire, A Four Seasons Hotel",66,"Beverly Wilshire, A Four Seasons Hotel in Beverly Hills features exquisite Beverly Hills fine dining including Wolfgang Puck's CUT steakhouse, CUT Lounge and more.",163,"beverly hills fine dining
upscale dining beverly hills","fine dining los angeles
dining experience los angeles
beverly hills private dining",Dining% Dining% Dining,All Food and Drink% Meet the Team% #BEVERLYWILSHIRE,,1,Owain,1,
Beverly Wilshire,3,2,2,2,Experiences,Experiences,https://www.fourseasons.com/beverlywilshire/experiences/,200,"Private Luxury Experiences in LA | Beverly Wilshire, A Four Seasons Hotel",73,"Let our expert concierge team at Beverly Wilshire, <span style='font-size: .8em;'>A Four Seasons Hotel</span>, to craft a unique, private luxury experience in LA for your once in a lifetime adventure.",200,"
luxury experiences in la",things to do in beverly hills,Experiences,,,1,Owain,1,
Beverly Wilshire,3,2,2,2,Experiences,Experiences,https://www.fourseasons.com/beverlywilshire/experiences/pretty-woman-for-a-day/,200,"Pretty Woman For a Day | Beverly Wilshire, A Four Seasons Hotel",63,"Be the star of your own love story at Beverly Wilshire, <span style='font-size: .8em;'>a Four Seasons Hotel</span>, the primary filming location for the filming of Pretty Woman.",177,"hotel in pretty woman
pretty woman hotel

",where was pretty woman filmed,“Pretty Woman” for a Day,,,,Owain,1,
Beverly Wilshire,3,2,2,2,Offers,Other,https://www.fourseasons.com/beverlywilshire/offers/,200,"Beverly Hills Hotel Packages & Offers | Beverly Wilshire, Four Seasons",70,"Beverly Wilshire, a Four Seasons Hotel, features a variety of hotel packages & offers. Experience history and glamour in this iconic Beverly Hills hotel.",153,beverly hills hotel packages,beverly hills hotel offers,Beverly Hills Hotel Offers & Packages,Featured Offer,,,Owain,1,
Beverly Wilshire,3,2,2,2,Photos & Videos,Other,https://www.fourseasons.com/beverlywilshire/photos-and-videos/,200,"Beverly Hills Hotel Photos | Beverly Wilshire, A Four Seasons Hotel",67,"Beverly Wilshire, A Four Seasons Hotel, presents a collection of photos and videos of this luxury five-star property in the heart of Beverly Hills.",147,beverly hills hotel photos,,Photos & Videos,Hotel Overview% Accommodations% Dining% Destination,,,Owain,1,
Beverly Wilshire,3,2,2,2,New Year,Seasonal,https://www.fourseasons.com/beverlywilshire/seasonal/new-year/,,,,,,new year's eve in beverly hills,,,,,,,,
Beverly Wilshire,3,2,2,2,Thanksgiving,Seasonal,https://www.fourseasons.com/beverlywilshire/seasonal/thanksgiving/,,,,,,thanksgiving in beverly hills,,,,,,,,
Beverly Wilshire,3,2,2,2,Family,Services & amenities,https://www.fourseasons.com/beverlywilshire/services-and-amenities/family/,200,"Family-Friendly Hotel in Beverly Hills | Beverly Wilshire, A Four Seasons Hotel",79,"Explore the wide array of family-friendly luxury accommodations and experiences available at Beverly Wilshire, <span style='font-size: .8em;'>A Four Seasons Hotel</span>.",170,family friendly-hotel in beverly hills,,Family-Friendly Hotel in Beverly Hills,included% Experience Beverly Hills as a Family% Spacious Accommodations,,,Owain,,
Beverly Wilshire,3,2,2,2,Pools,Services & amenities,https://www.fourseasons.com/beverlywilshire/services-and-amenities/pools/,200,"Beverly Hills Hotel Pool | Beverly Wilshire, A Four Seasons Hotel",65,Take a dip in our rooftop pool with a refreshing drink or upgrade to a luxurious poolside cabana for the ultimate Beverly Hills hotel pool experience.,150,beverly hills hotel pool,beverly hills hotel swimming pool,Beverly Hills Hotel Pool,HOURS,Y,,Owain,,
Beverly Wilshire,3,2,2,2,Spa & Wellness,"Weddings, Wellness & Dining",https://www.fourseasons.com/beverlywilshire/spa/,200,"Beverly Hills Spa | Beverly Wilshire, A Four Seasons Hotel",58,"Revitalize at our Forbes 5-Star Spa in Beverly Hills. Book now for tailored treatments and elite skincare at Beverly Wilshire, <span style='font-size: .8em;'>A Four Seasons Hotel</span>.",186,"
beverly hills spa
",spa in beverly hills,Beverly Hills Spa,Hours% Awards% Favourites% Spa Services% Meet the Team% Relaxation Experiences,,1,Owain,1,
Beverly Wilshire,3,2,2,2,Spa & Wellness,"Weddings, Wellness & Dining",https://www.fourseasons.com/beverlywilshire/spa/massages/,200,"Massage Beverly Hills | Luxury Spa Los Angeles | Beverly Wilshire, A Four Seasons Hotel",87,"Beverly Wilshire, A Four Seasons Hotel, offers a variety of massage treatments in the heart of Beverly Hills from Deep Tissue to Swedish, Maternal and more.",156,massage beverly hills,,Massages,,,,Owain,1,
Beverly Wilshire,3,2,2,2,Weddings,"Weddings, Wellness & Dining",https://www.fourseasons.com/beverlywilshire/weddings/,200,"Wedding Beverly Hills Hotel | Beverly Wilshire, A Four Seasons Hotel",68,"Celebrate your dream Beverly Hills wedding at Beverly Wilshire, <span style='font-size: .8em;'>A Four Seasons Hotel</span>. Say ‘I do' on a lush outdoor terrace with stunning Rodeo Drive views.",193,"wedding beverly hills hotel
beverly hills weddings

",beverly hills wedding venue,Weddings% Weddings,REAL WEDDING EXPERIENCES% Wedding Services,,,Owain,1,
Bogota,1,1,1,1,Frontpage,Home,https://www.fourseasons.com/bogota/,200,Bogota Hotel | Luxury Hotel in Colombia | Four Seasons Hotel Bogota,67,"Four Seasons Hotel Bogota invites you to discover luxury accommodations with contemporary flare, vibrant fine dining, and signature Four Seasons service.",153,luxury hotel bogota​ | zona t bogota hotels​,"
",Bogotá% Bogotá% Bogotá% Bogota by Four Seasons,Modern luxury in the capital of cool% Accommodations% Discover Bogotá% An Urban Retreat,,,,,
Bogota,1,1,1,1,Accommodations,Accommodation,https://www.fourseasons.com/bogota/accommodations/,200,Luxury Hotel Suites Bogota | Four Seasons Hotel Bogota,54,Four Seasons Hotel Bogota offers a variety of luxury suites and guest rooms to enhance your stay in the Colombia capital.,121,bogota accommodation | hotel bogota suite,hotel luxury suites bogota | luxury suites bogota,Bogota Accommodations,Grand Premier Room% Deluxe Room% Superior Room% One-Bedroom Premier Suite% One-Bedroom Suite% Executive Suite% Penthouse Suite% By Design,,,,,
Bogota,1,1,1,1,Dining,"Weddings, Wellness & Dining",https://www.fourseasons.com/bogota/dining/,200,Bogota Restaurants | Zona T | Four Seasons Hotel Bogota,55,Four Seasons Hotel Bogota offers exquisite dining options to complement your stay including Kuru Japanese Restaurant and Biblioteca for breakfast.,146,fine dining bogota | zona rosa restaurants​,bogota dining​ | zona rosa dining​,Bogota Fine Dining% Bogota Fine Dining% Bogota Fine Dining,All Food and Drink% Culinary Activities,,,,,Second keyword missing location
Bogota,1,1,1,1,Experiences,Experiences,https://www.fourseasons.com/bogota/experiences/,200,Four Seasons Hotels and Resorts | Luxury Hotels | Four Seasons | Experiences,76,Experiences,11,,,Experiences,Local Experiences,,,,,Empty field
Bogota,1,1,1,1,Offers,Other,https://www.fourseasons.com/bogota/offers/,200,Bogota Hotel Packages & Offers | Four Seasons,45,"Explore room packages at Four Seasons Hotel Bogota. Enjoy luxurious accommodations, personalized service and the capital’s vibrant culture.",139,,,Bogota Hotel Offers & Packages,Featured Offer,,,,,Empty field
Bogota,1,1,1,1,Photos & Videos,Other,https://www.fourseasons.com/bogota/photos-and-videos/,200,Luxury Hotel Photos & Videos | Four Seasons Hotel Bogota,56,"View photos and videos of Four Seasons Hotel Bogota, a luxury, five-star accommodation.",87,,,Photos & Videos,Hotel Overview% Accommodations% Dining,,,,,Empty field
Bogota,1,1,1,1,Spa & Wellness,"Weddings, Wellness & Dining",https://www.fourseasons.com/bogota/spa/,200,Spa in Bogota | Zona T | The Spa at Four Seasons Hotel Bogota,61,"The Spa at Four Seasons Hotel Bogota immerses you in the spirit of ""Emerald City"" with a palette of gemstones while you relax with luxurious spa services.",154,hotel spa bogota | luxury spa bogota,massage bogota​,Bogota Spa,HOURS% Favourites% Spa Services% Relaxation Experiences,,,,,
Bogota,1,1,1,1,Weddings,"Weddings, Wellness & Dining",https://www.fourseasons.com/bogota/weddings/,200,Four Seasons Hotels and Resorts | Luxury Hotels | Four Seasons | Weddings,73,Weddings,8,,,Bogota Weddings% Bogota Weddings,Real Honeymoon Experiences,,,,,Empty field
Bora Bora,2,2,2,2,Frontpage,Home,https://www.fourseasons.com/borabora/,200,"Luxury Resort in Bora Bora, French Polynesia | Four Seasons",59,"Four Seasons Resort Bora Bora offers an unrivalled collection of overwater bungalow suites, luxury beachfront villas and fine dining in French Polynesia.",153,"Bora Bora Luxury Resort, french polynesia luxury resorts",,Bora Bora% Bora Bora% Bora Bora% Bora Bora by Four Seasons,All-suite Private Island Paradise in the heart of French Polynesia% Accommodations% Discover Bora Bora% A Meal You’ll Always Remember% #FSBORABORA,,,Katarina,,
Bora Bora,2,2,2,2,Accommodations,Accommodation,https://www.fourseasons.com/borabora/accommodations/,200,Overwater Bungalows Bora Bora | Huts & Villas | Four Seasons Resort,67,"Escape to spacious hideaways at Four Seasons Resort Bora Bora, offering luxurious overwater bungalow suites and villas perched above a turquoise lagoon.",152,"bora bora overwater bungalow, bora bora villas",,Bora Bora Overwater Bungalows & Villas,One-Bedroom Beach-View Overwater Bungalow Suite% One-Bedroom Lagoon-View Overwater Bungalow Suite% One-Bedroom Mountain-View Overwater Bungalow Suite% One-Bedroom Premier Mountain-View Overwater Bungalow Suite% One-Bedroom Lagoon-View Overwater Bungalow Suite with Plunge Pool% One-Bedroom Mountain-View Overwater Bungalow Suite with Plunge Pool% One-Bedroom Otemanu Overwater Bungalow Suite With Plunge Pool% Two-Bedroom Herenui Overwater Bungalow Suite With Plunge Pool% Two-Bedroom Poerava Overwater Bungalow Suite With Plunge Pool% One-Bedroom Beachfront Villa Estate% Two-Bedroom Deluxe Beachfront Villa Estate% Two-Bedroom Premier Beachfront Villa Estate% Three-Bedroom Premier Beachfront Villa Estate% Four-Bedroom Beachfront Villa Estate% Five-Bedroom Beachfront Villa Estate% Interior Design% The Bora Bora Villa Experience% Life is Better Over Water,,,Katarina,,
Bora Bora,2,2,2,2,Dining,"Weddings, Wellness & Dining",https://www.fourseasons.com/borabora/dining/,200,Bora Bora Restaurants & Bars | Fine Dining | Four Seasons,57,"Four Seasons Resort Bora Bora invites you to enjoy authentic Polynesian flavours at our restaurants and bars, surrounded by the island’s natural beauty.",152,"Bora Bora Restaurants, bora bora bars",,Bora Bora Restaurants & Bars% Bora Bora Restaurants & Bars% Bora Bora Restaurants & Bars,All Food and Drink% Meet the team,,,Katarina,,
Bora Bora,2,2,2,2,Experiences,Experiences,https://www.fourseasons.com/borabora/experiences/,200,Things to do in Bora Bora | Four Seasons Bora Bora Experiences,62,"Looking for things to do in Bora Bora? Check out our bespoke experiences here at Four Seasons Resort Bora Bora. By land or by sea, there’s excitement on the horizon.",165,"things to do in bora bora, bora bora experiences",,Experiences,Aquatic Escapades% Land Pursuits% Airborne Adventures% Local Experiences,,,Katarina,,
Bora Bora,2,2,2,2,Offers,Other,https://www.fourseasons.com/borabora/offers/,200,Bora Bora Vacation Packages & Offers | Four Seasons Resort Bora Bora,68,"Four Seasons Resort Bora Bora vacation packages and offers, a luxury five-star resort on the most famous of French Polynesia’s Leeward Islands.",143,"bora bora vacation packages, bora bora offers",,Bora Bora Vacation Packages & Offers,Featured Offer,,,Katarina,,
Bora Bora,2,2,2,2,Photos & Videos,Other,https://www.fourseasons.com/borabora/photos-and-videos/,200,Bora Bora Photos & Videos | Four Seasons Resort Bora Bora,57,"View photos and videos of Four Seasons Resort Bora Bora, a luxury resort on the most famous of French Polynesia’s Leeward Islands.",130,"bora bora photos, bora bora videos",,Photos & Videos,Resort Overview% Services and Amenities% Accommodations% Dining,,,Katarina,,
Bora Bora,2,2,2,2,Christmas,Seasonal,https://www.fourseasons.com/borabora/seasonal/christmas/,200,Bora Bora Christmas | Four Seasons Resort Bora Bora,51,"Celebrate Christmas at Four Seasons Resort Bora Bora with festive dinners, island traditions and magical moments in paradise.",125,bora bora christmas,,Bora Bora Christmas in Paradise,Resort Highlights% Featured Accommodation,,,Katarina,,
Bora Bora,2,2,2,2,New Year ,Seasonal,https://www.fourseasons.com/borabora/seasonal/new-year/,200,New Year’s Eve and Day in Bora Bora | Four Seasons Resort Bora Bora,67,"Celebrate New Year’s Eve and Day at Four Seasons Resort Bora Bora with festive dining, live music, fireworks and unforgettable island moments.",142,bora bora new year's eve,,New Year’s Eve & Day in Bora Bora,Resort Highlights% Featured Accommodation,,,Katarina,,
Bora Bora,2,2,2,2,Couples,Services & Amenities,https://www.fourseasons.com/borabora/services-and-amenities/couples/,200,Bora Bora Resort for Couples | Romantic Getaway at Four Seasons,63,"Plan a romantic getaway to Four Seasons Resort Bora Bora, where couples can enjoy private tours, sunset cruises and intimate dinners over the lagoon.",149,"bora bora romantic getaway, bora bora couples resort",,Bora Bora Romantic Getaway,included% Bora Bora was Made for Love% Featured Accommodation,,,Katarina,,
Bora Bora,2,2,2,2,Itinerary,Experiences,https://www.fourseasons.com/borabora/seven-day-itinerary/,,,,,,"bora bora itinerary, bora bora 7 day vacation",,,,,,Katarina,,
Bora Bora,2,2,2,2,Spa & Wellness,"Weddings, Wellness & Dining",https://www.fourseasons.com/borabora/spa/,200,Bora Bora Spa | Massage & Facials | Four Seasons Resort Bora Bora,65,"Four Seasons Resort Bora Bora offers a holistic, award-winning spa featuring luxury massages, facials and more with local island ingredients.",141,"Bora Bora Spa, bora bora spa resort",,The Spaat Four Seasons Resort Bora Bora,HOURS% Favourites% Spa Services% Wellness Services% Relaxation Experiences,,,Katarina,,
Bora Bora,2,2,2,2,Villas & Residences,Villas & Residences,https://www.fourseasons.com/borabora/villa-residence-rentals/,200,Bora Bora Vacation Villa Rentals | Four Seasons Resort Bora Bora,64,"Set along Bora Bora’s turquoise lagoon, our luxury vacation villa rentals offer a spectacular beachfront setting for an island escape.",134,"bora bora villa rentals, bora bora vacation villa rentals",,Villa & Residence Rentals% Villa & Residence Rentals% Explore accommodations,included% An elevated vacation experience,,,Katarina,,
Bora Bora,2,2,2,2,Weddings,"Weddings, Wellness & Dining",https://www.fourseasons.com/borabora/weddings/,200,Bora Bora Weddings in French Polynesia | Destination | Four Seasons,67,"Four Seasons Resort Bora Bora offers an idyllic French Polynesia setting to make your dream wedding a reality, with stunning venues and secluded beaches.",153,"bora bora weddings, french polynesia wedding
",,Bora Bora Weddings in French Polynesia% Bora Bora Weddings in French Polynesia,Real wedding experiences% Wedding and Vow Renewal Services,,,Katarina,,
Boston,2,2,2,2,Frontpage,Home,https://www.fourseasons.com/boston/,200,5-Star Hotels in Boston | Luxury Hotel Near Back Bay | Four Seasons,67,"Discover our 5-star hotel in Boston, Massachusetts, near Back Bay that’s just steps away from the city’s top attractions. Book now.",131,hotel in boston,,Boston% Boston% Boston% Boston by Four Seasons,Five-Star Downtown Boston Hotel% Accommodations% Discover Boston% Join the Conversation Online – Use #FSBOSTON,,,Alina Ghost,,
Boston,2,2,2,2,Accommodations,Accommodation,https://www.fourseasons.com/boston/accommodations/,200,Rooms & Suites in Boston | Four Seasons,39,"Hotel rooms & luxury suites in Boston at Four Season – find all the extra space you need for your stay, with separate sleeping & living spaces.",143,suites in boston,,Rooms & Hotel Suites in Boston,Deluxe Garden-View Room% Deluxe City-View Room% Courtyard-View Room% Superior Room% Premier Garden-View Executive Suite% Garden-View Executive Suite% City-View Executive Suite% Royal Suite% Presidential Suite% Garden Suite% State Suite% Senator Suite% Deluxe City-View Accessible Room with Roll-In Shower% Deluxe Garden-View Accessible Room% Deluxe Garden-View Accessible Room with Roll-In Shower% Deluxe City-View Accessible Room% City-View Accessible Executive Suite,,,Alina Ghost,,
Boston,2,2,2,2,Dining,"Weddings, Wellness & Dining",https://www.fourseasons.com/boston/dining/,200,Boston Fine Dining | Downtown Restaurants | Four Seasons Hotel,62,"Experience fine dining with sweeping park views. Fuel up with breakfast at Aujord'hui and New England fare at Coterie, steps from downtown Boston.",146,boston fine dining,,Boston Fine Dining% Boston Fine Dining% Boston Fine Dining,All Food and Drink,,,Alina Ghost,,
Boston,2,2,2,2,Experiences,Experiences,https://www.fourseasons.com/boston/experiences/,200,"Boston Experiences | University Tours, Walking Tours & More",59,Experience Boston by embarking on a historical journey with a Freedom Trail walking tour or visit the many universities that call Boston home.,142,boston experiences,,Experiences,Local Experiences,,,Alina Ghost,,
Boston,2,2,2,2,Offers,Other,https://www.fourseasons.com/boston/offers/,200,Boston Hotel Packages & Offers | Four Seasons Luxury Hotel,58,Find a variety of Boston hotel packages and offers at Four Seasons and experience the best the city has to offer. Book today.,125,boston hotel packages,,Boston Hotel Offers & Packages,Featured Offer,,,Alina Ghost,,
Boston,2,2,2,2,Girls Getaway,Other,https://www.fourseasons.com/boston/girls-getaway/,,Girls' Getaway | Weekend Getaways & Bachelorette Ideas | Four Seasons,,"Organizing a girls’ trip? Four Seasons offers styling sessions, luxury shopping & fun dining for a weekend getaway in Boston.",,Girls Getaway,girls trip,,,,,Alina Ghost,,
Boston,2,2,2,2,Photos & Videos,Other,https://www.fourseasons.com/boston/photos-and-videos/,200,Boston Hotel Photos | Luxury Downtown Boston Four Seasons Hotel,63,"View photos and videos of our Four Seasons Boston hotel, a luxury 5-star hotel in downtown Boston near the Boston Common, Back Bay and Beacon Hill.",147,boston hotel photos,,Photos & Videos,Hotel Overview% Accommodations% Dining,,,Alina Ghost,,
Boston,2,2,2,2,Weddings,"Weddings, Wellness & Dining",https://www.fourseasons.com/boston/weddings/,200,Large Wedding Venues in Boston | Luxury Downtown Hotel | Four Seasons,69,Four Seasons Hotel offers the perfect location to celebrate your magical moment in Downtown Boston - a luxury five-star venue for large weddings.,145,large wedding venues boston | downtown boston wedding venues ,,Boston Downtown Weddings% Boston Downtown Weddings,Real Boston Wedding Experiences% Wedding and Vow Renewal Services,,,Alina Ghost,,
Boston One Dalton,3,3,3,3,Frontpage,Home,https://www.fourseasons.com/onedalton/,200,"One Dalton Street, Boston | Back Bay Boston Hotel | Four Seasons",64,"Four Seasons, Back Bay Boston Hotel is a cutting-edge 61-storey skyscraper in the heart of the city; just steps away from universities, arts & sports.",150,back bay boston hotel,,"One Dalton Street, Boston% One Dalton Street, Boston% One Dalton Street, Boston% Boston by Four Seasons% Residences available for purchase",The City’s Newest Skyscraper Located in the Heart of Back Bay% Accommodations% Discover Boston% #FSBOSTONDALTON,,,Alina Ghost,,
Boston One Dalton,3,3,3,3,Accommodations,Accommodation,https://www.fourseasons.com/onedalton/accommodations/,200,Back Bay Boston Accommodation | Luxury Rooms & Suites | Four Seasons,68,Four Seasons One Dalton Hotel offers luxury Boston accommodation; rooms and suites in the heart of Back Bay close to universities and entertainment.,148,Boston Accommodation,,Back Bay Boston Hotel Suites & Rooms,Superior Room% Deluxe Room% Deluxe Room with a View% Premier Room% Premier Room with Two Queen Beds% Executive Suite% Back Bay Corner Suite% Cambridge Suite% Charles Suite% Presidential Suite% Deluxe Accessible Room% Deluxe Accessible Room with a View% Premier Accessible Room% Executive Accessible Suite% Back Bay Corner Accessible Suite% By Design,,,Alina Ghost,,
Boston One Dalton,3,3,3,3,Dining,"Weddings, Wellness & Dining",https://www.fourseasons.com/onedalton/dining/,200,Back Bay Restaurants & Bars | Fine Dining Boston | Four Seasons,63,Enjoy Back Bay’s fine dining in Boston at Four Seasons Hotel; luxury restaurants that offer the best brunch or a modern Japanese steakhouse. Book now.,150,"
back bay restaurants",,Dining% Dining% Dining,All Food and Drink,,,Alina Ghost,,
Boston One Dalton,3,3,3,3,Experiences,Experiences,https://www.fourseasons.com/onedalton/experiences/,200,Experiences in Boston | Photography Tours & More | Four Seasons Hotel,69,"Discover Boston experiences with Four Seasons, from Boston photography tours to private tours with memories to last a lifetime. Get in touch today.",147,experiences in boston,,Experiences,,,,Alina Ghost,,
Boston One Dalton,3,3,3,3,Offers,Other,https://www.fourseasons.com/onedalton/offers/,200,Boston Hotel Offers & Packages | Four Seasons,45,"Find fabulous One Dalton Street, Boston, hotel offers and packages to enhance your stay. Book seasonal savings or bed and breakfast packages today.",147,boston hotel offers,,One Dalton Hotel Offers & Packages,Featured Offer,,,Alina Ghost,,
Boston One Dalton,3,3,3,3,Photos & Videos,Other,https://www.fourseasons.com/onedalton/photos-and-videos/,200,"Four Seasons Hotel One Dalton Street, Boston Photos & Videos",60,"Browse our Four Seasons Hotel, One Dalton Street Boston photos and videos – see urban venues, spa & dining experiences to luxury accommodations.",144,boston photos,,Photos and Videos,Hotel Overview% Accommodations% Dining% Wellness% Destination,,,Alina Ghost,,
Boston One Dalton,3,3,3,3,Family,Services & amenities,https://www.fourseasons.com/onedalton/services-and-amenities/family/,,Boston Family Friendly Activities | Four Seasons Hotel One Dalton,,"Four Seasons Boston One Dalton Street offers a variety of kid-friendly amenities, from an indoor pool to games, toys and treats, museum excursions and more.",,best family hotels in boston,,,,,,Alina Ghost,,
Boston One Dalton,3,3,3,3,Sports & Entertainment,Other,https://www.fourseasons.com/onedalton/landing-pages/property/sports-and-entertainment/,,"Hotel Near Boston Sports & Entertainment | Four Seasons, One Dalton",,"Discover our Hotel near Boston stadiums that are popular for sports and entertainment, offering convenience, comfort and Four Seasons luxury service. Book today.",,Hotel Near Boston Sports,,,,,,Alina Ghost,,
Boston One Dalton,3,3,3,3,Spa & Wellness,"Weddings, Wellness & Dining",https://www.fourseasons.com/onedalton/spa/,200,"Boston Luxury Spa | Best Spa in Boston, Back Bay | Four Seasons",63,"Four Seasons One Dalton Street, Boston invites you to visit our luxury Spa, featuring a wide range of body treatments alongside a fitness centre and lap pool.",158,luxury spa boston,,Luxury Spa Boston,Hours% Favourites% Spa Services% Wellness Experiences,,,Alina Ghost,,Keyword missing location
Boston One Dalton,3,3,3,3,Weddings,"Weddings, Wellness & Dining",https://www.fourseasons.com/onedalton/weddings/,200,"Weddings in Back Bay, Boston | Large & Small Weddings up to 150 People",70,"Large & Small Weddings in Back Bay, Boston at Four Seasons Hotel - offering wedding packages, planning services, luxury venues & more. Book today.",146,weddings in back bay,,Back Bay in Boston Weddings% Back Bay in Boston Weddings,Real Back Bay Boston Wedding Experiences% Wedding and Vow Renewal Services,,,Alina Ghost,,
Budapest,2,3,3,3,Frontpage,Home,https://www.fourseasons.com/budapest/,200,Budapest Luxury Hotel | Five-Star | Four Seasons Hotel Gresham Palace,69,"Four Seasons Hotel Gresham Palace Budapest offers luxury accommodations, fine dining, amenities and more in a lovingly restored palace on the Danube.",149,"budapest luxury hotel, budapest five star hotels",,Budapest% Budapest% Budapest% Budapest by Four Seasons,An Art Nouveau Masterpiece on the Danube% Accommodations% Discover Budapest% HEREND AFTERNOON TEA AT MÚZSA% #FSBUDAPEST,,,Katarina,,
Budapest,2,3,3,3,Accommodations,Accommodation,https://www.fourseasons.com/budapest/accommodations/,200,Budapest Luxury Hotel Rooms & Suites | Four Seasons,51,"Enjoy opulent luxury suites and rooms at Four Seasons Hotel Gresham Palace Budapest, blending historic charm with modern comfort.",129,"luxury suites budapest, budapest hotel rooms",,Budapest Luxury Hotel Rooms & Suites,Danube River-View Room% Gresham Room% Superior Room% Tower Suite% River-View Park Suite% Park Suite% Budapest Royal Suite% Presidential Suite% Chain Bridge Suite% Interior Design,,,Katarina,,
Budapest,2,3,3,3,Dining,"Weddings, Wellness & Dining",https://www.fourseasons.com/budapest/dining/,200,Budapest Restaurants | Lounges | Four Seasons Hotel Gresham Palace,66,Four Seasons Hotel Gresham Palace Budapest features superb restaurant and bar offerings from a contemporary European brasserie to an elegant lobby lounge.,154,"budapest restaurants, budapest dining",,Budapest Restaurants & Bars% Budapest Restaurants & Bars% Budapest Restaurants & Bars,All Food and Drink,,,Katarina,,
Budapest,2,3,3,3,Afternoon Tea,"Weddings, Wellness & Dining",https://www.fourseasons.com/budapest/dining/lounges/afternoon-tea/,200,Herend Afternoon Tea in Budapest | Four Seasons Hotel Gresham Palace,68,"Enjoy a modern take on Herend afternoon tea at Four Seasons Hotel Gresham Palace Budapest, where decadent pastries, tea cakes and live piano music await.",153,afternoon tea budapest,,Herend Afternoon Tea in Budapest,Hours% Menu% Afternoon Tea Highlights% More Dining Options,,,Katarina,,
Budapest,2,3,3,3,Experiences,Experiences,https://www.fourseasons.com/budapest/experiences/,200,Activities and Things to Do in Budapest | Four Seasons,54,Immerse yourself in magical things to do in Budapest and uncover its best-kept secrets with exclusive Four Seasons tours.,121,"luxury things to do in budapest, budapest private tours",,Experiences,,,1,Katarina,,
Budapest,2,3,3,3,Itinerary,Experiences,https://www.fourseasons.com/budapest/four-day-itinerary/,200,4-Day Budapest Itinerary | Four Seasons Hotel Gresham Palace,60,"Plan the perfect 4 days in Budapest with our curated itinerary. Discover top attractions, spa rituals and fine dining, all with Four Seasons service.",149,"4 day budapest itinerary, budapest itinerary",,Your 4-Day Budapest Itinerary,Four Days in Budapest: a Curated Escape by Four Seasons% Your Itinerary% Signature Moments,,,Katarina,,
Budapest,2,3,3,3,Offers,Other,https://www.fourseasons.com/budapest/offers/,200,Budapest Hotel Packages & Special Offers | Four Seasons,55,"Unlock Budapest hotel offers with luxury stays, dining and unique experiences in Hungary’s vibrant capital.",107,"budapest hotel packages, budapest hotel offers
",,Budapest Hotel Offers & Packages,Featured Offer,,,Katarina,,
Budapest,2,3,3,3,Photos & Videos,Other,https://www.fourseasons.com/budapest/photos-and-videos/,200,Luxury Budapest Hotel Photos & Videos | Four Seasons,52,"View luxury photos and videos of Four Seasons Hotel Gresham Palace Budapest, an art nouveau landmark in the heart of the city.",126,budapest photos,,Photos & Videos,Hotel Overview% Accommodations% Dining% Budapest Spa,,,Katarina,,
Budapest,2,3,3,3,Christmas,Seasonal,https://www.fourseasons.com/budapest/seasonal/christmas/,200,Budapest Christmas Holiday | Four Seasons Hotel Gresham Palace,62,"Stay near the Budapest Christmas Markets at Four Seasons Hotel Gresham Palace. Enjoy a festive holiday with curated events, dining and seasonal activities.",155,"budapest christmas, budapest christmas holiday",,Christmas Holiday at Four Seasons Hotel Budapest,Join Us for the Holidays% Hotel Highlights,,,Katarina,,
Budapest,2,3,3,3,New Year ,Seasonal,https://www.fourseasons.com/budapest/seasonal/new-year/,200,Budapest New Year Celebration | Four Seasons Hotel Gresham Palace,65,"Enter the new year in style at Four Seasons Hotel Gresham Palace Budapest with festive dinners, midnight toasts and unforgettable celebrations.",143,"budapest new year, budapest new year celebrations",,New Year Celebration in Budapest,Join Us for the Holidays% Hotel Highlights,,,Katarina,,
Budapest,2,3,3,3,Thanksgiving,Seasonal,https://www.fourseasons.com/budapest/seasonal/thanksgiving/,200,Thanksgiving in Budapest | Four Seasons Hotel Gresham Palace,60,"Celebrate Thanksgiving in Budapest with Four Seasons. Enjoy our turkey and cakes to go, seasonal activities and a luxurious city escape to remember.",148,thanksgiving in budapest,,Thanksgiving in Budapest,Hotel Highlights,,,Katarina,,
Budapest,2,3,3,3,Spa & Wellness,"Weddings, Wellness & Dining",https://www.fourseasons.com/budapest/spa/,200,Luxury Hotel Spa in Budapest | Four Seasons,43,"Unwind with luxury spa treatments at Four Seasons Hotel Budapest, featuring massages and facials with essential oils for ultimate relaxation.",141,"spa budapest, luxury spa budapest",,Luxury Spa in Budapest% Luxury Spa in Budapest% Luxury Spa in Budapest,HOURS% Favourites% Spa Services% Events% Relaxation Experiences,,,Katarina,,
Budapest,2,3,3,3,Weddings,"Weddings, Wellness & Dining",https://www.fourseasons.com/budapest/weddings/,200,Budapest Weddings | Four Seasons Hotel Gresham Palace Budapest,62,Four Seasons Hotel Gresham Palace Budapest offers a meticulously restored art nouveau palace for an unforgettable wedding event in the heart of city centre.,156,budapest wedding,,Budapest Weddings% Budapest Weddings,Real Wedding Experiences% A Fairytale Wedding at Four Seasons Hotel Gresham Palace Budapest% Wedding and Vow Renewal Services,,,Katarina,,
Buenos Aires ,0,2,2,2,Frontpage,Home,https://www.fourseasons.com/buenosaires/,200,Buenos Aires Luxury Hotel | Recoleta 5-Star Hotel | Four Seasons,64,"Four Seasons Hotel Buenos Aires is a luxury hotel combining modern comfort with European-style glamour, fine dining and more in the heart of Recoleta.",150,"buenos aires luxury hotel, buenos aires hotel",5-star hotel buenos aires,Buenos Aires% Buenos Aires% Buenos Aires% Buenos Aires by Four Seasons,European Elegance with a Uniquely Argentine Twist% Accommodations% Discover Buenos Aires% Eat at Elena,,,GG,,
Buenos Aires ,0,2,2,2,Accommodations,Accommodation,https://www.fourseasons.com/buenosaires/accommodations/,200,Buenos Aires Suites & Rooms | Luxury Accommodation | Four Seasons,65,"Discover luxury Buenos Aires suites with city or garden views at Four Seasons. Enjoy spacious hotel rooms, Belle Époque charm and exceptional service.",150,"buenos aires suites, buenos aires suites and rooms",buenos aires hotel room,Buenos Aires Suites & Rooms,Mansion-View Room% City-View Room% E-Lounge Room% Mansion-View One Bedroom Suite% City-View One Bedroom Suite% Mansion-View Studio Suite% La Mansión Presidential Suite% La Mansión Royale Suite% La Mansión Ambassador Suite% Owner Suite% La Mansión Two-Bedroom Suite% La Mansión Alzaga Unzué Suite% E-Lounge One Bedroom Suite% E-Lounge Studio Suite% Our Spaces,,,GG,,
Buenos Aires ,0,2,2,2,Couples ,Other,https://www.fourseasons.com/buenosaires/couples/,,,,,,romantic hotel buenos aires,,,,,,GG,,
Buenos Aires ,0,2,2,2,Dining,"Weddings, Wellness & Dining",https://www.fourseasons.com/buenosaires/dining/,200,Buenos Aires Restaurants | Fine Dining Luxury | Four Seasons,60,"View the fine dining options at Four Seasons Hotel Buenos Aires, offering two restaurants, a lounge and room service in the exclusive La Recoleta district.",155,"buenos aires restaurants, dining buenos aires",recoleta restaurants,Buenos Aires Restaurants% Buenos Aires Restaurants% Buenos Aires Restaurants,All Food and Drink% MEET THE TEAM,,,GG,,
Buenos Aires ,0,2,2,2,Experiences,Experiences,https://www.fourseasons.com/buenosaires/experiences/,200,Buenos Aires Excursions & Activities | Four Seasons Hotel,57,"Explore curated Buenos Aires activities, from Private Journey to Mendoza, the Land of Wine, to historic excursions. Discover unforgettable Four Seasons experiences. Start planning today.",186,"buenos aires excursions, buenos aires activities",buenos aires experiences,Experiences,Airborne Adventures,,,GG,,
Buenos Aires ,0,2,2,2,Offers,Other,https://www.fourseasons.com/buenosaires/offers/,200,Buenos Aires Vacation Packages in Argentina | Four Seasons Hotel,64,"Discover luxury vacation packages at Four Seasons Hotel Buenos Aires. Enjoy stays in Argentina with special offers on suites, spa experiences and dining.",153,"buenos aires vacation packages, buenos aires packages",buenos aires hotel deals,Buenos Aires Vacation Packages,Featured Offer,,,GG,,
Buenos Aires ,0,2,2,2,Photos & Videos,Other,https://www.fourseasons.com/buenosaires/photos-and-videos/,200,Buenos Aires Hotel Photos & Videos | Four Seasons Hotel Buenos Aires,68,"View photos and videos of Four Seasons Hotel Buenos Aires, a luxury five-star hotel in Buenos Aires, Argentina.",111,"buenos aires photos, buenos aires videos",,Photos & Videos,Hotel Overview% Accommodations% Dining,,,GG,,
Buenos Aires ,0,2,2,2,Spa & Wellness,"Weddings, Wellness & Dining",https://www.fourseasons.com/buenosaires/spa/,200,Buenos Aires Spa | Hotel Spa Buenos Aires | Four Seasons Hotels,63,"Visit the Spa at Four Seasons Hotel Buenos Aires, Argentina, offering a range of spa treatments including massages, body and facial treatments and salon services.",162,buenos aires spa,"hotel spa buenos aires, cielo spa",Cielo SPA,HOURS% Favourites% Spa Services% Wellness Services% Relaxation Experiences,,,GG,,
Buenos Aires ,0,2,2,2,Weddings,"Weddings, Wellness & Dining",https://www.fourseasons.com/buenosaires/weddings/,200,Destination Wedding Buenos Aires | Four Seasons Hotel,53,"Say ""I do"" in Buenos Aires at Four Seasons. Our expert team will bring your dream wedding celebration to life. Begin planning your unforgettable day.",149,buenos aires wedding, destination wedding buenos aires,Buenos Aires Weddings% Buenos Aires Weddings,Real Wedding Experiences% Wedding and Vow Renewal Services,,,GG,,
Cabo San Lucas at Cabo Del Sol,2,3,3,3,Frontpage,Home,https://www.fourseasons.com/cabodelsol/,#N/A,#N/A,#N/A,#N/A,#N/A,"cabo san lucas luxury resorts, cabo del sol resort",cabo san lucas beach resort,#N/A,#N/A,,,Katarina,,
Cabo San Lucas at Cabo Del Sol,2,3,3,3,Accommodations,Accommodation,https://www.fourseasons.com/cabodelsol/accommodations/,#N/A,#N/A,#N/A,#N/A,#N/A,"cabo san lucas accommodation, luxury accommodation cabo san lucas",,#N/A,#N/A,,,Katarina,,
Cabo San Lucas at Cabo Del Sol,2,3,3,3,Dining,"Weddings, Wellness & Dining",https://www.fourseasons.com/cabodelsol/dining/,#N/A,#N/A,#N/A,#N/A,#N/A,"fine dining cabo san lucas, cabo san lucas restaurants",,#N/A,#N/A,,,Katarina,,
Cabo San Lucas at Cabo Del Sol,2,3,3,3,Experiences,Experiences,https://www.fourseasons.com/cabodelsol/experiences/,#N/A,#N/A,#N/A,#N/A,#N/A,"luxury things to do in cabo san lucas, private tours cabo san lucas",,#N/A,#N/A,,,Katarina,,
Cabo San Lucas at Cabo Del Sol,2,3,3,3,Offers,Other,https://www.fourseasons.com/cabodelsol/offers/,#N/A,#N/A,#N/A,#N/A,#N/A,"cabo san lucas resort packages, cabo san lucas vacation packages",,#N/A,#N/A,,,Katarina,,
Cabo San Lucas at Cabo Del Sol,2,3,3,3,Photos & Videos,Other,https://www.fourseasons.com/cabodelsol/photos-and-videos/,#N/A,#N/A,#N/A,#N/A,#N/A,"cabo san lucas photos, cabo san lucas videos",,#N/A,#N/A,,,Katarina,,
Cabo San Lucas at Cabo Del Sol,2,3,3,3,Christmas,Seasonal,https://www.fourseasons.com/cabodelsol/seasonal/christmas/,#N/A,#N/A,#N/A,#N/A,#N/A,"cabo san lucas christmas, christmas dinner cabo san lucas",,#N/A,#N/A,,,Katarina,,
Cabo San Lucas at Cabo Del Sol,2,3,3,3,New Year,Seasonal,https://www.fourseasons.com/cabodelsol/seasonal/new-year/,#N/A,#N/A,#N/A,#N/A,#N/A,"cabo san lucas new years, cabo san lucas new years eve",,#N/A,#N/A,,,Katarina,,
Cabo San Lucas at Cabo Del Sol,2,3,3,3,Thanksgiving,Seasonal,https://www.fourseasons.com/cabodelsol/seasonal/thanksgiving/,#N/A,#N/A,#N/A,#N/A,#N/A,"thanksgiving in cabo san lucas, thanksgiving dinner cabo san lucas",,#N/A,#N/A,,,Katarina,,
Cabo San Lucas at Cabo Del Sol,2,3,3,3,Couples,Services & Amenities,https://www.fourseasons.com/cabodelsol/services-and-amenities/couples/,#N/A,#N/A,#N/A,#N/A,#N/A,"cabo san lucas couples resorts, cabo san lucas romantic resorts",,#N/A,#N/A,,,Katarina,,
Cabo San Lucas at Cabo Del Sol,2,3,3,3,Family,Services & Amenities,https://www.fourseasons.com/cabodelsol/services-and-amenities/family/,#N/A,#N/A,#N/A,#N/A,#N/A,"cabo san lucas family resorts, cabo san lucas family vacation",,#N/A,#N/A,,,Katarina,,
Cabo San Lucas at Cabo Del Sol,2,3,3,3,Spa & Wellness,"Weddings, Wellness & Dining",https://www.fourseasons.com/cabodelsol/spa/,#N/A,#N/A,#N/A,#N/A,#N/A,"cabo san lucas spa, cabo san lucas spa resort",,#N/A,#N/A,,,Katarina,,
Cabo San Lucas at Cabo Del Sol,2,3,3,3,Villas & Residences,Villas & Residences,https://www.fourseasons.com/cabodelsol/villa-residence-rentals/,#N/A,#N/A,#N/A,#N/A,#N/A,"cabo san lucas villa rentals, cabo san lucas residences",,#N/A,#N/A,,,Katarina,,
Cabo San Lucas at Cabo Del Sol,2,3,3,3,Weddings,"Weddings, Wellness & Dining",https://www.fourseasons.com/cabodelsol/weddings/,#N/A,#N/A,#N/A,#N/A,#N/A,"cabo san lucas weddings, cabo del sol wedding",,#N/A,#N/A,,,Katarina,,
Cabo San Lucas at Cabo Del Sol,2,3,3,3,Honeymoons,"Weddings, Wellness & Dining",https://www.fourseasons.com/cabodelsol/weddings/honeymoon/,#N/A,#N/A,#N/A,#N/A,#N/A,"cabo san lucas honeymoon, cabo san lucas honeymoon resorts",,#N/A,#N/A,,,Katarina,,
Cairo at Nile Plaza,1,2,2,2,Frontpage,Home,https://www.fourseasons.com/caironp/,200,Luxury Hotel in Cairo | Nile River Views | Four Seasons,55,"Discover Four Seasons Cairo at Nile Plaza, a luxury hotel on the Nile. Enjoy river views, indulge in acclaimed dining and explore Cairo’s cultural landmarks.",157,luxury hotel cairo | nile view hotel cairo,downtown cairo hotel,Cairo at Nile Plaza% Cairo at Nile Plaza% Cairo at Nile Plaza% Cairo by Four Seasons,The Heartbeat of the Nile% Accommodations% Discover Cairo% Day-to-Night Dining with a View% #FSCAIRONP,,luxury hotels cairo | hotels in downtown cairo,,,
Cairo at Nile Plaza,1,2,2,2,Accommodations,Accommodation,https://www.fourseasons.com/caironp/accommodations/,200,Cairo Accommodations | Luxury Hotel Suites & Rooms | Four Seasons,65,Stay by the Nile with Four Seasons Hotel Cairo at Nile Plaza. Enjoy luxury accommodations in premium renovated rooms and suites inspired by Egypt’s beauty.,155,cairo hotel rooms | cairo suites,cairo hotel rooms,Luxury Cairo Accommodations at Nile Plaza,Pool Terrace Room% Nile-View Room% Premium Deluxe Citadel-View Room% Deluxe Room% Premium Superior Room% Superior Room% Grand Nile-View Room% Premium Nile-View Room% Premium Diplomatic Suite% Premium Executive Suite% Terrace Suite% Diplomatic Suite% Corniche Suite% Pool Terrace Suite% Premium Corniche Suite% Executive Suite% Royal Suite% Premium Presidential Suite% Presidential Suite,,cairo hotel rooms | cairo accommodation,,,
Cairo at Nile Plaza,1,2,2,2,Dining,"Weddings, Wellness & Dining",https://www.fourseasons.com/caironp/dining/,200,Restaurants & Bars on the Nile | Fine Dining in Cairo | Four Seasons,68,"Dine by the Nile at Four Seasons Cairo. Discover fine dining, ten world-class creative cuisines and stylish bars overlooking the river in the heart of the city.",160,restaurants on the nile | fine dining cairo,bars in cairo | restaurants cairo,Restaurants & Bars on the Nile River% Restaurants & Bars on the Nile River% Restaurants & Bars on the Nile River,All Food and Drink% Dining Experiences,,fine dining in cairo | nile view restaurants,,,
Cairo at Nile Plaza,,,2,2,Brunch,"Weddings, Wellness & Dining",https://www.fourseasons.com/caironp/dining/restaurants/brunch/,,,,,,brunch cairo,,,,,,,,
Cairo at Nile Plaza,,,2,2,Experiences,Experiences,https://www.fourseasons.com/caironp/experiences/,,,,,,cairo experiences | things to do cairo,,,,,,,,
Cairo at Nile Plaza,1,2,2,2,Offers,Other,https://www.fourseasons.com/caironp/offers/,200,Cairo Vacation Packages & Hotel Offers | Four Seasons,53,"Discover exclusive Cairo vacation packages at Four Seasons Hotel Cairo at Nile Plaza. Enjoy luxury accommodations, unique experiences and special savings on your next stay.",172,cairo hotel offers | cairo hotel packages,cairo vacation packages,Cairo Nile Plaza Hotel Offers & Packages,Featured Offer,,cairo hotels offers | cairo package,,,
Cairo at Nile Plaza,1,2,2,2,Photos & Videos,Other,https://www.fourseasons.com/caironp/photos-and-videos/,200,Four Seasons Hotels and Resorts | Luxury Hotels | Four Seasons | Photos and Videos,82,Photos and Videos,17,cairo photos | cairo videos,,Photos & Videos,Hotel Overview% Accommodations% Dining% Weddings & Events,,cairo at nile plaza photos,,,
Cairo at Nile Plaza,,,2,2,Christmas,Other,https://www.fourseasons.com/caironp/seasonal/christmas/,,,,,,christmas cairo,,,,,,,,
Cairo at Nile Plaza,,,2,2,New Years,Other,https://www.fourseasons.com/caironp/seasonal/new-year/,,,,,,new years cairo | new years eve cairo,,,,,,,,
Cairo at Nile Plaza,,,2,2,Ramadan,Other,https://www.fourseasons.com/caironp/seasonal/ramadan/,,,,,,ramadan cairo,,,,,,,,
Cairo at Nile Plaza,,,2,2,Tours,Other,https://www.fourseasons.com/caironp/services-and-amenities/cairo-tours/,,,,,,tours cairo | private tours cairo,,,,,,,,
Cairo at Nile Plaza,,,2,2,Family,Other,https://www.fourseasons.com/caironp/services-and-amenities/family/,,,,,,family hotel cairo,,,,,,,,
Cairo at Nile Plaza,1,2,2,2,Spa & Wellness,"Weddings, Wellness & Dining",https://www.fourseasons.com/caironp/spa/,200,Luxury Spa in Cairo | Massage & Facials | Four Seasons at Nile Plaza,68,"The Spa at Four Seasons Hotel Cairo at Nile Plaza offers authentic Balinese massage, facial treatments, Hammam experiences, beauty packages and more.",149,cairo spa,,Cairo Nile Plaza Spa,HOURS% Favourites% Spa Services% Wellness Services% Relaxation Experiences,,"luxury spa in cairo | cairo massage spa
",,,
Cairo at Nile Plaza,1,2,2,2,Weddings,"Weddings, Wellness & Dining",https://www.fourseasons.com/caironp/weddings/,200,Cairo Weddings | Four Seasons Hotel Cairo at Nile Plaza,55,Four Seasons Hotel Cairo at Nile Plaza is an idyllic wedding destination featuring pristine ballroom venues and more against the backdrop of the Nile River.,156,"cairo weddings
",,Cairo Weddings% Cairo Weddings,Real wedding experiences% Wedding and Vow Renewal Services,,"cairo wedding | cairo wedding packages
",,,
Cairo at The First Residence,1,2,2,2,Frontpage,Home,https://www.fourseasons.com/cairofr/,200,Giza Hotel | Cairo Luxury Hotel | Four Seasons at the First Residence,69,"Four Seasons Hotel Cairo at The First Residence, located near the Giza Pyramids in Egypt, offers luxurious rooms and suites, exceptional dining and majestic views.",163,giza hotel | luxury hotels cairo,hotels in giza egypt,Cairo at The First Residence% Cairo at The First Residence% Cairo at The First Residence% Cairo by Four Seasons,Classical grandeur in the heart of Cairo% Accommodations% Discover Cairo% #FSCAIROFR,1,,Shruti,,
Cairo at The First Residence,1,2,2,2,Accommodations,Accommodation,https://www.fourseasons.com/cairofr/accommodations/,200,Cairo Luxury Hotel Suites & Rooms | Pyramid View | Four Seasons,63,Four Seasons Hotel Cairo at the First Residence boasts a variety of luxury guest rooms & suites featuring captivating views of the botanical garden & pyramids.,159,cairo hotel rooms,cairo hotel suites | cairo accommodation,"Accommodation in Giza, Cairo",Ambassador Suite% Presidential Suite% Royal Suite% City Suite% Diplomatic Suite% Deluxe Premium Suite% Premium Suite% Executive Suite% Premier Nile Room% Deluxe Room% Superior Room% Premier Room% By Design,1,,Shruti,,
Cairo at The First Residence,1,2,2,2,Dining,"Weddings, Wellness & Dining",https://www.fourseasons.com/cairofr/dining/,200,Giza Restaurants | Fine Dining in Cairo | Four Seasons Hotel,60,"Experience fine dining in Cairo at Four Seasons, with a variety of restaurants in Giza offering Syrian and Lebanese flavours, Italian cuisine, afternoon tea, and more.",167,giza restaurant | fine dining in cairo,,"Fine Dining Restaurants in Giza, Cairo% Fine Dining Restaurants in Giza, Cairo% Fine Dining Restaurants in Giza, Cairo",All Food and Drink% Prix Fixe Menus,1,,Shruti,,
Cairo at The First Residence,1,2,2,2,Experiences,Experiences,https://www.fourseasons.com/cairofr/experiences/,200,Unique Things To Do in Giza | Four Seasons Hotel Cairo,54,"Discover unique things to do in Giza on your Cairo vacation with curated experiences by Four Seasons, featuring enriching day trips, museum tours and more.",155,things to do in giza,things to do in cairo,Experiences,Local Experiences,1,,Shruti,,
Cairo at The First Residence,1,2,2,2,Offers,Other,https://www.fourseasons.com/cairofr/offers/,200,Cairo Vacation Packages & Hotel Offers | Four Seasons,53,Discover exclusive Cairo vacation packages and hotel offers for a luxury stay at Four Seasons Hotel Cairo at the First Residence. Plan your Egypt getaway now.,158,cairo vacation packages | cairo hotels offers,cairo egypt vacation packages,Cairo Hotel Offers & Packages,Featured Offer,1,,Shruti,,
Cairo at The First Residence,1,2,2,2,Photos & Videos,Other,https://www.fourseasons.com/cairofr/photos-and-videos/,200,Cairo Hotel Photo & Video Gallery | Four Seasons Cairo First Residence,70,Four Seasons Hotel Cairo at the First Residence invites you to explore our luxury Hotel and the surrounding area through our photo and video gallery.,149,cairo photos | cairo egypt videos,,Photos & Videos,Hotel Overview% Accommodations% Dining,1,,Shruti,,
Cairo at The First Residence,1,2,2,2,Spa & Wellness,"Weddings, Wellness & Dining",https://www.fourseasons.com/cairofr/spa/,200,"Asian Spa in Giza, Cairo | Massage | Four Seasons First Residence",65,"Escape to our Asian-inspired luxury spa in Giza at Four Seasons Hotel Cairo in Egypt. Indulge in holistic wellness rituals, bridal spa and massages in Cairo.",157,spa in cairo | spa in giza,,"Spa in Giza, Cairo",HOURS% Favourites% Spa Services% Wellness Services% Meet The Team,1,,Shruti,,
Cairo at The First Residence,1,2,2,2,Weddings,"Weddings, Wellness & Dining",https://www.fourseasons.com/cairofr/weddings/,200,Cairo Weddings | Wedding Venues at Four Seasons Hotel Cairo,59,"Celebrate your dream wedding in Cairo, Egypt at Four Seasons Hotel Cairo at The First Residence, with elegant venues, stunning Nile views and world-class service.",162,cairo wedding,,Cairo Weddings% Cairo Weddings,Real Wedding Experiences% Wedding and Vow Renewal Services,1,,Shruti,,
Cap Ferrat,2,2,2,2,Frontpage,Home,https://www.fourseasons.com/capferrat/,200,Cap-Ferrat | South of France Hotel | Luxury Hotel in French Riviera,67,Four Seasons Grand-Hotel du Cap-Ferrat invites travellers to experience the classic glamour and timeless chic of the French Riviera at our luxury hotel.,152,south of france hotel,,Grand-Hôtel du Cap-Ferrat% Grand-Hôtel du Cap-Ferrat% Grand-Hôtel du Cap-Ferrat% Cap-Ferrat by Four Seasons,"Grand-Hôtel du Cap-Ferrat, a luxury South of France Resort% Luxury Accommodations% Discover Cap-Ferrat% Private Dining Experiences% #FSCAPFERRAT",,,Alina Ghost,,
Cap Ferrat,2,2,2,2,Accommodations,Accommodation,https://www.fourseasons.com/capferrat/accommodations/,200,"Cap-Ferrat, South of France Villas, Rooms & Suites | Four Seasons",65,"Grand-Hôtel du Cap-Ferrat, A Four Seasons Hotel, offers South of France villas and luxury rooms and suites. Discover the French Riviera lifestyle today.",152,South of France villas ,,South of France Villas & Accommodations,Superior Pinewood Room% Palace Sea-View Room% Palace Pinewood Suite% Palace Sea-View Suite% Deluxe Terrace Room% Pool Terrace Suite% French Riviera Suite% Cap-Ferrat Suite% Grand-Hôtel Suite% Panoramic Suite% The Penthouse% Villa Rose Pierre% Villa Beauchamp% Villa Clair Soleil% Interior Design,,,Alina Ghost,,
Cap Ferrat,2,2,2,2,Dining,"Weddings, Wellness & Dining",https://www.fourseasons.com/capferrat/dining/,200,"Cap-Ferrat, South of France Restaurants | Four Seasons",54,"Look no further for some of the best restaurants in South of France, and visit for lunch or dinner at Grand-Hôtel in Cap-Ferrat. Book today.",140,south of france restaurants,,"Cap Ferrat, South of France Restaurants% Cap Ferrat, South of France Restaurants% Cap Ferrat, South of France Restaurants",All Food and Drink% Exceptional Dining% The Team% Events,,,Alina Ghost,,
Cap Ferrat,2,2,2,2,Experiences,Experiences,https://www.fourseasons.com/capferrat/experiences/,200,French Riviera Experiences | Private & Boat Tours on the Mediterranean,70,"Explore France with our Four Seasons French Riviera experiences, with helicopter rides, unforgettable boat tours and more. Book your experience today.",150,french riviera experiences,,Experiences,Aquatic Escapades% Airborne Adventures% Land Pursuits,,,Alina Ghost,,
Cap Ferrat,2,2,2,2,Offers,Other,https://www.fourseasons.com/capferrat/offers/,200,French Riviera Vacation Packages & Offers | Grand-Hôtel du Cap-Ferrat,69,"Grand-Hôtel du Cap-Ferrat, A Four Seasons Hotel, offers French Riviera vacation packages – from a bed and breakfast offer to a romantic getaway and more.",153,french riviera vacation packages,,Cap Ferrat Hotel Offers & Packages,Featured Offer,,,Alina Ghost,,
Cap Ferrat,2,2,2,2,Photos & Videos,Other,https://www.fourseasons.com/capferrat/photos-and-videos/,200,French Riviera Photos & Videos in France | Pictures of French Riviera,69,"View photos and videos of the beautiful Cap-Ferrat luxury Hotel in France. See French Riviera pictures of accommodations, dining outlets and more.",146,french riviera photos ,pics of french riviera ,Photos & Videos,Hotel Overview% Accommodations% Dining% Pool Club – Club Dauphin,,,Alina Ghost,,
Cap Ferrat,2,2,2,2,Family,Other,https://www.fourseasons.com/capferrat/services-and-amenities/family/,200,Luxury Family-Friendly Hotel in South of France | Four Seasons,62,Ask our Concierge to help plan your next family holiday in the French Riviera and arrange excursions you’ll never forget at Grand-Hôtel du Cap-Ferrat.,150,Family-Friendly Hotel in South of France,,Luxury Family Hotel in South of France,Experience the French Riviera Together% Highlights% included% Just for Kids% Children’s Amenities & Services,Yes,,Alina Ghost,,
Cap Ferrat,2,2,2,2,Spa & Wellness,"Weddings, Wellness & Dining",https://www.fourseasons.com/capferrat/spa/,200,French Riviera Spa | Nice Spa & Wellness | Grand-Hôtel du Cap-Ferrat,68,Relax at our award-winning French Riviera Spa and feel rejuvenated with spa treatments or energized at our gym and pool. Book at Four Seasons today.,148,riviera spa,,"Grand-Hôtel, French Riviera Spa",HOURS% Favourites% Wellness Services% Outdoor Activities% More Outdoor Activities% Spa & Salon Services% Events% Relaxation experiences,,,Alina Ghost,,Keyword missing location (there's more then one Riviera if I am not mistaken)
Cap Ferrat,2,2,2,2,Private Retreats,Private Retreats,https://www.fourseasons.com/capferrat/villa-residence-rentals/,200,South of France Villa Rentals & Saint-Jean-Cap-Ferrat | Four Seasons,68,Find South of France villa rentals at Four Seasons and discover villas in Saint-Jean-Cap-Ferrat for the most luxurious stay. Book today.,136,south of france villa rentals,,Villa & Residence Rentals% Villa & Residence Rentals% Explore accommodations% Explore accommodations,HOLIDAY VILLAS IN THE SOUTH OF FRANCE% An elevated vacation experience% included% Explore Your Retreat,,,Alina Ghost,,
Cap Ferrat,2,2,2,2,Weddings,"Weddings, Wellness & Dining",https://www.fourseasons.com/capferrat/weddings/,200,French Riviera Weddings at Grand-Hotel du Cap-Ferrat | France,61,"Host a magical French Riviera wedding at Grand-Hôtel du Cap-Ferrat, A Four Seasons Hotel for the most romantic scenery, private accommodations and more.",152,French Riviera wedding,,Cap-Ferrat Weddings% Cap-Ferrat Weddings,"Real French Riviera Wedding Experiences at Grand-Hôtel du Cap-Ferrat, A Four Seasons Hotel% Wedding and Vow Renewal Services",,,Alina Ghost,,Keyword missing location (there's more then one Riviera if I am not mistaken)
Cartagena,,2,2,2,Frontpage,Home,https://www.fourseasons.com/cartagena/,200,Four Seasons Hotel and Residences Cartagena,43,"On Colombia’s Caribbean coast, we welcome you to the vibrant, art-filled neighbourhood of Getsemaní, right on the doorstep of the Walled City. Bringing new life to iconic landmarks, our intimate luxury hotel blends colonial romance with sleek modern design. Come experience it for yourself.",290,luxury hotels in cartagena colombia | cartagena luxury resorts,,Cartagena% Cartagena% Cartagena% CARTAGENA BY FOUR SEASONS,OPENING EARLY 2026% Accommodations% BRINGING HISTORY TO LIFE IN THE HEART OF CARTAGENA,,,Chris K,,
Cartagena,,2,2,2,Accommodations,Accommodation,https://www.fourseasons.com/cartagena/accommodations/,200,Four Seasons Hotels and Resorts | Luxury Hotels | Four Seasons | Accommodations,79,Accommodations,14,cartagena accommodation ,cartagena suites | hotel suite cartagena ,Accommodations,Colonial Room% Superior Room% Superior Landmark-View Room% Deluxe Room% Deluxe Room with Terrace% Premier Room% Premier Room with Terrace% Grand Deluxe Colonial Room% Grand Premier Colonial Room% Studio Suite% Colonial Studio Suite% One-Bedroom Suite% Catroux Suite% Accessible Superior Room% Accessible Premier Room% By Design,,,Chris K,,
Cartagena,,2,2,2,Dining,"Weddings, Wellness & Dining",https://www.fourseasons.com/cartagena/dining/,200,Four Seasons Hotels and Resorts | Luxury Hotels | Four Seasons | Dining,71,Dining,6,cartagena restaurants​ | cartagena bars​ ,,Dining% Dining% Dining,All Food and Drink,,,Chris K,,
Cartagena,,2,2,2,Offers,Other,https://www.fourseasons.com/cartagena/offers/,200,Four Seasons Hotels and Resorts | Luxury Hotels | Four Seasons | Offers,71,Offers,6,cartagena colombia vacation packages​ | cartagena vacation packages​ ,,Offers,Featured Offer,,,Chris K,,
Cartagena,,2,2,2,Spa & Wellness,"Weddings, Wellness & Dining",https://www.fourseasons.com/cartagena/spa/,200,Four Seasons Hotels and Resorts | Luxury Hotels | Four Seasons | Spa,68,Spa,3,luxury spa cartagena​ ,spa cartagena​ | spa in cartagena​ ,LUXURY CARTAGENA SPA,Hours% Favourites% Spa Services% Relaxation Experiences,,,Chris K,,
Cartagena,,2,2,2,Weddings,"Weddings, Wellness & Dining",https://www.fourseasons.com/cartagena/weddings/,200,Four Seasons Hotels and Resorts | Luxury Hotels | Four Seasons | Weddings,73,Weddings,8,cartagena weddings ,cartagena wedding​ | destination wedding cartagena​ ,Cartagena Weddings% Cartagena Weddings,Wedding Highlights,,,Chris K,,
Casablanca,1,1,1,1,Frontpage,Home,https://www.fourseasons.com/casablanca/,200,Casablanca Luxury Hotel | Morocco | Four Seasons Hotel Casablanca,65,"Four Seasons Hotel Casablanca offers luxurious accommodations, fine dining & more at a seaside retreat just minutes from the heart of Morocco's liveliest city.",159,casablanca luxury hotels​ | morocco luxury hotels​,luxury hotel casablanca morocco​,Casablanca% Casablanca% Casablanca% Casablanca by Four Seasons,A modern Moroccan seaside retreat% Accommodations% Discover Casablanca% See More of Morocco% #FSCASABLANCA,,,,,
Casablanca,1,1,1,1,Accommodations,Accommodation,https://www.fourseasons.com/casablanca/accommodations/,200,Casablanca Luxury Hotel Rooms & Suites | Four Seasons Casablanca,64,"Four Seasons Hotel Casablanca offers modern Moroccan elegance throughout our deluxe rooms & suites, most featuring an oversized outdoor balcony & more.",151,hotel suite casablanca​ | casablanca accommodation​,,Casablanca Accommodations,Premier Room% Deluxe Room% Superior Room% Grand Premier Ocean-View Room% Premier Suite% Deluxe Suite% Executive Suite% Royal Suite Ocean View% Imperial Suite Ocean View% Signature Suite% Interior Design,,,,,
Casablanca,1,1,1,1,Dining,"Weddings, Wellness & Dining",https://www.fourseasons.com/casablanca/dining/,200,Restaurants in Casablanca | Fine Dining | Four Seasons Hotel,60,"Experience fine dining at Four Seasons Casablanca, offering an impressive array of cocktails and cuisines for the ultimate luxury dining experience.",148,luxury restaurants casablanca​ | restaurants casablanca​,,Casablanca Fine Dining% Casablanca Fine Dining% Casablanca Fine Dining,All food and drink% Culinary Activities% Please note: % Meet The Team% Events,,,,,
Casablanca,1,1,1,1,Offers,Other,https://www.fourseasons.com/casablanca/offers/,200,Casablanca Vacation Packages & Offers | Four Seasons,52,"Enjoy exclusive offers at Four Seasons Hotel Casablanca with ocean-view stays, pampering spa treatments and family-friendly experiences. Book now.",146,,,Casablanca Hotel Offers & Packages,Featured Offer,,,,,Empty field
Casablanca,1,1,1,1,Photos & Videos,Other,https://www.fourseasons.com/casablanca/photos-and-videos/,200,Luxury Hotel Photos & Videos | Four Seasons Casablanca,54,Visual Experience of Four Seasons Hotel Casablanca.  From our guest rooms to the hotel environment see why people stay with us.,127,,,Photos & Videos,Hotel Overview% Services & Amenities% Accommodations% Dining,,,,,Empty field
Casablanca,1,1,1,1,Spa & Wellness,"Weddings, Wellness & Dining",https://www.fourseasons.com/casablanca/spa/,200,Luxury Hotel Spa | Suites | Four Seasons Casablanca,51,Four Seasons Hotel Casablanca offers a first class relaxation experience with luxury spa treatment amenities.,109,hotel spa casablanca​ | hammam casablanca​,,Casablanca Spa,HOURS% Favourites% Spa Services% Wellness Services% Relaxation Experiences,,,,,
Casablanca,1,1,1,1,Weddings,"Weddings, Wellness & Dining",https://www.fourseasons.com/casablanca/weddings/,200,Casablanca Weddings | Four Seasons Hotel Casablanca,51,Four Seasons Casablanca combines the thrills of Morocco’s most magical city with the amenities of an idyllic oceanfront escape for the perfect wedding setting.,159,,,Casablanca Weddings% Casablanca Weddings,Real Wedding Experiences% Wedding and Vow Renewal Services,,,,,Empty field
Chiang Mai,1,2,2,2,Frontpage,Home,https://www.fourseasons.com/chiangmai/,200,"Chiang Mai Luxury Resort, Thailand | Nature Resort | Four Seasons",65,"Four Seasons Chiang Mai invites you to discover a sanctuary of well-being & personal reflection, set among the emerald rice fields in northern Thailand.",152,"chiang mai resort, luxury resort thailand",luxury resort chiang mai ,Chiang Mai% Chiang Mai% Chiang Mai% Chiang Mai by Four Seasons,A Haven of Well-being in Northern Thailand% Accommodations% Discover Chiang Mai% Embark on a Culinary Journey% #FSCHIANGMAI,,,GG,,
Chiang Mai,1,2,2,2,Accommodations,Accommodation,https://www.fourseasons.com/chiangmai/accommodations/,200,Chiang Mai Villas & Residences | Luxury Accommodation | Four Seasons,68,"Four Seasons Resort Chiang Mai invites you to immerse yourself in our ultra-spacious villas, pavilions and residences for the ultimate luxury experience.",153,"chiang mai accommodation, chiang mai villas",luxury villas chaing mai,"Chiang Mai Accommodation, Villas & Pavilions",Upper Rice Terrace Pavilion% Rice Terrace Pavilion% Upper Garden Pavilion% Garden Pavilion% Pool Villa% Family Residence% One-Bedroom Residence% One-Bedroom Residence with Plunge Pool% Two-Bedroom Residence% Two-Bedroom Residence with Plunge Pool% Two-Bedroom Grand Residence Pool Villa% Three-Bedroom Penthouse Residence% Three-Bedroom Grand Residence Pool Villa% Four-Bedroom Grand Residence Pool Villa% Private Experiences% Your Personal Mae Baan,,,GG,,
Chiang Mai,1,2,2,2,Dining,"Weddings, Wellness & Dining",https://www.fourseasons.com/chiangmai/dining/,200,Fine Dining Chiang Mai | Four Seasons Resort Chiang Mai,55,Discover Chiang Mai dining at Four Seasons. Enjoy Thai and international cuisine in one of Northern Thailand’s most inspiring and elegant settings.,147,"chiang mai dining, fine dining chiang mai ",chiang mai restaurants,Chiang Mai Dining% Chiang Mai Dining% Chiang Mai Dining,All Food and Drink% Culinary Activities% Meet the Team% Views from our guests,,,GG,,
Chiang Mai,1,2,2,2,Experiences,Experiences,https://www.fourseasons.com/chiangmai/experiences/,200,Chiang Mai Activities & Excursions | Experiences Four Seasons,61,"Enjoy curated Chiang Mai activities and excursions with Four Seasons. From cultural moments to outdoor adventures, each one is thoughtfully designed.",149,"chiang mai activities, chiang mai excursions",chiang mai experiences,Experiences,Local Experiences% Wellness Activities,,,GG,,
Chiang Mai,1,2,2,2,Offers,Other,https://www.fourseasons.com/chiangmai/offers/,200,Chiang Mai Vacation Packages & Hotel Offers | Four Seasons,58,"Discover Northern Thailand with our Chiang Mai vacation packages. Enjoy luxury stays, cultural experiences and serene escapes. Enquire today.",141,"chiang mai vacation packages, chiang mai packages",chiang mai holiday packages,Chiang Mai Vacation Packages & Offers,Featured Offer,,,GG,,
Chiang Mai,1,2,2,2,Photos & Videos,Other,https://www.fourseasons.com/chiangmai/photos-and-videos/,200,Chiang Mai Photos & Videos | Four Seasons Resort Chiang Mai,59,"View photos and videos of Four Seasons Resort Chiang Mai, a luxury five-star resort in the Mae Rim Valley in Thailand.",118,"chiang mai photos, chiang mai videos ",four seasons resort chiang mai photos ,Photos & Videos,Hotel Overview% Accommodations% Services & Amenities% Dining% Rim Tai Kitchen Thai Cooking School% Spa,,,GG,,
Chiang Mai,1,2,2,2,Chinese New Year,Other,https://www.fourseasons.com/chiangmai/seasonal/chinese-new-year/,,,,,,chinese new year in chiang mai ,,,,1,1,GG,,
Chiang Mai,1,2,2,2,Fitness,Other,https://www.fourseasons.com/chiangmai/services-and-amenities/fitness/,,,,,,Chiang mai gym,,,,,,GG,,
Chiang Mai,1,2,2,2,Spa & Wellness,"Weddings, Wellness & Dining",https://www.fourseasons.com/chiangmai/spa/,200,Chiang Mai Spa Resort | Wellness Retreat Thailand | Four Seasons,64,"Unwind and rejuvenate at Wara Cheewa Spa, a premier Chiang Mai Spa Resort, where luxury and Thai-inspired wellness treatments await. Book today.",144,"chiang mai spa, chiang mai spa resort",day spa chiang mai ,Chiang Mai Spa,HOURS% Favourites% Spa and Wellness Services% Views from Our Guests% Meet the team% Wellness Experiences,,,GG,,
Chiang Mai,1,2,2,2,Massage ,Spa & Wellness,https://www.fourseasons.com/chiangmai/spa/massages/,,,,,,chiang mai massage ,,,,,,GG,,
Chiang Mai,1,2,2,2,Private Retreats,Private Retreats,https://www.fourseasons.com/chiangmai/villa-residence-rentals/,200,Chiang Mai Luxury Villa Rental in Thailand | Four Seasons Resort,64,Experience Chiang Mai luxury villa rentals and the finest luxury vacation rentals Thailand has to offer. Book your stay at Four Seasons Resort today.,149,"chiang mai luxury villa rental, luxury vacation rentals thailand",luxury villas thailand,Villa & Residence Rentals% Villa & Residence Rentals% Explore accommodations,included% An elevated vacation experience% Reserve a residence from our Villa & Residence Rentals collection and receive the following complimentary amenities,,,GG,,
Chiang Mai,1,2,2,2,Weddings,"Weddings, Wellness & Dining",https://www.fourseasons.com/chiangmai/weddings/,200,Chiang Mai Wedding | Thailand Destination Wedding at Four Seasons,65,Four Seasons Resort Chiang Mai offers unforgettable wedding events featuring idyllic venues set against a backdrop of rice fields and stunning mountain views.,158,"chiang mai wedding, thailand wedding",thailand destination wedding,Chiang Mai Weddings% Chiang Mai Weddings,Real Wedding Experiences% Wedding and Vow Renewal Services,,,GG,,
Chicago,2,2,2,2,Frontpage,Home,https://www.fourseasons.com/chicago/,200,Luxury Hotel Chicago | Four Seasons Hotel Chicago,49,"With Lake Michigan views, Four Seasons Hotel Chicago offers award-winning hospitality just steps from the Magnificent Mile for the perfect Chicago luxury hotel experience.",171,"
luxury hotels chicago
luxury hotel chicago

","four seasons chicago
four seasons hotel chicago
upscale chicago hotels
gold coast hotels chicago
chicago hotels michigan avenue",Chicago% Chicago% Chicago% Chicago by Four Seasons,Iconic luxury reimagined on the Magnificent Mile% Accommodations% Discover Chicago% Live in the Lounge% #FSCHICAGO,,,Owain,,
Chicago,2,2,2,2,Accommodations,Accommodation,https://www.fourseasons.com/chicago/accommodations/,200,Luxury Hotel Suites & Rooms in Chicago | Four Seasons Hotel Chicago,67,"Four Seasons Hotel Chicago offers 345 elegant accommodations, just steps from Chicago's Magnificent Mile and Michigan Avenue shopping district.",143,chicago hotel rooms,"chicago luxury suites
chicaho hotel suites",Chicago Hotel Rooms & Suites,Author Suite% Lake Michigan Terrace Suite% Lakeshore Terrace Suite% Presidential Suite% City-View Executive Suite% Lake-View Executive Suite% Premier Lake-View Executive Suite% One-Bedroom Suite% Premier Suite% Deluxe One-Bedroom Suite% City-View Room% Lake-View Room% Luxury Residence% City-View Accessible Executive Suite% Lake-View Accessible Executive Suite with Roll-in Shower% One-Bedroom Accessible Suite% Premier Accessible Mobility Suite% Premier Accessible Suite% Lake-View Accessible Room% Lake-View Accessible Room with Roll-in Shower% Interior Design,,1,Owain,,
Chicago,2,2,2,2,Dining,"Weddings, Wellness & Dining",https://www.fourseasons.com/chicago/dining/,200,Hotel Restaurants Chicago | Fine Dining | Four Seasons Hotel Chicago,68,"Discover the finest hotel restaurants in Chicago at Four Seasons, featuring inventive cuisine, private dining rooms and signature brunch experiences.",149,"hotel restaurants chicago
fine dining chicago
","
fine dining downtown chicago",Fine Dining Chicago% Fine Dining Chicago% Fine Dining Chicago,All Food and Drink% Private Dining% events,,,Owain,,
Chicago,2,2,2,2,Experiences,Experiences,https://www.fourseasons.com/chicago/experiences/,200,Unique Luxury Experiences in Chicago | Four Seasons Hotel Chicago,65,"Explore the best of Chicago with unique luxury experiences by Four Seasons Hotel Chicago, from aquatic to art escapades to city tours. Plan your visit now.",155,"luxury chicago experiences
luxury experiences in chicago",,Experiences,Local Experiences% Aquatic Escapades% Wellness Activities,,1,Owain,,
Chicago,2,2,2,2,Offers,Other,https://www.fourseasons.com/chicago/offers/,200,Chicago Vacation Packages & Hotel Offers | Four Seasons,55,"Four Seasons Hotel Chicago offers a range of vacation packages and hotel offers for your next stay, just steps from the Magnificent Mile.",137,"chicago hotel offers
chicago vacation packages",,Chicago Hotel Offers & Packages,Featured Offer,,1,Owain,,
Chicago,2,2,2,2,Photos & Videos,Other,https://www.fourseasons.com/chicago/photos-and-videos/,200,Chicago Luxury Hotel Photos & Videos | Four Seasons Hotel Chicago,65,Four Seasons Hotel Chicago presents a collection of photos and videos of this five-star Gold Coast hotel just off Magnificent Mile.,131,chicago luxury hotel photos & videos,,Photos & Videos,Hotel Overview% Accommodations,,,Owain,,
Chicago,2,2,2,2,Christmas,Seasonal,https://www.fourseasons.com/chicago/seasonal/christmas/,200,Christmas in Chicago,20,"Embrace holiday nostalgia with a modern twist at Four Seasons Hotel Chicago. This Christmas, delight in festive magic, renew traditions and reconnect with loved ones.",166,christmas in chicago,,Christmas in Chicago,,1,1,Owain,,
Chicago,2,2,2,2,Thanksgiving,Seasonal,https://www.fourseasons.com/chicago/seasonal/thanksgiving/,,,,,,thanksgiving in chicago,,,,,,,,
Chicago,2,2,2,2,Family,Services & amenities,https://www.fourseasons.com/chicago/services-and-amenities/family/,200,Chicago Family-Friendly Hotels | Four Seasons Hotel Chicago,59,"Four Seasons Hotel Chicago makes a wonderful family hotel in Chicago, whether your children are toddlers or teens.",114,"chicago family-friendly hotels
family-friendly hotel chicago",,Family-Friendly Hotel Chicago,Complimentary Family Amenities,,,Owain,,
Chicago,2,2,2,2,Spa & Wellness,"Weddings, Wellness & Dining",https://www.fourseasons.com/chicago/spa/,200,Spa Chicago | Downtown Chicago Spa | Four Seasons Hotel Chicago,63,"Embark on a journey of personal wellbeing with luxury treatments, steps from the Magnificent Mile and Michigan Avenue at the Spa at Four Seasons Hotel Chicago.",159,"chicago spa
spa chicago
","spa in chicago downtown
spa downtown chicago
luxury spa chicago",Chicago Spa,HOURS% Favourites% Spa Services% Relaxation Experiences,,,Owain,,
Chicago,2,2,2,2,Weddings,"Weddings, Wellness & Dining",https://www.fourseasons.com/chicago/weddings/,200,Chicago Weddings | Magnificent Mile | Four Seasons Hotel Chicago,64,"Four Seasons Hotel Chicago offers a grand location for your dream wedding from our elegant ballroom venues to elite planning services, amenities & more.",152,"chicago wedding
",chicago weddings,Chicago Weddings% Chicago Weddings,Real Wedding Experiences% Wedding and Vow Renewal Services,,,Owain,,
Costa Rica at Peninsula Papagayo,2,2,3,3,Frontpage,Home,https://www.fourseasons.com/costarica/,200,Costa Rica Resort | Four Seasons Costa Rica at Peninsula Papagayo,65,"Four Seasons Resort Costa Rica at Peninsula Papagayo offers boundless adventure, fine dining, spa treatments and more overlooking the Pacific Ocean.",148,peninsula papagayo resort | costa rica resort,luxury costa rica resort,"Peninsula Papagayo, Costa Rica% Peninsula Papagayo, Costa Rica% Peninsula Papagayo, Costa Rica% Costa Rica by Four Seasons","Find Your “Pura Vida,” where adventure and relaxation meet% Accommodations% Discover Costa Rica% Wellness Your Way% #FSCOSTARICA",,,Owain,,
Costa Rica at Peninsula Papagayo,2,2,3,3,Accommodations,Accommodation,https://www.fourseasons.com/costarica/accommodations/,200,Costa Rica Accommodations | Suites & Rooms | Four Seasons​,58,"Discover luxury accommodations at Four Seasons Costa Rica, featuring spacious resort suites and rooms, with private villas overlooking the ocean.",145,"
costa rica accommodations | costa rica suites​",costa rica hotel rooms,Costa Rica Accommodations,Miramar Suite (Three-Bedroom)% Canopy Premier Plunge Pool Suite (Three-Bedroom)% Canopy Plunge Pool Suite (One-Bedroom)% Canopy Suite (One-Bedroom)% Terraza Room% Brisa Room% Cielo Room% Casa Las Olas Six-Bedroom Residence% Casa Del Coco Five-Bedroom Residence% Casa del Mar Residence% Casa de la Luna Residence% Five-Bedroom Ballena Estate at Prieta Bay% Five-Bedroom Estate at Prieta Bay% Four-Bedroom Estate at Prieta Bay% Four-Bedroom Villa at Prieta Bay% Three-Bedroom Villa at Prieta Bay% Three-Bedroom Canopy Villa% Two-Bedroom Canopy Villa% Three-Bedroom Pacifico Residence% Two-Bedroom Pacifico Residence% One-Bedroom Canopy Villa% Interior Design,,1,Owain,,
Costa Rica at Peninsula Papagayo,2,2,3,3,Dining,"Weddings, Wellness & Dining",https://www.fourseasons.com/costarica/dining/,200,Restaurants Papagayo Costa Rica | Four Seasons Resort Costa Rica,64,Read about the finest Costa Rica dining with delicious dishes and exotic cocktails at the restaurants and bars found at Four Seasons Resort Costa Rica – where we aim to please every palate.,189,restaurants papagayo costa rica | costa rica dining,costa rica resort dining​,Costa Rica Dining% Costa Rica Dining% Costa Rica Dining,All Food and Drink% Meet the Team,,1,Owain,,
Costa Rica at Peninsula Papagayo,2,2,3,3,Experiences,Experiences,https://www.fourseasons.com/costarica/experiences/,200,Things to Do in Guanacaste | Costa Rica Activities,50,"Rainforest or beach, on land or at sea, fill your days with adrenaline-fuelled excursions or family adventures as we create unforgettable Costa Rica activities and experiences.",176,costa rica activities | costa rica experiences,costa rica experiences,Experiences,Land Pursuits% Aquatic Escapades% Local Experiences,,,Owain,,
Costa Rica at Peninsula Papagayo,2,2,3,3,Golf,Other,https://www.fourseasons.com/costarica/golf/,200,Golf Courses in Costa Rica | Four Seasons Resort Papagayo,57,"Ranked among the Top 100 Courses Outside the U.S. by Golf Digest, our 18-hole Arnold Palmer course delivers championship-level play, ocean views and resort amenities in Costa Rica.",180,"costa rica golf courses​ | costa rica golf​
",,Costa Rica Golf,The Course% Golf Experiences% Services & Amenities% More Services & Amenities,,,,,
Costa Rica at Peninsula Papagayo,2,2,3,3,Offers,Other,https://www.fourseasons.com/costarica/offers/,200,Costa Rica Vacation Packages & Hotel Offers | Four Seasons,58,Four Seasons Resort Costa Rica at Peninsula Papagayo offers luxury accommodations and a range of vacation and hotel packages. Book today.,137,costa rica packages | costa rica vacation,,Costa Rica Resort Offers & Packages,Featured Offer,,1,Owain,,
Costa Rica at Peninsula Papagayo,2,2,3,3,Photos & Videos,Other,https://www.fourseasons.com/costarica/photos-and-videos/,200,Costa Rica Hotel Photos & Videos | Four Seasons Resort Costa Rica,65,"View photos and videos of Four Seasons Resort Costa Rica at Peninsula Papgayo, a luxury five-star resort in Guanacaste, Costa Rica.",131,costa rica photos | costa rica videos,,Photos & Videos,Hotel Overview% Accommodations% Dining% Resort Adventures% Curated Experiences% Wellness Journey,,,Owain,,
Costa Rica at Peninsula Papagayo,2,2,3,3,Spa & Wellness,"Weddings, Wellness & Dining",https://www.fourseasons.com/costarica/spa/,200,Costa Rica Spa Resort | Four Seasons Resort Peninsula Papagayo,62,Discover your personal path to wellness with tailored treatments and therapeutic techniques inspired by the seas and rainforest around you at our Costa Rica spa.,161,costa rica spa resort | costa rica spa,,Costa Rica Spa% Costa Rica Spa% Costa Rica Spa,"Where Modern Wellness Meets Ancestral Rituals% Massages% Body Rituals% Nails% Meet the Team% Pura Vida Wellness% Fitness, Retail and Salon Services% HOURS",,,Owain,,
Costa Rica at Peninsula Papagayo,2,2,3,3,Private Retreats,Private Retreats,https://www.fourseasons.com/costarica/villa-residence-rentals/,200,Costa Rica Villas | Luxury Vacation Rental | Four Seasons Resort Costa Rica,75,Four Seasons Resort Costa Rica invites you to enjoy a laid-back Peninsula Papagayo lifestyle in the privacy and comfort of these luxury hilltop Costa Rica villas.,162,"
costa rica villas | luxury vacation rentals costa rica​",costa rica luxury villa | costa rica private villa,Villa & Residence Rentals% Villa & Residence Rentals,EXPLORE ACCOMMODATIONS% included% An elevated vacation experience,,1,Owain,,
Costa Rica at Peninsula Papagayo,2,2,3,3,Weddings,"Weddings, Wellness & Dining",https://www.fourseasons.com/costarica/weddings/,200,Weddings in Costa Rica | Four Seasons Resort at Peninsula Papagayo,66,"Four Seasons Resort Costa Rica offers the perfect location to celebrate your Costa Rica wedding among the lush, romantic landscapes of Peninsula Papagayo.",154,weddings in costa rica | peninsula papagayo wedding,costa rica wedding,Costa Rica Weddings% Costa Rica Weddings,Real wedding experiences% Wedding and Vow Renewal Services,,,Owain,,
Denver,1,1,3,3,Frontpage,Home,https://www.fourseasons.com/denver/,200,Denver Luxury Hotel | Downtown | Four Seasons Hotel Denver,58,Four Seasons Hotel Denver offers an urban retreat in the heart of Mile High City just minutes from the boutiques and restaurants of historic Larimer Square.,156,luxury hotels in denver​​ | downtown denver hotels​,hotels near ball arena denver​,Denver% Denver% Denver% Denver by Four Seasons,An Urban Retreat in the Heart of the Mile High City% Accommodations% Discover Denver% UNWIND IN TIMELESS ELEGANCE% #FSDENVER,,,Chris K,,
Denver,1,1,3,3,Accommodations,Accommodation,https://www.fourseasons.com/denver/accommodations/,200,Denver Hotel Rooms & Suites | Luxury Hotel | Four Seasons Denver,64,Four Seasons Hotel Denver offers 247 ultra-spacious guest rooms and suites in an urban-chic design that subtly reflects the natural beauty of Colorado.,151,downtown denver accommodation​ | hotel rooms downtown denver​,,Denver Accommodations,Deluxe Mountain-View Room% Deluxe Room% Superior Room% Premier Corner Room% One-Bedroom Suite% Executive Suite% One-Bedroom Presidential Suite% Two-Bedroom Presidential Suite% Three-Bedroom Presidential Suite% Premier One-Bedroom Suite% Deluxe Mountain-View Accessible Room% Deluxe Accessible Room% Superior Accessible Room% Premier Corner Accessible Room% One-Bedroom Accessible Suite% Accessible Executive Suite% Interior Design,,,Chris K,,
Denver,1,1,3,3,Dining,"Weddings, Wellness & Dining",https://www.fourseasons.com/denver/dining/,200,Four Seasons Hotel Denver | Restaurants & Bars | Fine Dining,60,"Four Seasons Hotel Denver is home to one of the city's most desirable destinations for all-day dining, glamorous entertaining and resort-style relaxation.",154,dining downtown denver co​ | fine dining denver​,,Denver Fine Dining% Denver Fine Dining% Denver Fine Dining,All Food and Drink% Meet The Team,,,Chris K,,
Denver,1,1,3,3,Offers,Other,https://www.fourseasons.com/denver/offers/,200,Denver Hotel Packages & Vacation Offers | Four Seasons,54,"Explore luxurious stays and unique packages at Four Seasons Hotel Denver, perfect for those looking for relaxation and adventure in the city.",141,denver hotel offers,,Denver Hotel Offers & Packages,Featured Offer,,,Chris K,,
Denver,1,1,3,3,Photos & Videos,Other,https://www.fourseasons.com/denver/photos-and-videos/,200,Denver Luxury Hotel Photos & Videos | Four Seasons Hotel Denver,63,Four Seasons Hotel Denver presents a collection of photos and videos of this five-star luxury hotel near the heart of downtown Denver.,134,"denver photos, denver videos",,Photos & Videos,Hotel Overview% Accommodations,,,Chris K,,
Denver,1,1,3,3,Spa & Wellness,"Weddings, Wellness & Dining",https://www.fourseasons.com/denver/spa/,200,Denver Spa | Massage & Facials | Four Seasons Hotel,51,"Four Seasons Denver invites guests to discover a menu of luxurious spa treatments including massages, facials, acupuncture and seasonal offerings.",146,luxury spa denver co​ | spa downtown denver​,massage downtown denver​,Denver Spa,Hours% Minor Policies% Favourites% Spa Services% Relaxation Experiences,,,Chris K,,
Denver,1,1,3,3,Weddings,"Weddings, Wellness & Dining",https://www.fourseasons.com/denver/weddings/,200,Denver Weddings | Four Seasons Hotel Denver,43,"Four Seasons Hotel Denver is the perfect location for your dream wedding, offering gorgeous venues, meticulous planning services, bespoke packages & more.",154,denver weddings,,Denver Weddings% Denver Weddings,Real Wedding Experiences% Wedding and Vow Renewal Services,,,Chris K,,
Doha,2,2,2,2,Frontpage,Home,https://www.fourseasons.com/doha/,200,5-Star Hotel in Doha Qatar | Doha Luxury Hotel | Four Seasons,61,"Looking for Doha luxury hotel in Qatar? Four Seasons is a seaside resort in the capital featuring 5-star rooms, fine dining, a private beach and more.",150,doha luxury hotel,,Doha% Doha% Doha% Doha by Four Seasons,"Five-Star Hotel in Doha, Qatar% Doha Hotel Rooms & Suites% Discover Doha% Our Doha Restaurants% #FSDOHA",,,Alina Ghost,,
Doha,2,2,2,2,Accommodations,Accommodation,https://www.fourseasons.com/doha/accommodations/,200,Doha Suites & Hotel Rooms in Qatar | Doha Accommodations at Four Seasons,72,Stay in one of Four Seasons Doha suites and rooms for a luxury experience. We offer Qatar city accommodations with stunning décor and fabulous views.,149,Doha suites,,Doha Hotel Rooms & Suites,Royal Suite% Presidential Suite% Three-Bedroom Suite% Two-Bedroom Suite% Premier One-Bedroom Suite% Ambassador One-Bedroom Suite% Executive Sea-View Suite% Executive Suite% Premier Sea-View Room% Deluxe Room% By Design,,,Alina Ghost,,
Doha,2,2,2,2,Dining,"Weddings, Wellness & Dining",https://www.fourseasons.com/doha/dining/,200,"Fine Dining Doha | Good Restaurants, Bars & Lounges | Four Seasons Hotel",72,Looking for best dining in Doha? Discover our best restaurants & bars – you can even learn sushi making – and enjoy the fine dining experience today.,149,fine dining doha,,Fine Dining Doha% Fine Dining Doha% Fine Dining Doha,All Food and Drink% Meet the Team% Explore More With Four Seasons Doha,,,Alina Ghost,,
Doha,2,2,2,2,Experiences,Experiences,https://www.fourseasons.com/doha/experiences/,200,"Doha Experiences | Desert Safari Tours, City Tours & More",57,Explore the city with Four Seasons Doha experiences – from desert safari tours to city and museum tours and more. Book your Doha experience today.,146,doha experiences,,Experiences,Local Experiences,,,Alina Ghost,,
Doha,2,2,2,2,Offers,Other,https://www.fourseasons.com/doha/offers/,200,Doha Hotel Offers & Packages | Four Seasons Package Holidays,60,Four Seasons Hotel Doha offers a variety of hotel package holidays. Find room rate offers featuring unparalleled Arabian luxury and other hotel offers.,151,doha hotel offers,,Doha Hotel Offers & Packages,Featured Offer,,,Alina Ghost,,
Doha,2,2,2,2,Photos & Videos,Other,https://www.fourseasons.com/doha/photos-and-videos/,200,Doha Photos & Videos in Qatar | Four Seasons Hotel Doha,55,Browse Doha photos and videos – find a collection of Qatar pictures and our Doha five-star beachfront resort in the heart of the capital city.,142,doha photos,,Photos & Videos,Hotel Overview% Accommodations% Dining,,,Alina Ghost,,
Doha,2,2,2,2,Spa & Wellness,"Weddings, Wellness & Dining",https://www.fourseasons.com/doha/spa/,200,Doha Spa | Luxury Spa in Qatar | Four Seasons Spa Hotel,55,"Visit our Four Seasons luxury spa hotel in Doha, offering relaxing massages and spa treatments throughout 11 treatment rooms with beachfront views.",147,spa hotel doha,,Spa Hotel Doha,HOURS% Favourites% Spa Massages & Treatments% Wellness Services% Seasonal Specials% Relaxation Experiences,,,Alina Ghost,,
Doha,2,2,2,2,Weddings,"Weddings, Wellness & Dining",https://www.fourseasons.com/doha/weddings/,200,"Doha, Qatar Weddings | Arabian Weddings | Four Seasons Hotel Doha",65,"Four Seasons Hotel Doha offers an unforgettable destination for your dream Qatar wedding, complete with VIP service, stunning views & more.",139,doha weddings ,,Doha Weddings Qatar% Doha Weddings Qatar,Real Doha Wedding Experiences% Wedding and Vow Renewal Services,,,Alina Ghost,,
"Doha, The Pearl",1,2,2,2,Frontpage,Home,https://www.fourseasons.com/thepearlqatar/,200,Qatar Beach Resort in Doha | Four Seasons at The Pearl-Qatar,60,Indulge in a glamorous beachfront home at Four Seasons Resort and Residences at The Pearl-Qatar – offering a new Four Seasons experience in Doha.,145,"qatar beach resort, resort in doha ",doha beach resorts,The Pearl-Qatar% The Pearl-Qatar% The Pearl-Qatar% THE PEARL-QATAR BY FOUR SEASONS,Glamorous Oceanfront Living at The Pearl-Qatar Beach Resort% Accommodations% Discover The Pearl-Qatar% A WORLD-CLASS CULINARY JOURNEY,,,GG,,
"Doha, The Pearl",1,2,2,2,Accommodations,Accommodation,https://www.fourseasons.com/thepearlqatar/accommodations/,200,Hotel Apartments Doha | Serviced Luxury at The Pearl | Four Seasons,67,"Ideal for vacations or shorter stays, our luxury furnished apartments offer expansive living areas complete with fully equipped kitchens and a private balcony.",159,resort apartments doha,the pearl luxury apartments ,Doha Hotel Apartments & Accommodations,One-Bedroom City-View Apartment% One-Bedroom Marina-View Apartment% Two-Bedroom City-View Apartment% Two-Bedroom Sea-View Apartment% Two-Bedroom Panoramic Sea-View Apartment% Three-Bedroom Panoramic Sea-View Apartment% One-Bedroom Marina-View Residence% Accessible One-Bedroom Marina-View Apartment% Accessible One-Bedroom City-View Apartment% By Design,,,GG,,
"Doha, The Pearl",1,2,2,2,Dining,"Weddings, Wellness & Dining",https://www.fourseasons.com/thepearlqatar/dining/,200,Doha Restaurants at The Pearl | Luxury Fine Dining | Four Seasons,65,We invite you to dine and unwind at our fine dining restaurants and cocktail lounges at Four Seasons Resort & Residences at the Pearl Qatar in Doha.,148,"fine dining doha, doha restaurants", the pearl restaurants,Fine Dining Doha% Fine Dining Doha% Fine Dining Doha,All Food and Drink% Explore More With Four Seasons Doha,,,GG,,
"Doha, The Pearl",1,2,2,2,Experiences,Experiences,https://www.fourseasons.com/thepearlqatar/experiences/,200,Doha Excursions & Activities | Unique Experiences | Four Seasons,64,"Discover unforgettable experiences, activities, and excursions in Doha at Four Seasons The Pearl Qatar. Explore diverse offerings and cultural highlights.",154,"doha excursions, doha activities
",doha experiences,Experiences,Facilities & Services% Wellness Activities,,,GG,,
"Doha, The Pearl",1,2,2,2,Offers,Other,https://www.fourseasons.com/thepearlqatar/offers/,200,Qatar Vacation Packages & Offers | Four Seasons Resort The Pearl-Qatar,70,Discover exclusive Qatar vacation packages and hotel offers for luxurious stays at Four Seasons Resort and Residences at The Pearl-Qatar.,137,qatar vacation packages,"staycation doha, doha vacation packages",Doha Vacation Packages,Featured Offer,,,GG,,
"Doha, The Pearl",1,2,2,2,Photos & Videos,Other,https://www.fourseasons.com/thepearlqatar/photos-and-videos/,200,Four Seasons Hotels and Resorts | Luxury Hotels | Four Seasons | Photos and Videos,82,Photos and Videos,17,the pearl qatar photos,,,Resort Overview% Accommodations% Dining% Spa,,,GG,,
"Doha, The Pearl",1,2,2,2,New Years Eve,Other,https://www.fourseasons.com/thepearlqatar/seasonal/new-year/,,,,,,new year in doha,,,,1,1,GG,,
"Doha, The Pearl",1,2,2,2,Ramadan ,Other,https://www.fourseasons.com/thepearlqatar/seasonal/ramadan/,,,,,,ramadan in qatar,,,,1,1,GG,,
"Doha, The Pearl",1,2,2,2,Spa & Wellness,"Weddings, Wellness & Dining",https://www.fourseasons.com/thepearlqatar/spa/,200,Doha Spa | Luxury Spa at The Pearl Qatar | Four Seasons,55,"Experience Loulou Spa at The Pearl Qatar, a luxury spa in Doha, offering personalized treatments, body therapies and pearl-inspired wellness rituals.",149,"spa doha, luxury spa doha ",day spa doha ,Loulou Doha Spa - The Pearl-Qatar,Hours% Favourites% Spa Services% Events% Relaxation Experiences,,,GG,,
"Doha, The Pearl",1,2,2,2,Spa & Wellness,"Weddings, Wellness & Dining",https://www.fourseasons.com/thepearlqatar/spa/fitness/,,,,,,gym in the pearl ,,,,,,GG,,
"Doha, The Pearl",1,2,2,2,Private Retreats,Private Retreats,https://www.fourseasons.com/thepearlqatar/villa-residence-rentals/,200,Doha Luxury Vacation Rentals & Retreats | The Pearl Qatar,57,"Perfect for both short & longer stays, our collection of luxury residences provides the perfect setting to experience Doha at Four Seasons at the Pearl Qatar.",158,vacation rentals qatar,,The Pearl-Qatar% The Pearl-Qatar% Explore accommodations,included% An elevated vacation experience,,,GG,,
Dubai at DIFC,2,2,3,3,Frontpage,Home,https://www.fourseasons.com/dubaidifc/,200,Luxury Hotel in Dubai DIFC | Near Burj Khalifa | Luxury Four Seasons,68,Looking for nice hotels in Dubai? Four Seasons offers a hotel in DIFC where you can experience a luxury urban getaway next to views of Burj Khalifa.,148,luxury hotel in dubai ,,Dubai International Financial Centre% Dubai International Financial Centre% Dubai International Financial Centre% Dubai DIFC by Four Seasons,A stylish boutique hotel nestled in DIFC% Accommodations in DIFC% Discover Dubai DIFC% Dubai's prestigious fine dining destination% Engage with us on social media using #FSDUBAIDIFC,,,Alina Ghost,,
Dubai at DIFC,2,2,3,3,Accommodations,Accommodation,https://www.fourseasons.com/dubaidifc/accommodations/,200,"Suites, Hotel Apartments & Accommodations in DIFC | Four Seasons",64,"Four Seasons nice hotel in Dubai offers upscale hotel apartments, rooms & suites accommodations in DIFC for a luxury experience. Book today.",140,accommodations in DIFC,,DIFC Hotel Apartments & Accommodations,Premier Room% Deluxe DIFC Room% Deluxe Room% Superior Room% Four Seasons Room% Deluxe Executive Suite% Executive Suite% Studio Suite Burj Khalifa View% Studio Suite% Penthouse Suite% Deluxe Terrace Suite% Terrace Suite% Residential Suite,,,Alina Ghost,,
Dubai at DIFC,2,2,3,3,Dining,"Weddings, Wellness & Dining",https://www.fourseasons.com/dubaidifc/dining/,200,Fine Dining DIFC Restaurants & Bars | Four Seasons in Dubai,59,"Experience fine dining in Dubai at Four Seasons DIFC; offering bars and restaurants where you can have business lunch, afternoon tea and more. Book now.",152,fine dining dubai,,Fine Dining Dubai% Fine Dining Dubai% Fine Dining Dubai,All Food and Drink% Culinary Activities% Private Dining,,,Alina Ghost,,
Dubai at DIFC,2,2,3,3,Experiences,Experiences,https://www.fourseasons.com/dubaidifc/experiences/,200,Dubai Experiences & Excursions | Desert Safari & More | Four Seasons,68,"Enjoy Dubai experiences & excursions, from Hatta Adventure to Dubai tours – try one of our desert safari packages, too. Book today.",131,dubai experiences,,Experiences,Local Experiences% Facilities & Services% Land Pursuits% Airborne Adventures% Aquatic Escapades,,,Alina Ghost,,
Dubai at DIFC,2,2,3,3,Offers,Other,https://www.fourseasons.com/dubaidifc/offers/,200,Luxury Dubai Hotel Offers | Four Seasons Dubai DIFC,51,Our Dubai hotel offers are designed to connect you to the unwavering pulse of Dubai.,84,dubai hotel offers,,Dubai Hotel Offers & Packages,Featured Offer,,,Alina Ghost,,
Dubai at DIFC,2,2,3,3,Photos & Videos,Other,https://www.fourseasons.com/dubaidifc/photos-and-videos/,200,DIFC Photos & Videos | Dubai International Financial Centre Photos,66,"View DIFC photos and videos of Four Seasons Hotel in Dubai, from the hotels exterior and Four Seasons restaurants to the luxury guest rooms.",140,DIFC photos ,,Photos & Videos,Hotel Overview% Accommodations% Dining,,,Alina Ghost,,
Dubai at DIFC,2,2,3,3,Spa & Wellness,"Weddings, Wellness & Dining",https://www.fourseasons.com/dubaidifc/spa/,200,"Spa Hotel in Dubai | Gym, Pool & Treatments in DIFC | Four Seasons",66,"Relax at our Four Seasons hotel spa in Dubai, DIFC and feel rejuvenated with luxury spa treatments or energized at our fitness gym & pool. Book today.",150,spa hotel in dubai,,Hotel Spa Dubai,HOURS% Favourites% Spa Services% Relaxation Experiences,,,Alina Ghost,,
Dubai at Jumeirah Beach,2,2,3,3,Frontpage,Home,https://www.fourseasons.com/dubaijb/,200,Dubai Beach Resort | Luxury Hotel on Jumeirah Beach | Four Seasons,66,"Dubai Beach Resort on Jumeirah Beach offers a beachfront oasis with a variety of spacious accommodations, fine dining, luxury hotel amenities and more.",151,Dubai Beach Resort,luxury hotel dubai,Dubai at Jumeirah Beach% Dubai at Jumeirah Beach% Dubai at Jumeirah Beach% DUBAI BY FOUR SEASONS,A beach hotel with stunning skyline vistas in Dubai% Accommodations in Jumeirah Beach% Discover Dubai at Jumeirah Beach% A Blissful Spa Experience in Dubai% Engage with us on social media using #FSDUBAI,,,Alina Ghost,,
Dubai at Jumeirah Beach,2,2,3,3,Accommodations,Accommodation,https://www.fourseasons.com/dubaijb/accommodations/,200,Dubai Luxury Hotel Rooms & Suites at Jumeirah Beach | Four Seasons,66,Dubai Jumeirah Beach resort offers Dubai luxury hotel rooms and suites with a seamless blend of luxury and contemporary Arabian style. Book today.,146,Dubai luxury hotel rooms,,Dubai Luxury Hotel Rooms & Suites,Deluxe Partial Sea-View Room% Deluxe City-View Room% Deluxe Resort-View Room% Dubai Premium Skyline Room% Premier Sea-View Room% Jumeirah Sea-View Suite% Jumeirah Skyline Suite% Sea-View Suite% Executive Suite% Royal Suite% Penthouse Suite% Presidential Suite% Imperial Suite% Interior Design% Accommodation Highlights,,,Alina Ghost,,
Dubai at Jumeirah Beach,2,2,3,3,Dining,"Weddings, Wellness & Dining",https://www.fourseasons.com/dubaijb/dining/,200,Luxury Restaurants in Dubai | Dining & Rooftop Bars on Jumeirah Beach,69,Experience luxury dining in Four Seasons Resort Dubai at Jumeirah Beach. Taste the finest cuisines at our restaurants and rooftop bars with city views.,151,luxury restaurants in dubai,,Dining% Dining% Dining,All Food and Drink% Meet The Team,,,Alina Ghost,,
Dubai at Jumeirah Beach,2,2,3,3,Experiences,Experiences,https://www.fourseasons.com/dubaijb/experiences/,200,Dubai Sightseeing & Attractions | City & Burj Khalifa Tours & More,66,Experience Dubai through city tours & see some of the best Dubai attractions. Do some sightseeing or make use of our Resort's tennis courts and more.,149,burj khalifa tour,,Experiences,Local Experiences% Land Pursuits% Aquatic Escapades% Airborne Adventures,,,Alina Ghost,,
Dubai at Jumeirah Beach,2,2,3,3,Offers,Other,https://www.fourseasons.com/dubaijb/offers/,200,Dubai Holiday Offers | Four Seasons Resort Dubai at Jumeirah Beach,66,Make the most of your luxury stay with our Dubai holiday offers. Indulge with our best offers at Four Seasons Resort at Jumeirah Beach – book today.,148,dubai holiday offers ,,Dubai Jumeirah Beach Offers & Packages,Featured Offer,,,Alina Ghost,,
Dubai at Jumeirah Beach,2,2,3,3,Photos & Videos,Other,https://www.fourseasons.com/dubaijb/photos-and-videos/,200,Jumeirah Beach Photos & Videos | Luxury Resort in Dubai Pictures,64,Browse Four Seasons Resort Dubai at Jumeirah Beach photos and videos. See our 5-star luxury Resort in pictures and get more excited for your visit.,147,jumeirah beach photos,,Photos & Videos,Hotel Overview% Services and Amenities% Accommodations% Dining% The Pearl Spa,,,Alina Ghost,,
Dubai at Jumeirah Beach,2,2,3,3,Spa & Wellness,"Weddings, Wellness & Dining",https://www.fourseasons.com/dubaijb/spa/,200,"Hotel Spa in Dubai | Massages, Treatments, Pool & More | Four Seasons",69,"If you’re looking at best spa hotels in Dubai look no further; find a fitness centre, pool, Dubai massage options, relaxation treatments and more.",146,spa in dubai,,Spa in Dubai% Spa in Dubai% Spa in Dubai,Hours% Favourites% Spa Services% Relaxation Experiences,,,Alina Ghost,,
Dubai at Jumeirah Beach,2,2,3,3,Weddings,"Weddings, Wellness & Dining",https://www.fourseasons.com/dubaijb/weddings/,200,Dubai Weddings | Jumeirah Beach Wedding | Four Seasons,54,"If you’re planning a dream Dubai wedding then let Four Seasons Resort at Jumeirah Beach make it a reality with enchanting venues, services & more.",146,dubai weddings,,Dubai Weddings% Dubai Weddings,Real Dubai Wedding Experiences% Wedding and Vow Renewal Services,,,Alina Ghost,,
Explorer Palau,1,1,2,2,Frontpage,Home,https://www.fourseasons.com/explorerpalau/,200,Luxury Cruising Resort in Palau | Four Seasons Explorer Palau,61,"Discover a Micronesian marvel on Four Seasons Explorer, luxury cruising resort in Palau with daily embarkations & disembarkations. Book now.",140,palau island resort | palau luxury resort​,"micronesia resorts​ | palau liveaboard​ | palau explorer cruising resort​
","Four Seasons Explorer, Palau% Four Seasons Explorer, Palau% Four Seasons Explorer, Palau% Palau by Four Seasons",Discover the Pacific’s last remaining frontier% A floating resort with daily embarkations% FREEDOM TO DISCOVER THE BEST OF PALAU: ON LAND OR AT SEA,,,Chris K,,
Explorer Palau,1,1,2,2,Accommodations,Accommodation,https://www.fourseasons.com/explorerpalau/accommodations/,#N/A,#N/A,#N/A,#N/A,#N/A,on board living palau | luxury accommodation,,#N/A,#N/A,,,Chris K,,
Explorer Palau,1,1,2,2,Dining,"Weddings, Wellness & Dining",https://www.fourseasons.com/explorerpalau/dining/,200,Fine Dining Onboard | Four Seasons Explorer Palau,49,"Indulge in all-inclusive dining on Four Seasons Explorer: indoor and outdoor dining, two bars, private barbecues and more. Book your stay today.",144,"cruise fine dining | luxury yacht dining room​
",,Dining% Dining,A world of culinary creativity,,,Chris K,,
Explorer Palau,1,1,2,2,Marine Marvels,Experiences,https://www.fourseasons.com/explorerpalau/marine-marvels/,#N/A,#N/A,#N/A,#N/A,#N/A,diving in palau,,#N/A,#N/A,,,Chris K,,
Explorer Palau,1,1,2,2,Offers,Other,https://www.fourseasons.com/explorerpalau/offers/,200,Palau Vacation Packages & Island Offers | Four Seasons,54,Explore exclusive Palau vacation packages on board Four Seasons Explorer. Enjoy luxurious accommodations and unforgettable experiences on land and at sea.,154,"palau vacation packages​ | palau tour package​
",,Palau Resort Offers & Packages,,,,Chris K,,
Explorer Palau,1,1,2,2,Photos & Videos,Other,https://www.fourseasons.com/explorerpalau/photos-and-videos/,#N/A,#N/A,#N/A,#N/A,#N/A,"palau photos, palau videos",,#N/A,#N/A,,,Chris K,,
Explorer Palau,1,1,2,2,Private Charter,Other,https://www.fourseasons.com/explorerpalau/private-charters/,#N/A,#N/A,#N/A,#N/A,#N/A,private charters palau | luxury yacht charter,,#N/A,#N/A,,,Chris K,,
Explorer Palau,1,1,2,2,Spa & Wellness,"Weddings, Wellness & Dining",https://www.fourseasons.com/explorerpalau/recreation-and-wellness/,200,Recreation and Wellness Experiences | Four Seasons Palau,56,"Immerse in Palau’s recreational activities: UNESCO rock island experiences, hiking & waterfalls, birdwatching, water sports, wellness & more. Book now.",151,"wellness cruise​ | yoga cruise​
",,Recreation & Wellness% Recreation & Wellness,Four Seasons Explorer Experiences,,,Chris K,,
Florence,3,3,3,3,Frontpage,Home,https://www.fourseasons.com/florence/,200,A Luxury 5-Star Hotel in Florence City Centre | Four Seasons Firenze,68,"Set in a garden sanctuary, Four Seasons Firenze is a luxury five-star Hotel in the heart of Florence city centre with views of the Duomo, a private pool and a Spa.",163,"luxury hotels in florence,5-star hotel florence","hotels in florence italy city center,hotels in florence italy near duomo",Firenze% Firenze% Firenze% Florence by Four Seasons,A LUXURY 5-star HOTEL STEEPED IN HISTORY in THE HEART OF FLORENCE% Accommodations% Discover Florence% Private Garden & Swimming Pool% #FSFLORENCE,,,Darren,,
Florence,3,3,3,3,Accommodations,Accommodation,https://www.fourseasons.com/florence/accommodations/,200,Florence Luxury Suites | Florence City Centre Hotel | Four Seasons,66,Four Seasons Hotel Florence offers an impressive variety of suites and guest rooms amid one of the largest private gardens and best Duomo views in the city.,156,"florence luxury suites,hotel rooms florence",suites in florence italy,Luxury Suites & Rooms in Florence,Royal Suite (della Gherardesca)% Presidential Suite de' Medici% Presidential Suite at Palazzo del Nero% Garden Suite% Frescoed Executive Suite% Duomo View Executive Suite% Renaissance Suite% Gallery Suite% Deluxe Executive Suite% Garden-View Executive Suite% Parlour Suite% Studio Suite% Four Seasons Room% Premier Room% Deluxe Room% Superior Room% Two-Bedroom Suite% Historical Three-Bedroom Suite% Presidential Two-Bedroom Suite% Presidential Three-Bedroom Suite% Royal Three-Bedroom Suite% The Palazzos,,,Darren,,
Florence,3,3,3,3,Dining,"Weddings, Wellness & Dining",https://www.fourseasons.com/florence/dining/,200,Discover the Best Florence Fine Dining Restaurants & Bars | Four Seasons Firenze,80,"Enjoy  authentic Italian flavours with only the freshest ingredients among our various fine dining restaurants in the heart of Florence, including the Michelin-starred Il Palagio and Al Fresco and Pool Tree Bar.",211,"fine dining florence,florence restaurants",,Fine Dining Florence% Fine Dining Florence% Fine Dining Florence,All Food and Drink% Exceptional Dining,,,Darren,,
Florence,3,3,3,3,Brunch,Other,https://www.fourseasons.com/florence/dining/restaurants/brunch/,200,Sunday Brunch in Florence | Four Seasons Hotel Firenze,54,"Discover the best Sunday brunch in Florence at Four Seasons. Enjoy live gourmet stations, seasonal Italian dishes and gluten-free options in the heart of the city.",163,Brunch in Florence,,Luxury Sunday Brunch in the Heart of florence,Brunch Hours% Buffet Brunch% Brunch Menu Highlights% More Dining Options,1,,Darren,,
Florence,3,3,3,3,Restaurant,"Weddings, Wellness & Dining",https://www.fourseasons.com/florence/dining/restaurants/il_palagio/,200,Michelin-Starred Restaurant in Florence | Il Palagio | Four Seasons Firenze,75,"Il Palagio, a Michelin-starred restaurant in the heart of Florence, offers a seasonal menu, featuring regional cuisine prepared with a contemporary twist, accompanied by exceptional Italian wines.",196,Michelin-Starred Restaurant Florence,tasting menu florence,Il Palagio,HOURS% included% MENUS% Signature Drink & Dishes% Highlight% The Team% Awards% More Dining Options,1,,Darren,,
Florence,3,3,3,3,Experiences,Experiences,https://www.fourseasons.com/florence/experiences/,200,Private Tours in Florence | Tailored Experiences with Four Seasons,66,Explore Florence with our bespoke private tours. Experience the city’s rich culture and history with personalized attention. Discover Florence like never before with Four Seasons.,179,"Private tours in Florence, florence experiences",,Experiences,Local Experiences% Airborne Adventures,,,Darren,,
Florence,3,3,3,3,Offers,Other,https://www.fourseasons.com/florence/offers/,200,Florence Hotel Offers & Packages | Four Seasons Florence,56,Discover exclusive Florence hotel offers and packages at Four Seasons. Experience luxury with our specially designed packages that highlight the best of Florence.,162,"florence hotel offers,florence hotel packages",,Florence Hotel Offers & Packages,Featured Offer,,,Darren,,
Florence,3,3,3,3,Photos & Videos,Other,https://www.fourseasons.com/florence/photos-and-videos/,200,Florence Luxury Hotel Photos & Videos | Four Seasons Hotel Firenze,66,"View photos and videos of Four Seasons Hotel Firenze, a luxury, five-star hotel in Florence, Italy with a hotel Spa and fine dining restaurants.",144,florence hotel photos,,Photos & Videos,Hotel Overview% Accommodations% Dining,,,Darren,,
Florence,3,3,3,3,Seasonal,Other,https://www.fourseasons.com/florence/seasonal/christmas/,200,Christmas in Florence | Four Seasons Hotel Firenze,50,"Celebrate Christmas in Florence with festive dinners, brunches, and markets at Four Seasons Hotel Firenze — your holiday home in the heart of Tuscany.",150,christmas in florence,"christmas dinner florence, christmas lunch florence, christmas eve dinner florence",Christmas in Florence,Christmas in Florence Highlights% included,1,,,,
Florence,3,3,3,3,Seasonal,Other,https://www.fourseasons.com/florence/seasonal/new-year/,200,New Year’s Eve in Florence | Four Seasons Hotel Firenze,55,"Celebrate New Year’s Eve in Florence with gala dinners, music and midnight parties at Four Seasons Hotel Firenze, where the night begins in timeless style.",155,new years eve in florence,"new years eve dinner florence, new years eve party florence",New Year’s Eve in Florence,New Year’s Eve in Florence Highlights% included,1,,,,
Florence,3,3,3,3,Couples,Other,https://www.fourseasons.com/florence/services-and-amenities/couples/,200,Romantic Hotel in Florence | Luxury Couples’ Getaway,52,"Experience romance at Four Seasons Hotel Firenze: luxury suites, private dining, couples’ spa and honeymoon packages for an unforgettable getaway.",146,romantic hotel florence,romantic getaway in florence,Discover Florence’s Most Romantic Hotel,Romantic Private Dining% Couples’ Experiences% included% Couples’ Spa & Wellness% Suites with Views,1,,,,
Florence,3,3,3,3,Family,Other,https://www.fourseasons.com/florence/services-and-amenities/family/,200,Family and Kid-Friendly Hotel in Florence | Four Seasons Firenze,64,"Enjoy an unforgettable family vacation in Florence at our Four Seasons Hotel, with special family and kid-friendly activities and amenities. Book your stay now.",160,family friendly hotels florence|florence family hotels,"family hotel florence,kid friendly hotel",Family-Friendly Hotel in Florence,included% Children’s Amenities and Services,1,,Darren,,
Florence,3,3,3,3,Pools,Other,https://www.fourseasons.com/florence/services-and-amenities/pool/,,,,,,florence hotel pool,florence hotel with pool,,,1,,Darren,,
Florence,3,3,3,3,Spa & Wellness,"Weddings, Wellness & Dining",https://www.fourseasons.com/florence/spa/,200,"Four Seasons Florence Spa Hotel With Gym, Pool & Sauna",54,"The Spa at Four Seasons Hotel Florence offers a wide range of luxury treatments, from massages and facials to signature treatments, salon services and more.",156,"florence spa,spa hotel florence",,Florence Spa Hotel,HOURS% Favourites% Spa Services% Wellness Services% Relaxation Experiences,,,Darren,,
Florence,3,3,3,3,Couples Massage,Other,https://www.fourseasons.com/florence/spa/couples-massage/,200,Luxury Couples’ Massage in Florence | Four Seasons Spa,54,"Indulge in a romantic couples’ massage at Four Seasons Hotel Firenze: a serene spa escape in the heart of Tuscany, perfect for relaxation and wellness.",151,couples massage florence,,Unwind Together: The Ultimate Couples’ Massage in Florence,Couples’ Massage% Couples’ Spa Package% included% Couples’ Suite,1,,Darren,,
Florence,3,3,3,3,Weddings,"Weddings, Wellness & Dining",https://www.fourseasons.com/florence/weddings/,200,"Your Dream Wedding Awaits in Florence, Tuscany | Four Seasons Hotel",67,"Experience the perfect Florence wedding with curated packages, expert planning and romantic Tuscany backdrops at Four Seasons Florence.",135,florence weddings,tuscany wedding,Florence Weddings% Florence Weddings,"Your Wedding in Florence, Tuscany% Florence Wedding Packages & Vow Renewal Services",,,Darren,,
Florence,3,3,3,3,Honeymoon,"Weddings, Wellness & Dining",https://www.fourseasons.com/florence/weddings/honeymoon/,200,Romantic Florence Honeymoon Package | Four Seasons Florence,59,"Celebrate your honeymoon at Four Seasons Hotel Florence, Tuscany. Book now for luxurious spa suites, intimate dining and romantic couples' experiences.",151,florence honeymoon,"tuscany honeymoon,florence honeymoon package,florence honeymoon hotel",Florence Honeymoons,,1,,Darren,,
Fort Lauderdale,2,2,2,2,Frontpage,Home,https://www.fourseasons.com/fortlauderdale/,200,Fort Lauderdale Luxury Hotel | Four Seasons Hotel,49,"Discover our luxury, beach hotel in Fort Lauderdale located just moments away from the best shops, restaurants, marinas and entertainment. Book now.",148,"fort lauderdale luxury hotel, beachfront hotel fort lauderdale",,Fort Lauderdale% Fort Lauderdale% Fort Lauderdale% FORT LAUDERDALE BY FOUR SEASONS% Residences available for purchase,Fort Lauderdale’s Five Diamond Beachfront Escape% Accommodations% Discover Fort Lauderdale% Refined Fun and Chic Amenities by the Beach,,,Jon,,
Fort Lauderdale,2,2,2,2,Accommodations,Accommodation,https://www.fourseasons.com/fortlauderdale/accommodations/,200,Hotel Suites Fort Lauderdale | Four Seasons Fort Lauderdale,59,"Discover luxury suites, guest rooms & beach rentals in Fort Lauderdale with ocean views. Book your coastal escape at Four Seasons Fort Lauderdale now.",150,"hotel suites fort lauderdale, Fort Lauderdale Accommodations",,Fort Lauderdale Accommodations,Lauderdale-View Room% Intracoastal Room% Ocean-View Room% Prime Ocean-View Room% Lauderdale-View Suite% Prime Lauderdale-View Suite% Grand One-Bedroom Suite% Birch Oceanfront Terrace Suite% Intracoastal One-Bedroom Residential Suite% Intracoastal Two-Bedroom Residential Suite% Ocean-View One-Bedroom Residential Suite% Ocean-View Two-Bedroom Residential Suite% Grand Ocean-View Two-Bedroom Residential Suite% Grand Ocean-View Three-Bedroom Residential Suite% Panoramic Oceanfront Two-Bedroom Residential Suite% Lauderdale-View Accessible Room% Intracoastal Accessible Room% Prime Ocean-View Accessible Room% Lauderdale-View Accessible Suite% Prime Lauderdale-View Accessible Suite% By Design,,,Jon,,
Fort Lauderdale,2,2,2,2,Dining,"Weddings, Wellness & Dining",https://www.fourseasons.com/fortlauderdale/dining/,200,Fine Dining Fort Lauderdale | Four Seasons Hotel,48,"Experience fine dining at our Fort Lauderdale restaurants. With mediterranean and japaneses cuisine, book your luxury restaurant experience now.",144,"fine dining fort lauderdale, fort lauderdale restaurants",fort lauderdale beach restaurants,Fine Dining Restaurants and Bars in Fort Lauderdale% Fine Dining Restaurants and Bars in Fort Lauderdale% Fine Dining Restaurants and Bars in Fort Lauderdale,All Food and Drink,,,Jon,,
Fort Lauderdale,2,2,2,2,Experiences,Experiences,https://www.fourseasons.com/fortlauderdale/experiences/,200,Fort Lauderdale Activities and Experiences | Four Seasons,57,"Discover top Fort Lauderdale activities and experiences at Four Seasons. From beach days to yacht tours, create unforgettable memories. Book your adventure now.",160,fort lauderdale experiences,fort lauderdale activities,Experiences,Aquatic Escapades% Facilities & Services% Airborne Adventures,,,Jon,,
Fort Lauderdale,2,2,2,2,Family,Other,https://www.fourseasons.com/fortlauderdale/family/,200,Fort Lauderdale Family Activities | Four Seasons,48,"Discover Fort Lauderdale family activities at Four Seasons — boating, beaches, cultural attractions, family daybeds and our signature electric MOKE.",148,fort lauderdale family activities,,Fort Lauderdale Family Activities,Fort Lauderdale Family Highlights and Activities,,,Jon,,
Fort Lauderdale,,2,2,2,"Luxury Hotel Near Cruise Port Everglades, Fort Lauderdale",Other,https://www.fourseasons.com/fortlauderdale/hotel-near-cruise-port-everglades/,200,Luxury Hotel Near Port Everglades Cruise Port,45,Stay minutes from Port Everglades with complimentary shuttle service in a luxury car. A perfect pre- or post-cruise stay at Four Seasons Fort Lauderdale.,153,hotel near port everglades cruise port,,"Luxury Hotel Near Cruise Port Everglades, Fort Lauderdale",Hotel Highlights,,,Jon,,
Fort Lauderdale,2,2,2,2,Offers,Other,https://www.fourseasons.com/fortlauderdale/offers/,200,Fort Lauderdale Hotel Packages | Four Seasons Fort Lauderdale,61,Explore exclusive offers and packages at Four Seasons Fort Lauderdale. Enjoy luxury accommodations and unique experiences. Book your getaway today.,147,"fort lauderdale hotel packages, fort lauderdale hotel offers",,Fort Lauderdale Hotel Offers & Packages,Featured Offer,,,Jon,,
Fort Lauderdale,2,2,2,2,Photos & Videos,Other,https://www.fourseasons.com/fortlauderdale/photos-and-videos/,200,Four Seasons Fort Lauderdale Photos & Videos,44,"View Four Seasons Fort Lauderdale photos & videos of oceanfront suites, pools, dining and beachside experiences at our resort-style luxury hotel.",145,four seasons fort lauderdale photos & videos,,,Hotel Overview% Dining,,,Jon,,
Fort Lauderdale,,2,2,2,New Year,Other,https://www.fourseasons.com/fortlauderdale/seasonal/new-year/,200,Fort Lauderdale New Year’s Eve 2025 | Four Seasons,50,"Celebrate New Year’s Eve 2025 in Fort Lauderdale with an oceanfront stay, festive dining, seasonal events and luxury celebrations at Four Seasons.",146,fort lauderdale new year's eve,,New Year’s Eve 2025 in Fort Lauderdale,included% Hotel Highlights,,,Jon,,
Fort Lauderdale,2,2,2,2,Spring Break,Other,https://www.fourseasons.com/fortlauderdale/seasonal/spring-break/,,,,,,fort lauderdale spring break,,,,1,,Jon,,
Fort Lauderdale,2,2,2,2,Valentine's Day,Other,https://www.fourseasons.com/fortlauderdale/seasonal/valentines-day/,,,,,,valentine's day in fort lauderdale,,,,1,,Jon,,
Fort Lauderdale,2,2,2,2,Spa & Wellness,"Weddings, Wellness & Dining",https://www.fourseasons.com/fortlauderdale/spa/,200,Spa Fort Lauderdale | Luxury Spa & Salon | Four Seasons,55,"Experience soothing massages, hydrating facials, salon & nail care services and more at the Spa at Four Seasons Hotel & Residences Fort Lauderdale.",147,"fort lauderdale spa, fort lauderdale spa hotel",,Fort Lauderdale Spa,Hours% Favourites% Spa Services% Relaxation Experiences,,,Jon,,
Fort Lauderdale,2,2,2,2,Private Retreats,Private Retreats,https://www.fourseasons.com/fortlauderdale/villa-residence-rentals/,200,Luxury Vacation Rentals in Fort Lauderdale | Four Seasons,57,"Discover luxurious Fort Lauderdale vacation rentals with a yacht club lifestyle. Enjoy personalized market shopping, chef-guided experiences, and sunset cocktails. Book now.",173,luxury vacation rentals fort lauderdale,,Villa & Residence Rentals% Villa & Residence Rentals% Explore accommodations,included% An elevated vacation experience,,,Jon,,
Fort Lauderdale,2,2,2,2,Weddings,"Weddings, Wellness & Dining",https://www.fourseasons.com/fortlauderdale/weddings/,200,Fort Lauderdale Beachfront Wedding Venue | Four Seasons,55,"With sophisticated style and legendary service, Four Seasons Hotel Fort Lauderdale brings expertise, exceptional cuisine & more to your wedding celebration.",156,fort lauderdale wedding,,Fort Lauderdale Weddings% Fort Lauderdale Weddings,LUXURY WEDDING EXPERIENCES IN FORT LAUDERDALE% OUR WEDDING SERVICES,,Correction of an existing error. Target keyword in CMM was Fort Lauderdale wedding venues. It should've been Fort Lauderdale wedding. Changed on April 2nd 2026 ,Jon,,
Geneva,2,2,2,2,Frontpage,Home,https://www.fourseasons.com/geneva/,200,Lake Geneva | 5-Star Luxury Hotel | Four Seasons Switzerland,60,"Our Four Seasons Lake Geneva luxury hotel blends history with spacious accommodations, fine dining and more in the heart of the city. Book now.",143,5-star hotels in geneva | geneva luxury hotels,lake geneva luxury hotels,Geneva% Geneva% Geneva% Geneva by Four Seasons,A landmark Lake Geneva Hotel since 1834% Accommodations% Discover Geneva% Spa Escape% #FSGENEVA,,,Hannah,,"[HR] Note: Web team changed 5-Star to Five-Star in the body copy, but we use 5-Star in the HTML Title. Can you please check this one scores as intended?"
Geneva,2,2,2,2,Accommodations,Accommodation,https://www.fourseasons.com/geneva/accommodations/,200,Luxury Rooms & Suites | Lake Geneva | Four Seasons Hotel,56,"Four Seasons Hotel des Bergues Geneva offers luxury accommodations, including rooms and suites, combining Swiss elegance with enchanting views. Book now.",153,luxury suites geneva | geneva hotel suites,lake geneva hotel suites,Luxury Suites & Rooms in Geneva,Loft Room% Deluxe Room% Superior Room% Standard Room% Suite Léman% Suite Mont Blanc% Executive Loft Suite% Executive Suite% Loft Suite% Les Bergues Suite% Royal Suite% Presidential Suite – Genève% Presidential Suite – Bergues% Presidential Suite – Loft% Presidential Suite – Lake View% Interior Design,,,Hannah,,
Geneva,2,2,2,2,Dining,"Weddings, Wellness & Dining",https://www.fourseasons.com/geneva/dining/,200,Geneva Restaurants | Fine Dining by Lake Geneva | Four Seasons Hotel,68,"Explore exceptional restaurants in Geneva at Four Seasons Hotel des Bergues, offering Michelin-starred cuisine and rooftop dining with stunning lake views.",155,geneva restaurants | fine dining geneva,lake geneva restaurants,Geneva Restaurants & Bars% Geneva Restaurants & Bars% Geneva Restaurants & Bars,All Food and Drink% Culinary Activities,,,Hannah,,[HR] I've moved fine dining from primary to secondary as concerned having both terms are hurting the scoring. 
Geneva,2,2,2,2,Dining,"Weddings, Wellness & Dining",https://www.fourseasons.com/geneva/dining/restaurants/il_lago/,200,Michelin-Starred Italian Restaurant in Geneva | Il Lago at Four Seasons,71,"Experience the pinnacle of Italian cuisine at Il Lago, a Michelin-starred restaurant in Geneva at Four Seasons. Reserve your table now.",135,italian restaurant geneva | michelin-starred restaurant geneva,michelin star restaurants geneva,Il Lago,Hours% Menus% Signature Dishes% The Team% More Dining Options,,,Hannah,,
Geneva,2,2,2,2,Dining,"Weddings, Wellness & Dining",https://www.fourseasons.com/geneva/dining/restaurants/izumi/,200,Japanese Restaurant Geneva | Rooftop Bar | Izumi,48,Izumi at Four Seasons Hotel Geneva is a trendy rooftop bar and Japanese and sushi restaurant with stunning views of the city. Book your table today.,148,japanese restaurant geneva | rooftop bar geneva,,Izumi,Hours% Menus% SIGNATURE DISHES & Drinks% The Team% More Dining Options,,,Hannah,,
Geneva,2,2,2,2,Experiences,Experiences,https://www.fourseasons.com/geneva/experiences/,200,"Experiences in Geneva, Switzerland | Four Seasons Hotel des Bergues",67,"From scenic lake cruises to helicopter flights over Mont Blanc, discover curated experiences at Four Seasons Hotel Geneva for unforgettable Swiss escapes.",154,experiences in geneva | geneva experiences,,Experiences,Wellness Activities% Local Experiences,,,Hannah,,
Geneva,2,2,2,2,Offers,Other,https://www.fourseasons.com/geneva/offers/,200,Geneva Hotel Offers and Packages | Four Seasons Hotel des Bergues,65,Explore exclusive hotel offers and packages at Four Seasons Hotel des Bergues in Geneva. Book now for a luxurious stay in Switzerland’s vibrant city.,149,geneva hotel offers | hotel offers geneva,,Hotel Offers & Packages,Featured Offer,,,Hannah,,
Geneva,2,2,2,2,Photos & Videos,Other,https://www.fourseasons.com/geneva/photos-and-videos/,200,Geneva Hotel Photos & Videos | Four Seasons des Bergues Geneva,62,Four Seasons Hotel des Bergues Geneva presents a collection of photos and videos of this luxurious 5-star property in the heart of Geneva.,138,geneva hotel photos,,Photos & Videos,Hotel Overview% Accommodations% Dining,,,Hannah,,
Geneva,2,2,2,2,Seasonal,Seasonal,https://www.fourseasons.com/geneva/seasonal/christmas/,#N/A,#N/A,#N/A,#N/A,#N/A,christmas in geneva | christmas geneva,,#N/A,#N/A,,,Hannah,,
Geneva,2,2,2,2,Spa & Wellness,"Weddings, Wellness & Dining",https://www.fourseasons.com/geneva/spa/,200,Spa Geneva | The Spa at Four Seasons Hotel Geneva,49,The Spa at Four Seasons Hotel Geneva offers a range of luxurious signature and locally inspired therapies designed to optimize your wellness. Book now.,151,spa geneva,,Geneva Spa% Geneva Spa% Geneva Spa,Hours% Favourites% Events% Spa Services% Wellness Services% Wellness & Relaxation Experiences,,,Hannah,,
Geneva,2,2,2,2,Weddings,"Weddings, Wellness & Dining",https://www.fourseasons.com/geneva/weddings/,200,"Weddings in Geneva, Switzerland | Four Seasons Hotel des Bergues",64,Celebrate your wedding in Geneva at Four Seasons over stunning views of Lake Geneva and the Swiss mountains. Let us help plan your perfect wedding today.,153,wedding geneva,,Geneva Weddings% Geneva Weddings,Real Wedding Experiences% Wedding and Vow Renewal Services,,,Hannah,,
Geneva,2,2,2,2,Weddings,"Weddings, Wellness & Dining",https://www.fourseasons.com/geneva/weddings/honeymoon/,200,"Honeymoon in Geneva, Switzerland | Four Seasons Hotel des Bergues",65,"Escape to romance on the shores of Lake Geneva with a honeymoon at Four Seasons Geneva. Luxurious suites, Alpine scenery and serene waters await.",145,geneva honeymoon,,Geneva Honeymoons,,,,Hannah,,
Geneva,2,2,2,2,Weddings,"Weddings, Wellness & Dining",https://www.fourseasons.com/geneva/weddings/venues/,200,"Wedding Venues in Geneva, Switzerland | Four Seasons Hotel",58,"Our wedding venues feature elegant salons, private terraces and stunning views of Lake Geneva. Host your dream wedding at Four Seasons Geneva, Switzerland.",155,geneva wedding venues,,Geneva Wedding Venues,Find a Venue,,,Hannah,,
Golden Triangle,1,1,1,1,Frontpage,Home,https://www.fourseasons.com/goldentriangle/,200,Luxury Camping in Thailand | Four Seasons Golden Triangle,57,"Experience luxury tented camp accommodation with Four Seasons Golden Triangle, featuring mesmerizing bamboo jungles, open-air spa and much more.",144,​ glamping thailand​ | chiang rai resorts thailand​,"golden triangle glamping​ | elephant tented camp thailand​ | luxury camping thailand​ | luxury camping chiang mai​ |
golden triangle resort",Golden Triangle% Golden Triangle% Golden Triangle% Golden Triangle by Four Seasons,A magical escape in tented camp luxury% Accommodations% Discover Golden Triangle% Body Renewal% #FSTENTEDCAMP,,,,,
Golden Triangle,1,1,1,1,Accommodations,Accommodation,https://www.fourseasons.com/goldentriangle/accommodations/,200,Luxury Tents & Explorer’s Lodge | Four Seasons Golden Triangle,62,"Discover luxury tents and the Explorer’s Lodge at Four Seasons Tented Camp Golden Triangle, offering privacy, river views and Thai jungle serenity.",147,chiang rai accommodation​ | luxury tents thailand​,,Golden Triangle Accommodations,Golden Triangle Tent% Mekong Tent% Bamboo Tent% Explorer's Lodge% By Design,,,,,
Golden Triangle,1,1,1,1,Dining,"Weddings, Wellness & Dining",https://www.fourseasons.com/goldentriangle/dining/,200,"Golden Triangle, Thailand Fine Dining | Four Seasons Tented Camp",64,"Four Seasons Golden Triangle offers the finest Thai, Laotian and Burmese cuisine in a relaxing fine dining atmosphere at our luxury Tented Camp.",144,fine dining chiang rai​ | chiang rai restaurant​,fine dining restaurants golden triangle​,Golden Triangle Fine Dining% Golden Triangle Fine Dining% Golden Triangle Fine Dining,All Food and Drink% Exceptional Dining% Meet the Team% Views from our guests,,,,,
Golden Triangle,1,1,1,1,Experiences,Experiences,https://www.fourseasons.com/goldentriangle/experiences/,200,Immersive Chiang Rai Experiences | Four Seasons Golden Triangle,63,"Discover immersive Chiang Rai excursions, cultural activities and Thailand experiences at Four Seasons Golden Triangle, surrounded by nature.",141,,,Experiences,Local Experiences,,,,,Empty field
Golden Triangle,1,1,1,1,Offers,Other,https://www.fourseasons.com/goldentriangle/offers/,200,Golden Triangle Vacation Packages & Hotel Offers | Four Seasons,63,"Immerse in luxury glamping at Four Seasons Resort Golden Triangle. Enjoy nature, comfort and adventure with exclusive Chiang Rai packages. Book today.",150,,,Golden Triangle Offers & Packages,Featured Offer,,,,,Empty field
Golden Triangle,1,1,1,1,Photos & Videos,Other,https://www.fourseasons.com/goldentriangle/photos-and-videos/,200,Photos & Videos | Four Seasons Golden Triangle Tented Camp,58,"Explore stunning photos and videos of Four Seasons Tented Camp Golden Triangle, with luxury tents, river views and immersive Thailand experiences.",146,,,Photos & Videos,Hotel Overview% Accommodations% Services & Amenities% Dining% Private Sundowners% Experiences,,,,,Empty field
Golden Triangle,1,1,1,1,Spa & Wellness,"Weddings, Wellness & Dining",https://www.fourseasons.com/goldentriangle/spa/,200,Golden Triangle Spa I Four Seasons Tented Camp,46,"Rejuvenate body and spirit at our jungle-fringed spa in Northern Thailand. Discover open-air treatments, Thai herbal rituals and soothing wellness therapies at Four Seasons Tented Camp Golden Triangle.",201,chiang rai resort spa​ | triangle spa​,"chiang rai thai massage​ | golden triangle massage​
",Luxury Golden Triangle Spa,Hours% Favourites% Spa Services% Views from our guests% Meet the Team% Relaxation experiences,,,,,Second keyword missing location
Golden Triangle,1,1,1,1,Weddings,"Weddings, Wellness & Dining",https://www.fourseasons.com/goldentriangle/weddings/,200,Luxury Chiang Rai Weddings | Four Seasons Tented Camp,53,"Host an intimate Chiang Rai wedding at Four Seasons Tented Camp Golden Triangle, surrounded by nature, serenity and bespoke experiences.",136,,,Golden Triangle Weddings% Golden Triangle Weddings,Real Wedding Experiences% Wedding and Vow Renewal Services,,,,,Empty field
Guangzhou,2,2,2,2,Frontpage,Home,https://www.fourseasons.com/guangzhou/,200,Guangzhou Hotel | Guangzhou Luxury Hotel | Four Seasons Hotel Guangzhou,71,"Four Seasons Hotel Guangzhou is a luxury hotel occupying the 74th to 98th floors of the Guangzhou IFC tower, with unrivalled views of the Pearl River Delta.",156,"

guangzhou luxury hotel
guangzhou hotel","hotels in guangzhou china
hotels in guangzhou

5-star hotel guangzhou china",Guangzhou% Guangzhou% Guangzhou% Guangzhou by Four Seasons,A Guangzhou Luxury Hotel in the Clouds% Accommodations% Discover Guangzhou% #FSGuangzhou,,,Owain,,
Guangzhou,2,2,2,2,Accommodations,Accommodation,https://www.fourseasons.com/guangzhou/accommodations/,200,Guangzhou Hotel Suites & Rooms | Four Seasons Hotel Guangzhou,61,"Experience luxurious Guangzhou hotel suites with elegant design, skyline views and exceptional Four Seasons service for a refined stay in the heart of the city.",160,"
guangzhou hotel rooms",guangzhou hotel suites,Guangzhou Hotel Rooms & Suites,Skyline City-View Room% Skyline City-View Room with Windowside Bathtub% Pearl River-View Room% Pearl River-View Room with Windowside Bathtub% Canton Tower-View Room% Canton Tower-View Room with Windowside Bathtub% Tower Room% Superior Room% Deluxe Room% Deluxe Room River View% Superior Room Canton Tower View% Premier Room River View% Premier Room Canton Tower View% Club Premier Room Canton Tower View% Deluxe Suite% Deluxe Suite River View% Deluxe Suite Canton Tower View% Presidential Suite% Royal Suite,,1,Owain,,
Guangzhou,2,2,2,2,Dining,"Weddings, Wellness & Dining",https://www.fourseasons.com/guangzhou/dining/,200,Guangzhou Restaurants & Bars | Fine Dining | Four Seasons Hotel,63,"Four Seasons embodies Guangzhou’s exciting new standard for fine dining, featuring restaurants & bars with dramatic upper-floor settings and a range of cuisines.",161,"
guangzhou restaurants",guangzhou fine dining,Guangzhou Fine Dining% Guangzhou Fine Dining% Guangzhou Fine Dining,All Food and Drink% Events,,1,Owain,,
Guangzhou,2,2,2,2,Experiences,Experiences,https://www.fourseasons.com/guangzhou/experiences/,200,Guangzhou Experiences | Four Seasons Hotel Guangzhou,52,"Discover unique Guangzhou experiences, offerings and activities at Four Seasons Hotel Guangzhou.",96,guangzhou experiences,things to do in guangzhou,Experiences,,,,Owain,,
Guangzhou,2,2,2,2,Offers,Other,https://www.fourseasons.com/guangzhou/offers/,200,Guangzhou Luxury Hotel Offers and Promotions | Four Seasons Hotel Guangzhou,75,Explore a range of Guangzhou hotel offers and packages at Four Seasons Hotel Guangzhou.,87,guangzhou hotel offers,,Guangzhou Hotel Offers & Packages,Featured Offer,,,Owain,,
Guangzhou,2,2,2,2,Spa & Wellness,"Weddings, Wellness & Dining",https://www.fourseasons.com/guangzhou/spa/,200,Guangzhou Spa | Massages & Facials | Four Seasons,49,Hua Spa at Four Seasons Hotel Guangzhou offers a variety of personalized spa experiences from body and aromatherapy treatments to soothing rituals.,147,"guangzhou spa
",guangzhou luxury spa,Guangzhou Spa,HOURS% Favourites% Spa Services% Wellness,,1,Owain,,
Guangzhou,2,2,2,2,Weddings,"Weddings, Wellness & Dining",https://www.fourseasons.com/guangzhou/weddings/,200,Guangzhou Weddings | Four Seasons Hotel Guangzhou,49,Four Seasons Hotel Guangzhou offers an unforgettable wedding experience on the luxurious upper levels of Guangzhou International Finance Centre.,144,guangzhou wedding,,Guangzhou Weddings% Guangzhou Weddings,Real Wedding Experiences,,,Owain,,
Hampshire,1,1,2,2,Frontpage,Home,https://www.fourseasons.com/hampshire/,200,Four Seasons Hotel Hampshire | 5-Star Luxury Hotel & Spa in Hampshire,69,"Experience luxury at Four Seasons Hotel Hampshire, a restored Georgian manor house with newly renovated rooms and suites.",121,5 star hotel hampshire,luxury hotels hampshire​ ,Hampshire% Hampshire% Hampshire% Hampshire by Four Seasons,Discover the idyllic English countryside at our luxury hotel in Hampshire% Hampshire Hotel Rooms & Suites% Discover Hampshire% #FSHAMPSHIRE,,,,,
Hampshire,1,1,2,2,Accommodations,Accommodation,https://www.fourseasons.com/hampshire/accommodations/,200,Luxury Hotel Rooms & Suites in Hampshire | Four Seasons Hotel Hampshire,71,Four Seasons Hotel Hampshire offers unparallel luxury with newly renovated rooms and suites.,92,luxury accommodation hampshire​ ,hampshire accommodation,Hampshire Accommodations,Mews Room% Mews Deluxe Room% Garden Room% Garden Deluxe Room% Heritage Room% Heritage Deluxe Room% Manor Room% Grand Manor Room% Oliver King Parlour Room% Executive Suite% Belvedere Suite% Daneshill Suite% Park Suite% Ellis St. John Suite% William Godson Suite% Mildmay Suite% Royal Suite% Mews Accessible Room% Garden Accessible Room% Mews Deluxe Accessible Room% Accessible Executive Suite,,,,,
Hampshire,1,1,2,2,Dining,"Weddings, Wellness & Dining",https://www.fourseasons.com/hampshire/dining/,200,"Hampshire Dining | Restaurants, Bar & Tea Lounge | Four Seasons",63,"Four Seasons Hampshire offers a variety of dining options, from wholesome bistro fare and fine spirits to afternoon tea, at this restored 18th-century manor.",157,hampshire restaurants​,fine dining hampshire​,Hampshire Dining% Hampshire Dining% Hampshire Dining,All Food and Drink% The Team% Events,,,,,
Hampshire,1,1,2,2,Experiences,Experiences,https://www.fourseasons.com/hampshire/experiences/,200,Four Seasons Hotels and Resorts | Luxury Hotels | Four Seasons | Experiences,76,Experiences,11,experiences in hampshire,things to do in hampshire,Experiences,Land Pursuits,,,,,
Hampshire,1,1,2,2,Offers,Other,https://www.fourseasons.com/hampshire/offers/,200,Hotel Offers at Four Seasons Hotel Hampshire | Four Seasons Hotel Hampshire,75,Escape to the countryside with exclusive hotel offers and packages at Four Seasons Hotel Hampshire.,99,hotel offers hampshire,,Hampshire Hotel Offers & Packages,Featured Offer,,,,,
Hampshire,1,1,2,2,Photos & Videos,Other,https://www.fourseasons.com/hampshire/photos-and-videos/,200,Hampshire Luxury Hotel Near London | Photos & Videos | Four Seasons,67,"View photos and videos of Four Seasons Hotel Hampshire, a dog-friendly luxury five-star English country house hotel near London.",128,,,Photos & Videos,Hotel Overview% Accommodations% Dining% Spa,,,,,Empty field
Hampshire,1,1,2,2,Spa & Wellness,"Weddings, Wellness & Dining",https://www.fourseasons.com/hampshire/spa/,200,Spa at Four Seasons Hotel Hampshire | Luxury Spa in Hampshire,61,"Discover a luxury Spa in Hampshire and enjoy world-class treatments from 111SKIN, Dr. Barbara Sturm and Ila.",108,spa hampshire,luxury hampshire spa,Hampshire Spa% Hampshire Spa% Hampshire Spa,Luxury Hampshire Spa Services% Events% HOURS,,,,,
Hampshire,1,1,2,2,Weddings,Other,https://www.fourseasons.com/hampshire/weddings/,200,"Hampshire, England Weddings | Four Seasons Hotel Hampshire",58,Four Seasons Hotel Hampshire offers an elegant location for your dream wedding featuring gorgeous venues set in the backdrop of the English Countryside.,152,hampshire weddings,,Hampshire Weddings% Hampshire Weddings,Real Wedding Experiences% Wedding Vow and Renewal Services,,,,,
Hangzhou Centre,2,2,2,2,Frontpage,Home,https://www.fourseasons.com/hangzhoucentre/,200,Luxury Hotel Hangzhou | Four Seasons Hotel Hangzhou Centre,58,Our luxury Hotel in Hangzhou brings together the city’s intriguing contrast of contemporary urban living and historical charm.,126,"
hangzhou luxury hotels
hangzhou luxury resorts
","hangzhou hotel
hangzhou hotels
hangzhou china luxury resorts
luxury hotels in hangzhou china
5-star hotel hangzhou",Hangzhou at Hangzhou Centre% Hangzhou at Hangzhou Centre% Hangzhou at Hangzhou Centre% HANGZHOU BY FOUR SEASONS,Accommodations% Discover Hangzhou,,,Owain,,
Hangzhou Centre,2,2,2,2,Accommodations,Accommodation,https://www.fourseasons.com/hangzhoucentre/accommodations/,200,Hangzhou Luxury Suites & Accommodation | Four Seasons Hangzhou Centre,69,"Discover luxurious Hangzhou Centre accommodation at Four Seasons. Enjoy spacious suites with serene views, perfect for extended stays or family getaways.",153,"hangzhou luxury suites
hangzhou rooms","
suites in hangzhou",Hangzhou Rooms & Suites,Deluxe City-View Room% Deluxe Canal-View Room% Deluxe Grand Canal-View Room% Premier City-View Room% Premier Grand City-View Room% Premier Canal-View Room% Premier Grand Canal-View Room% Hangzhou Suite% Premier Suite% Panoramic Executive Suite% Hangzhou Centre Penthouse,,1,Owain,,
Hangzhou Centre,2,2,2,2,Dining,"Weddings, Wellness & Dining",https://www.fourseasons.com/hangzhoucentre/dining/,200,Hangzhou Restaurants | Four Seasons Hotel Hangzhou Centre,57,"From the flavours of Ningo cuisine to Mediterranean, Four Seasons Hotel Hangzhou at Hangzhou Centre offers an array of fine-dining options at our Hangzhou restaurants.",167,"
hangzhou restaurants",hangzhou dining,Hangzhou Restaurants% Hangzhou Restaurants% Hangzhou Restaurants,All Food and Drink,,,Owain,,
Hangzhou Centre,2,2,2,2,Offers,Other,https://www.fourseasons.com/hangzhoucentre/offers/,200,Hangzhou Vacation Packages & Offers | Four Seasons Hotel Hangzhou Centre,72,"Discover curated Hangzhou vacation packages and luxury hotel offers in Hangzhou at Four Seasons. Enjoy iconic views, top amenities and vibrant surroundings.",156,"hangzhou​ vacation packages
luxury hotel offers in hangzhou",,Hangzhou Centre Hotel Offers & Packages,Featured Offer,,,Owain,,
Hangzhou Centre,2,2,2,2,Photos & Videos,Other,https://www.fourseasons.com/hangzhoucentre/photos-and-videos/,200,Photos & Videos | Four Seasons Hangzhou at Hangzhou Centre,58,Photos & Videos | Four Seasons Hangzhou at Hangzhou Centre,58,,,Photos & Videos,Hotel Overview% Dining% Spa and Wellness% Services & Amenities,1,,Owain,,Empty field
Hangzhou Centre,2,2,2,2,Spa & Wellness,"Weddings, Wellness & Dining",https://www.fourseasons.com/hangzhoucentre/spa/,200,Hangzhou Spa | Four Seasons Hotel at Hangzhou Centre,52,Hangzhou Spa | Four Seasons Hotel at Hangzhou Centre,52,hangzhou spa,,Hangzhou Spa,Hours% Favourites% Spa & Wellness Services,1,1,Owain,,
Hangzhou Centre,2,2,2,2,Weddings,"Weddings, Wellness & Dining",https://www.fourseasons.com/hangzhoucentre/weddings/,200,Hangzhou Wedding | Four Seasons Hotel at Hangzhou Centre,56,Hangzhou Wedding | Four Seasons Hotel at Hangzhou Centre,56,hangzhou wedding,,Weddings% Weddings,WEDDING AND VOW RENEWAL SERVICES,1,1,Owain,,
Hangzhou West Lake,1,2,2,2,Frontpage,Home,https://www.fourseasons.com/hangzhou/,200,Hangzhou Luxury Hotel | Four Seasons Hangzhou at West Lake,58,"Visit Four Seasons Hotel Hangzhou at West Lake, a luxury Hangzhou hotel that combines centuries of tradition with chic contemporary style and impeccable service.",161,"hangzhou luxury hotel
",hangzhou hotel,Hangzhou at West Lake% Hangzhou at West Lake% Hangzhou at West Lake% Hangzhou by Four Seasons,An Intimate village on a legendary lake% Accommodations% Discover Hangzhou% Imperial splendour% #FSHangzhou,,,,,
Hangzhou West Lake,1,2,2,2,Accommodations,Accommodation,https://www.fourseasons.com/hangzhou/accommodations/,200,Hangzhou Luxury Suites & Villas | Four Seasons Hotel Hangzhou at West Lake,74,"Four Seasons Hotel Hangzhou at West Lake offers a variety of rooms, suites and villas in a tranquil enclave set along the banks of the fabled West Lake.",152,accommodation hangzhou,hotel near west lake ,Hangzhou Accommodations,Garden-View Room% Premier Garden-View Room% Garden Terrace Room% Courtyard Room% Panorama Garden-View Room% Courtyard Suite% Lotus Suite% Lagoon Suite% West Lake Suite% Royal West Lake Suite% One-Bedroom Villa With Private Pool% Three-Bedroom Ambassador Villa,,,,,
Hangzhou West Lake,1,2,2,2,Dining,"Weddings, Wellness & Dining",https://www.fourseasons.com/hangzhou/dining/,200,Hangzhou Restaurants | Four Seasons Hangzhou at West Lake,57,"Discover exceptional restaurants in Hangzhou on West Lake featuring Chinese specialties, European flavours, gourmet teas and In-Room Dining.",140,hangzhou restaurants,dining hangzhou ,Hangzhou Restaurants% Hangzhou Restaurants% Hangzhou Restaurants,All Food and Drink% Meet The Team,,,,,
Hangzhou West Lake,1,2,2,2,Experiences,Experiences,https://www.fourseasons.com/hangzhou/experiences/,200,Four Seasons Hotels and Resorts | Luxury Hotels | Four Seasons | Experiences,76,Experiences,11,"hangzhou tours, hangzhou activities",things to do in hangzhou,Experiences,Local Experiences% Wellness Activities% Facilities & Services,,,,,
Hangzhou West Lake,1,2,2,2,Offers,Other,https://www.fourseasons.com/hangzhou/offers/,200,Hangzhou Hotel Packages | Four Seasons Hotel Hangzhou at West Lake,66,Explore exclusive Hangzhou vacation packages at Four Seasons Hotel Hangzhou at West Lake. Book your serene retreat on the banks of West Lake.,141,"hangzhou vacation packages, hangzhou packages",,Hangzhou Hotel Offers & Packages,Featured Offer,,,,,
Hangzhou West Lake,1,2,2,2,Photos & Videos,Other,https://www.fourseasons.com/hangzhou/photos-and-videos/,200,Hangzhou Hotel Photos & Videos | Four Seasons Hangzhou at West Lake,67,"View photos and videos of Four Seasons Hotel Hangzhou at West Lake, a luxury hotel in Hangzhou, China.",102,hangzhou photos,,Photos & Videos,Hotel Overview% Accommodations% Dining% Spa,,,,,
Hangzhou West Lake,1,2,2,2,Chinese New Year,Other,https://www.fourseasons.com/hangzhou/seasonal/chinese-new-year/,,,,,,Hangzhou Chinese New Year,,,,1,1,GG,,
Hangzhou West Lake,1,2,2,2,Spa & Wellness,"Weddings, Wellness & Dining",https://www.fourseasons.com/hangzhou/spa/,200,Hangzhou Luxury Spa | Massage & Facial | Four Seasons at West Lake,66,"Four Seasons Hotel Hangzhou extends access to our luxury Spa, offering a wide variety of healing massage treatments, facials, rubs, wraps and more.",147,"hangzhou spa, hangzhou massage spa
",,Hangzhou Spa,Hours% Favourites% Spa & wellness Services% Relaxation Experiences,,,,,
Hangzhou West Lake,1,2,2,2,Private Retreats,Private Retreats,https://www.fourseasons.com/hangzhou/villa-residence-rentals/,200,Hangzhou Vacation Villas | Luxury Rentals | Four Seasons at West Lake,69,Four Seasons Resort Chiang Mai offers a collection of private vacation villas combining chic style with luxury amenities along the West Lake countryside.,153,"west lake villa hangzhou, hangzhou villa",,Villa & Residence Rentals% Villa & Residence Rentals% Explore accommodations,included% An elevated vacation experience,,,,,
Hangzhou West Lake,1,2,2,2,Weddings,"Weddings, Wellness & Dining",https://www.fourseasons.com/hangzhou/weddings/,200,Hangzhou Weddings | Four Seasons Hotel Hangzhou at West Lake,60,"Mystic waters, mountain peaks and ancient temples give way to an enchanting enclave for the perfect Hangzhou wedding on the banks of West Lake.",143,hangzhou wedding,,Hangzhou Weddings% Hangzhou Weddings,Real Wedding Experiences% Wedding and Vow Renewal Services,,,,,
Hong Kong,2,2,3,3,Frontpage,Home,https://www.fourseasons.com/hongkong/,200,5-Star Hotel Hong Kong Island with Harbour Views l Four Seasons Hotel Hong Kong,79,Discover our luxury 5-star hotel in Hong Kong located in the heart of the Central District with Victoria Harbour views and more.,128,"five-star-hotel hong kong 
luxury hotel hong kong island","four seasons hong kong
5-star hotels in hong kong",Hong Kong% Hong Kong% Hong Kong% Hong Kong By Four Seasons,A Five-Star Luxury Harbour-View Hotel with Eight-Michelin-Star Dining% Accommodations% Discover Hong Kong% Love in Hong Kong% #FSHONGKONG,,,Owain,,
Hong Kong,2,2,3,3,Accommodations,Accommodation,https://www.fourseasons.com/hongkong/accommodations/,200,Hong Kong Suites | Hotel Suites Hong Kong | Four Seasons Hotel Hong Kong,72,"Four Seasons Hotel Hong Kong offers luxurious rooms and spacious suites, featuring captivating views of the city, Victoria Harbour, Kowloon and the Peak.",153,"
hong kong suites


",hotel suite hong kong,Hong Kong Suites & Accommodations,Premier Peak-View Room% Deluxe Harbour-View Room% Deluxe Peak-View Room% Superior Harbour-View Room% Executive Harbour-View Room% Superior Harbour-View Suite% Premier Harbour-View Suite% Presidential Suite% Imperial Suite% Two-Bedroom Chairman Suite% Chairman Suite% Family Suite% Interior Design,,,Owain,,
Hong Kong,2,2,3,3,Dining,"Weddings, Wellness & Dining",https://www.fourseasons.com/hongkong/dining/,200,Fine Dining Hong Kong | Four Seasons Hotel Hong Kong,52,"With eight Michelin stars, Four Seasons Hotel Hong Kong has the city’s highest number of stars under one roof. Book now and visit us for Hong Kong fine dining excellence.",170,"
fine dining hong kong
","four seasons hong kong restaurants
lunch buffet hong kong
michelin star restaurants hong kong",Fine Dining Hong Kong% Fine Dining Hong Kong% Fine Dining Hong Kong,All Food and Drink% Prix Fixe Menu% Culinary Activities% Exceptional Dining,,1,Owain,,
Hong Kong,2,2,3,3,Dining,"Weddings, Wellness & Dining",https://www.fourseasons.com/hongkong/dining/restaurants/caprice/,200,Michelin Star Restaurant Hong Kong | Caprice,44,Discover global accents in classic French cuisine at Michelin-starred Caprice. Chef Guillaume Galliot’s inventive dishes and fine wines await. Book now.,152,"caprice hong kong
michelin star restaurants hong kong
","michelin hk
french restaurant hong kong
michelin restaurants hong kong  
private dining hong kong",Caprice,Awards% Hours and Information% Menus% Signature Dish% The Team% More Dining Options,,,Owain,,
Hong Kong,2,2,3,3,Dining,"Weddings, Wellness & Dining",https://www.fourseasons.com/hongkong/dining/restaurants/sushi-saito/,200,Japanese Restaurant Hong Kong | Michelin Star | Sushi Saito,59,Authentic Edomae sushi awaits at Sushi Saito at Four Seasons Hotel Hong Kong. Book now for a tranquil dining experience with skyline views.,139,"sushi saito hong kong
japanese restaurant hong kong

","
omakase hong kong",Sushi Saito,Awards% Hours and Information% Menus% More Dining Options,,,Owain,,
Hong Kong,2,2,3,3,Offers,Other,https://www.fourseasons.com/hongkong/offers/,200,Hong Kong Hotel Offers | Staycation Package | Four Seasons,58,Indulge in luxury at Four Seasons Hotel Hong Kong with exclusive offers and staycation packages curated for a memorable experience.,131,"hong kong hotel offers

",,Hong Kong Hotel Offers & Packages,Featured Offer,,,Owain,,
Hong Kong,2,2,3,3,Photos & Videos,Other,https://www.fourseasons.com/hongkong/photos-and-videos/,200,Hong Kong Photo | Hong Kong Video | Four Seasons Hotel Hong Kong,64,Hong Kong photos and Hong Kong videos are presented for your convenience to stay at Four Seasons Hotel Hong Kong.,113,hong kong photos,,Photos & Videos,Hotel Overview% Accommodations% Dining% Nearby Attractions% A Central Asia Location,,1,Owain,,
Hong Kong,2,2,3,3,Chinese New Year,Seasonal,https://www.fourseasons.com/hongkong/seasonal/chinese-new-year/,,,,,,chinese new year in hong kong,,,,,,,,
Hong Kong,2,2,3,3,Christmas,Seasonal,https://www.fourseasons.com/hongkong/seasonal/christmas/,200,Christmas in Hong Kong | Four Seasons Hotel Hong Kong,53,"Celebrate Christmas at Four Seasons Hotel Hong Kong with an array of exciting offerings, including dining events, spa treatments and more.",138,christmas in hong kong,,Christmas in Hong Kong,,1,1,Owain,,
Hong Kong,2,2,3,3,New Year,Seasonal,https://www.fourseasons.com/hongkong/seasonal/new-year/,200,New Year's Eve in Hong Kong | Four Seasons Hotel Hong Kong,58,"Celebrate New Year's Eve at Four Seasons Hotel Hong Kong with an array of exciting offerings, including dining events and a special New Year's Eve countdown.",157,new years eve in hong kong,,New Year's Eve in Hong Kong,,1,1,Owain,,
Hong Kong,2,2,3,3,Family,Services & amenities,https://www.fourseasons.com/hongkong/services-and-amenities/family/,200,Family Hotel Hong Kong Island | Four Seasons Hotel,50,"Explore a wonderful kid-friendly stay with Four Seasons Hotel Hong Kong, where children can immerse themselves in a world of exploration & fun in the Hotel.",156,family hotel hong kong,family hotel hong kong island,Family Hotel Hong Kong,Hotel Highlights,1,1,Owain,,
Hong Kong,2,2,3,3,Spa & Wellness,"Weddings, Wellness & Dining",https://www.fourseasons.com/hongkong/spa/,200,Hong Kong Spa | Four Seasons Hotel Hong Kong,44,"Relax at our Hong Kong spa at Four Seasons Hotel Hong Kong. Learn more about our array of holistic spa rituals including massages, facials, nail services & more!",161,"

hong kong spa",four seasons spa hong kong,Hong Kong Spa,Hours and Information% Favourites% Spa% Wellness% Fitness% Memberships% More Experiences,,,Owain,,
Hong Kong,2,2,2,2,Weddings,"Weddings, Wellness & Dining",https://www.fourseasons.com/hongkong/weddings/,200,Hong Kong Weddings | Four Seasons Hotel Hong Kong,49,"Four Seasons Hong Kong offers a prestigious location for your dream wedding in the city's heart, featuring elegant venues, expert planning & more.",146,"
hong kong weddings",,Hong Kong Weddings% Hong Kong Weddings,Real Wedding Experiences,,,Owain,,
Houston,1,2,2,2,Frontpage,Home,https://www.fourseasons.com/houston/,200,Luxury Hotel in Downtown Houston | Four Seasons Hotel Houston,61,"Discover Four Seasons Hotel Houston, a luxury hotel in the heart of downtown. Enjoy Southern charm, world-class dining and easy access to cultural landmarks.",157,downtown houston hotel | luxury hotel houston,,Houston% Houston% Houston% Houston by Four Seasons,An Urban Resort in the Heart of Downtown Houston% Accommodations% Discover Houston% Sip and Savour% #FSHOUSTON,,,,,
Houston,1,2,2,2,Accommodations,Accommodation,https://www.fourseasons.com/houston/accommodations/,200,Luxury Rooms & Hotel Suites in Houston | Four Seasons Hotel Houston,67,"Experience luxury suites in Houston at Four Seasons. Our Texas-inspired rooms and specialty suites offer privacy, expansive layouts and panoramic city views.",157,suites houston | houston hotel rooms,,Houston Suites & Rooms,Cabana Room% Corner Room% Premier Room% Deluxe Room% Downtown Room% Premier Executive Suite% Executive Suite% Ambassador Suite% State Suite% Presidential Suite% Penthouse Suite% Premier Residential Suite One-Bedroom% Premier Residential Suite Two-Bedroom% Residential Suite Two-Bedroom% Residential Suite One-Bedroom% Executive Residential Suite One-Bedroom% Executive Residential Suite Two-Bedroom% Deluxe Mobility Impaired Accessible Room% Cabana Accessible Room% Premier Mobility Impaired Accessible Room% Premier Executive Mobility Impaired Accessible Suite% State Suite Accessible% Ambassador Suite Mobility Impaired Accessible% Firearm Policy% Hotel Renovation,,,,,
Houston,,,2,2,Extended Stays,Accommodation,https://www.fourseasons.com/houston/accommodations/extended-stays/,,,,,,extended stays houston | extended stays downtown houston,,,,,,,,
Houston,1,2,2,2,Dining,"Weddings, Wellness & Dining",https://www.fourseasons.com/houston/dining/,200,Upscale Restaurants & Bars in Downtown Houston | Four Seasons,61,"Discover upscale restaurants and bars in downtown Houston at Four Seasons. Indulge in Pan-Latin flavours, rare bourbons and inventive cocktails.",144,upscale restaurants houston | houston upscale bars,downtown houston restaurants | fine dining houston,Upscale Restaurants & Bars in Downtown Houston% Upscale Restaurants & Bars in Downtown Houston% Upscale Restaurants & Bars in Downtown Houston,All Food and Drink% Private Dining% Exceptional Dining,,,,,
Houston,1,2,2,2,Experiences,Other,https://www.fourseasons.com/houston/experiences/,,,,,,houston experiences | things to do houston,,,,,,,,
Houston,1,2,2,2,Offers,Other,https://www.fourseasons.com/houston/offers/,200,Houston Hotel Offers & Packages | Four Seasons Hotel Houston,60,"Explore vacation packages and offers at Four Seasons Hotel Houston. Book now to enjoy extended luxury stays, special rates, signature breakfasts and more.",154,houston hotel packages | houston hotel offers,,Houston Hotel Offers & Packages,Featured Offer,,,,,
Houston,1,2,2,2,Photos & Videos,Other,https://www.fourseasons.com/houston/photos-and-videos/,200,Four Seasons Hotels and Resorts | Luxury Hotels | Four Seasons | Photos and Videos,82,Photos and Videos,17,houston photos | houston videos,,Photos & Videos,Hotel Overview% Services and Amenities% Accommodations% Dining% Meetings and Events,,,,,
Houston,1,2,2,2,Spa & Wellness,"Weddings, Wellness & Dining",https://www.fourseasons.com/houston/spa/,200,Luxury Spa in Downtown Houston | Four Seasons Hotel Houston,59,"Discover our luxury spa in downtown Houston, featuring rejuvenating treatments, indulgent couples’ spa retreats and relaxing day spa experiences.",145,luxury spa houston | spa downtown houston,,Luxury Spa in Downtown Houston,Spa% Fitness Facilities% Favourites% Spa Services% Events% Experiences,,,,,
Houston,1,2,2,2,Private Retreats,Private Retreats,https://www.fourseasons.com/houston/villa-residence-rentals/,200,Houston Luxury Villa & Vacation Rentals | Four Seasons,54,"Experience luxury living in downtown Houston. Our villas and residences offer short-term leases, full kitchens and all the comforts of a private home.",150,luxury rentals houston | houston vacation rentals,,Villa & Residence Rentals% Villa & Residence Rentals% Explore accommodations,included% An elevated vacation experience,,,,,
Houston,1,2,2,2,Weddings,"Weddings, Wellness & Dining",https://www.fourseasons.com/houston/weddings/,200,Downtown Houston Weddings | Four Seasons Hotel Houston,54,"Discover luxury Houston weddings at Four Seasons Hotel Houston. Celebrate in the heart of downtown with gorgeous venues, expert planning and fine dining.",153,houston weddings | downtown houston weddings,,Houston Weddings% Houston Weddings,Real Wedding Experiences% Your Dream Wedding Awaits at Four Seasons Hotel Houston% Wedding and Vow Renewal Services,,,,,
Houston,,,2,2,Wedding Venues,"Weddings, Wellness & Dining",https://www.fourseasons.com/houston/weddings/venues/,,,,,,wedding venues houston | hotel wedding venues houston,,,,,,,,
Hualalai,2,3,3,3,Frontpage,Home,https://www.fourseasons.com/hualalai/,200,Four Seasons Resort Hualalai | Big Island Hawaii Resort,55,"A Hawaii Big Island resort exuding luxury, Four Seasons Resort Hualalai offers expansive guest rooms, intimate villas and suites. Explore the best accommodations Hawaii has to offer.",182,"hawaii resort, big island luxury resort",four seasons hualalai,Hualalai% Hualalai% Hualalai% Hualalai by Four Seasons,LUXURY OCEANFRONT HAWAII RESORT INFLUENCED BY ITS MAJESTIC SURROUNDINGS% Accommodations% Discover Hualalai% EXPLORE KING’S POND AND POOL% #FSHUALALAI,,,Rob,1,
Hualalai,2,3,3,3,Accommodations,Accommodation,https://www.fourseasons.com/hualalai/accommodations/,200,Hawaii Villa Resort | Big Island Villas and Accommodations,58,"A Hawaii Big Island resort exuding luxury, Four Seasons Resort Hualalai offers expansive guest rooms, intimate villas and suites. Explore our luxury Hawaii villas and accommodations.",182,"hualalai resort
hawaii villa resort",Hualalai suites,Hualalai Resort Rooms & Suites,Oceanfront Room% Ocean-View Deluxe Room% Prime Ocean-View Room% Ocean-View Room% Partial Ocean-View Room% Poolside Room% Ocean Golf-View Room% Deluxe Suite – Prime Ocean View% Deluxe Suite – Ocean View% Deluxe Suite – ʻOhana% Superior Suite – Oceanfront% Superior Suite – Prime Ocean View% Superior Suite – Ocean View% Superior Suite – Poolside View% Superior Suite – Ocean Golf View% Hawaii Loa Presidential Villa% Makaloa Villa% Ho'onanea Villa% Kou Suite% Kailani Suite% Milo Suite% Wai'olu Suite% ʻAnelakai Suite% Kekaha Suite% Kahuwai Suite% Ocean-View Accessible Room% Partial Ocean-View Accessible Room% Poolside Accessible Room% Superior Accessible Suite – Ocean View% Accommodations Highlights,,,Rob,1,
Hualalai,2,3,3,3,Dining,"Weddings, Wellness & Dining",https://www.fourseasons.com/hualalai/dining/,200,Big Island Hawaii Restaurants | Kona Hualalai Restaurants and Dining,68,Enjoy award-winning Kona dining at Four Seasons Resort Hualalai. Explore the distinct flavours of Hawaii at our oceanfront Kona restaurants and lounges along with an award-winning steakhouse.,191,"Kona Dining, Kona Restuarants",,KONA RESTAURANTS & FINE DINING% KONA RESTAURANTS & FINE DINING% KONA RESTAURANTS & FINE DINING,All Food and Drink% Exceptional Dining% Culinary Activities% Prix Fixe% Meet The Team,,,Rob,1,
Hualalai,2,3,3,3,Experiences,Experiences,https://www.fourseasons.com/hualalai/experiences/,200,Big Island Hawaii Activities & Experiences | Four Seasons Resort Hualalai,73,"Only-at-Hualalai Experiences, brought to you by Four Seasons. Whether you’re on the water, viewing whales or exploring volcanoes, fill your days with the best family activities available on the Big Island with fun and adventure.",228,"big island experiences, hawaii experiences",,Experiences,Aquatic Escapades% Land Pursuits% Local Experiences% Facilities and Services,,,Rob,1,
Hualalai,2,3,3,3,Golf,Experiences,https://www.fourseasons.com/hualalai/golf/,200,Hualalai Golf Course | Big Island Hawaii Golf | Four Seasons Resort Hualalai,76,Play golf during your visit to Four Seasons Resort Hualalai at the 18-hole Jack Nicklaus signature Hualalai Golf Course. Experience golf Hawaii style on our Big Island course.,175,"hualalai golf, hualalai golf course",,Hualalai Golf,Hours% The Course% Golf Experiences% Services & Amenities% More Services & Amenities% Clinics and Activities% Featured Offer% included% PRICING,,,Rob,,
Hualalai,2,3,3,3,Offers,Other,https://www.fourseasons.com/hualalai/offers/,200,Hualalai Resort Packages & Offers | Big Island | Four Seasons Resort,68,Explore Hualalai hotel packages and offers at the best family resort on the Big Island. Four Seasons Resort Hualalai provides guests with oceanfront luxury on the exclusive Kona-Kohala coast.,191,"hualalai resort packages, hualalai resort offers",,Hualalai Resort Offers & Packages,Featured Offer,,,Rob,1,
Hualalai,2,3,3,3,Photos & Videos,Other,https://www.fourseasons.com/hualalai/photos-and-videos/,200,Hualalai Photos & Videos | Luxury Resort | Four Seasons Hualalai,64,"View photos and videos of Four Seasons Resort Hualalai, a luxury Hawaiian resort offering world-class amenities and services in an exotic locale.",145,"hualalai photos and videos, four seasons hualalai photos",,Photos & Videos,Hotel Overview% Accommodations% Dining% Spa% Activities,,,Rob,1,
Hualalai,2,3,3,3,Couples,Services & amenities,https://www.fourseasons.com/hualalai/services-and-amenities/couples/,200,Four Seasons Hotels and Resorts | Luxury Hotels | Four Seasons | Hualalai Couples Resort,88,Hualalai Couples Resort,23,couple resort hualalai,,Hualalai Couples Resort,Couples Highlights,,,Rob,,
Hualalai,2,3,3,3,Family,Services & amenities,https://www.fourseasons.com/hualalai/services-and-amenities/family/,200,Family Resort Hawaii | Big Island Resort for Families,53,"Four Seasons Resort Hualalai is the ultimate family resort in Hawaii. Whether you’re looking for an action-packed vacation or a week of poolside lounging, Big Island Hawaii is the perfect destination for families.",213,family resort hawaii,family resort big island,Family Resort Hualalai,Family Highlights,,,Rob,,
Hualalai,2,3,3,3,Pools,Services & amenities,https://www.fourseasons.com/hualalai/services-and-amenities/pools/,200,Four Seasons Hotels and Resorts | Luxury Hotels | Four Seasons | Pools,70,Pools,5,hualalai pools,,Hualalai Resort Pools,,,,Rob,,
Hualalai,2,3,3,3,Spa & Wellness,"Weddings, Wellness & Dining",https://www.fourseasons.com/hualalai/spa/,200,Kona Spa Hualalai | Four Seasons Resort Hualalai,48,Four Seasons Resort Hualalai Spa and Wellness Centre: Let us tailor your personal path to wellness at our Kona spa and help you discover balance and peace with tailored treatments and therapeutic techniques.,207,hualalai spa,four seasons hualalai spa,Hualalai Spa% Hualalai Spa% Hualalai Spa,Spa Services% Massage% Salon Services% Experiences% Spa Hours,,,Rob,1,
Hualalai,2,3,3,3,Suites,Accommodation,https://www.fourseasons.com/hualalai/specialty-suites/,200,Hualalai Luxury Villas & Specialty Suites | Four Seasons Resort,63,"Our newly renovated, island-inspired specialty suites and villas are our highest category of rooms, each uniquely designed to fit their location within the Resort.",163,"hualalai luxury villas, hualalai suites",,Villas and Specialty Suites,In-Suite Experiences% Villas and Specialty Suites% Meet the Team,,,Rob,,
Hualalai,2,3,3,3,Weddings,"Weddings, Wellness & Dining",https://www.fourseasons.com/hualalai/weddings/,200,Big Island Hawaii Weddings | Hawaii Wedding Venues and Packages,63,"Discover your dream Hawaii wedding at Four Seasons Resort Hualalai. With stunning beach and garden wedding venues, we’ve got you covered for perfect Hawaii weddings on Big Island.",179,"hualalai weddings, hawaii weddings",,Hualalai Weddings% Hualalai Weddings,REAL WEDDING EXPERIENCES% WEDDING AND VOW RENEWAL SERVICES,,,Rob,1,
Hualalai,2,3,3,3,Honeymoons,"Weddings, Wellness & Dining",https://www.fourseasons.com/hualalai/weddings/honeymoon/,200,Hualalai Honeymoon Resort Hawaii | Four Seasons Resort Hualalai,63,"Looking for a honeymoon resort in Hawaii? Four Seasons Hualalai offers a seamless transition from destination wedding to honeymoon bliss, featuring romantic activities, Big Island adventures & more.",198,"hualalai honeymooons, honeymoon hualalai",,Hualalai Honeymoons,,,,Rob,,
Hualalai,2,3,3,3,Wedding Packages,"Weddings, Wellness & Dining",https://www.fourseasons.com/hualalai/weddings/packages/,200,Hualalai Wedding Packages | Hawaii | Four Seasons Resort Hualalai,65,"Four Seasons Hualalai offers a variety of wedding packages designed for an unforgettable occasion, featuring picture-perfect settings & impeccable service.",155,hualalai wedding packages,,Hualalai Wedding Packages,,,,Rob,,
Hualalai,2,3,3,3,Wedding Venues,"Weddings, Wellness & Dining",https://www.fourseasons.com/hualalai/weddings/venues/,200,Hualalai Wedding Venues | Hawaii | Four Seasons Resort Hualalai,63,"Four Seasons Hualalai invites you to gather friends & family to celebrate your love in some of Hualalai’s most breathtaking settings, from beaches to ballrooms.",160,hualalai wedding venues,,Hualalai Venues,FEATURED VENUES% Find a Venue,,,Rob,,
Istanbul at Sultanahmet,2,2,2,2,Frontpage,Home,https://www.fourseasons.com/istanbul/,200,"Luxury 5-Star Hotel in Sultanahmet, Istanbul | Four Seasons Istanbul",68,"Four Seasons Hotel Istanbul at Sultanahmet district offers luxury accommodation, dining and spa treatments in the heart of the city.",132,hotel in sultanahmet,,Istanbul at Sultanahmet% Istanbul at Sultanahmet% Istanbul at Sultanahmet% Istanbul at Sultanahmet by Four Seasons,An Intimate Oasis in Istanbul’s Oldest District% Istanbul Turkiye Accommodations% Discover Istanbul% Storied Architecture% #FSSULTANAHMET,,,Alina Ghost,,
Istanbul at Sultanahmet,2,2,2,2,Accommodations,Accommodation,https://www.fourseasons.com/istanbul/accommodations/,200,Old Town Sultanahmet Suites & Rooms in Istanbul | Four Seasons,62,Looking for luxury rooms and Old Town Sultanahmet suites in Istanbul? Look no further than our Four Seasons accommodations in the heart of the city.,148,Sultanahmet suites,,Istanbul Suites & Accommodations,Deluxe Room% Superior Room% Premier Room% Four Seasons Room% One-Bedroom Suite% Executive Suite% Marmara Suite% St. Sophia Suite% Shahzade Suite% Beyzade Suite% Pasha Suite% Interior Design,,,Alina Ghost,,
Istanbul at Sultanahmet,2,2,2,2,Dining,"Weddings, Wellness & Dining",https://www.fourseasons.com/istanbul/dining/,200,Bars & Fine Dining Restaurants in Istanbul | Four Seasons Sultanahmet,69,"Enjoy fine dining at Sultanahmet’s best restaurants, visit our Four Seasons Istanbul rooftop bar and taste modern Anatolian food in a luxury experience.",152,sultanahmet fine dining,,Sultanahmet Fine Dining% Sultanahmet Fine Dining% Sultanahmet Fine Dining,All Food and Drink% Prix Fixe Menus% Exceptional Dining% Events,,,Alina Ghost,,
Istanbul at Sultanahmet,2,2,2,2,Offers,Other,https://www.fourseasons.com/istanbul/offers/,200,Istanbul Hotel Offers & Packages | Five-Star Hotel | Four Seasons,65,"Four Seasons Istanbul at Sultanahmet provides access to a variety of hotel offers and packages, including luxury Bed and Breakfast and more. Book today.",152,istanbul hotel offers,,Istanbul Sultanahmet Hotel Offers & Packages,Featured Offer,,,Alina Ghost,,
Istanbul at Sultanahmet,2,2,2,2,Photos & Videos,Other,https://www.fourseasons.com/istanbul/photos-and-videos/,200,Istanbul Hotel in Sultanahmet Photos & Videos | Four Seasons,60,View Sultanahmet photos and videos of Four Seasons Hotel – from accommodations to dining images at our luxury five-star hotel in Türkiye.,137,sultanahmet photos,,Photos & Videos,Hotel Overview% Accommodations% Dining,,,Alina Ghost,,
Istanbul at Sultanahmet,2,2,2,2,Spa & Wellness,"Weddings, Wellness & Dining",https://www.fourseasons.com/istanbul/spa/,200,"Kurna, Luxury Spa in Istanbul | Hammam in Sultanahmet",53,"Relax at our Four Seasons Istanbul Spa, Kurna. Soothe the soul with body treatments and facials – choose our Turkish hammam in Sultanahmet today.",145,hammam in sultanahmet,,KURNA Spa in Sultanahmet% KURNA Spa in Sultanahmet% KURNA Spa in Sultanahmet,Spa Services% Hours,,,Alina Ghost,,
Istanbul at Sultanahmet,2,2,2,2,Weddings,"Weddings, Wellness & Dining",https://www.fourseasons.com/istanbul/weddings/,200,Istanbul Weddings | Four Seasons Hotel Istanbul at Sultanahmet,62,"Discover Istanbul weddings at Four Seasons Sultanahmet, offering one-of-a-kind venues and romantic packages in one of the world's most historic cities.",151,Istanbul Weddings,,"Sultanahmet, Istanbul Weddings% Sultanahmet, Istanbul Weddings",Real Türkiye Wedding Experiences% Wedding and Vow Renewal Services,,,Alina Ghost,,
Istanbul Bosphorus,2,2,3,3,Frontpage,Home,https://www.fourseasons.com/bosphorus/,200,"Bosphorus, Istanbul Luxury Hotel | Four Seasons at the Bosphorus",64,Our Bosphorus luxury Hotel in Istanbul offers the best of Turkish hospitality at this former palace in one of Turkey’s most beautiful neighbourhoods.,149,istanbul luxury hotel ,,Istanbul at the Bosphorus% Istanbul at the Bosphorus% Istanbul at the Bosphorus% Istanbul at the Bosphorus by Four Seasons,A Timeless Palace Between the Continents % Bosphorus Istanbul Accommodations% Discover Istanbul% #FSBOSPHORUS,,,Alina Ghost,,
Istanbul Bosphorus,2,2,3,3,Accommodations,Accommodation,https://www.fourseasons.com/bosphorus/accommodations/,200,Istanbul Luxury Rooms & Bosphorus Suites | Four Seasons Hotel,61,"Four Seasons is a Bosphorus hotel in Istanbul, Turkiye, offering impressive luxury rooms and suites, accented by centuries-old architectural details.",149,bosphorus suites ,,Rooms & Suites in Bosphorus Istanbul,Atik Pasha Suite% Three-Bedroom Bosphorus Palace Suite% Two-Bedroom Bosphorus Palace Suite% One-Bedroom Bosphorus Palace Suite% Palace Roof Suite% One-Bedroom Bosphorus Suite% Palace Bosphorus Room% Four Seasons Room% Deluxe Room% Palace Courtyard Room% Courtyard Room% Superior Room% Interior Design,,,Alina Ghost,,
Istanbul Bosphorus,2,2,3,3,Dining,"Weddings, Wellness & Dining",https://www.fourseasons.com/bosphorus/dining/,200,Fine Dining Istanbul | Bosphorus Restaurants & Bars | Four Seasons,66,"Four Seasons restaurants on the Bosphorus, Istanbul, offer a variety of fine dining experiences, from contemporary Mediterranean seafood to Turkish food.",153,Fine Dining Istanbul,,Fine Dining Istanbul% Fine Dining Istanbul% Fine Dining Istanbul,All Food and Drink% The Team,,,Alina Ghost,,
Istanbul Bosphorus,2,2,3,3,Offers,Other,https://www.fourseasons.com/bosphorus/offers/,200,Türkiye Hotel Packages & Offers | Four Seasons at the Bosphorus,63,"Four Seasons Istanbul at the Bosphorus invites guests to discover various Türkiye hotel packages and offers, including Bed and Breakfast and more.",146,Türkiye hotel packages,,Istanbul Bosphorus Hotel Offers & Packages,Featured Offer,,,Alina Ghost,,Missing location - added location but hopefully system can pick up symbols in Türkiye
Istanbul Bosphorus,2,2,3,3,Photos & Videos,Other,https://www.fourseasons.com/bosphorus/photos-and-videos/,200,"Istanbul, Bosphorus Hotel Photos & Videos | Four Seasons Hotels",63,"View photos and videos of Four Seasons Hotel Istanbul at the Bosphorus, a luxury, five-star hotel along the Bosphorus in Istanbul.",130,bosphorus hotel photos,,Photos & Videos,Hotel Overview% Accommodations% Dining,,,Alina Ghost,,
Istanbul Bosphorus,2,2,3,3,Spa & Wellness,"Weddings, Wellness & Dining",https://www.fourseasons.com/bosphorus/spa/,200,"Luxury Spa Istanbul in Four Seasons Hotel | Facials, Massages & More",68,"Visit our luxury Spa Hotel in Bosphorus, Istanbul, featuring a pool, fitness classes and facials – even Turkish hammam massages. Book today.",140,luxury spa istanbul ,,Luxury Spa Istanbul% Luxury Spa Istanbul% Luxury Spa Istanbul,Spa Services% Relaxation Experiences% Hours% MEHMET HÜSEYİN SALON,,,Alina Ghost,,
Istanbul Bosphorus,2,2,3,3,Weddings,"Weddings, Wellness & Dining",https://www.fourseasons.com/bosphorus/weddings/,200,Istanbul Weddings | Four Seasons Hotel Istanbul at the Bosphorus,64,Have an enchanted Istanbul wedding at Four Seasons Hotel Istanbul at the Bosphorus against the backdrop of a 19th-century Ottoman palace.,137,istanbul weddings,,"Bosphorus, Istanbul Weddings% Bosphorus, Istanbul Weddings",Real Istanbul Wedding Experiences% Wedding and Vow Renewal Services,,,Alina Ghost,,
Jackson Hole,2,2,2,2,Frontpage,Home,https://www.fourseasons.com/jacksonhole/,200,Jackson Hole 5-star Luxury Resort | Four Seasons Jackson Hole,61,"Enjoy 5-star luxury at Four Seasons Resort Jackson Hole, offering the perfect mix of rustic adventure, fine dining and elegant rooms in Teton Village.",150,"jackson hole luxury resort, wyoming luxury resorts",,Jackson Hole% Jackson Hole% Jackson Hole% Jackson Hole by Four Seasons,Luxury Jackson Hole Resort in the heart of the American West% Accommodations% Discover Jackson Hole% Rustic Adventure Amid Mountain Luxury% #FSJACKSONHOLE,,,Katarina,,
Jackson Hole,2,2,2,2,Accommodations,Accommodation,https://www.fourseasons.com/jacksonhole/accommodations/,200,Jackson Hole Accommodations at Teton Village| Four Seasons,58,"Four Seasons Jackson Hole offers luxury accommodations, including spacious guest rooms, suites & lodges with magnificent views. Book your stay today.",149,jackson hole accommodations,,Jackson Hole Accommodations,Mountain-Side Room% Valley-Side Room% Resort Room% Mountain-View One-Bedroom Suite% Valley-View One-Bedroom Suite% Resort One-Bedroom Suite% Presidential Suite% Specialty Suite% The Granite Residence | Five-Bedroom Penthouse% The Lupine Residence | Three-Bedroom Penthouse% The Delta Residence | Three-Bedroom Penthouse% The Couloir Residence | Four Bedroom Slopeside% The Cascade Residence | Four Bedroom Slopeside% The Rendezvous Residence | Four Bedroom Slopeside% Three-Bedroom Resort Residence – Mountain View% The Wildflower Residence | Three-Bedroom Plus Den Slopeside Penthouse% Three-Bedroom Resort Residence – Valley View% Two-Bedroom Resort Residence – Mountain View% Two-Bedroom Resort Residence – Valley View% Mountain-Side Accessible Room% Valley-Side Accessible Room% By Design,,1,Katarina,,
Jackson Hole,2,2,2,2,Dining,"Weddings, Wellness & Dining",https://www.fourseasons.com/jacksonhole/dining/,200,Jackson Hole Restaurants & Dining at Teton Village | Four Seasons,65,"Experience fine dining at Four Seasons Jackson Hole with a signature restaurant and bars in Teton Village, from mountain fare to après-ski cocktails.",149,"jackson hole restaurants, jackson hole dining",,Jackson Hole Restaurants & Dining% Jackson Hole Restaurants & Dining% Jackson Hole Restaurants & Dining,All Food and Drink% Prix Fixe Menu% Exceptional Dining% The Team,,1,Katarina,,
Jackson Hole,2,2,2,2,Fall Itinerary,Experiences,https://www.fourseasons.com/jacksonhole/fall-itinerary/,200,Jackson Hole Fall Itinerary | Best Things to Do & Activities,60,"Experience the best of Jackson Hole in five days with our fall itinerary, from national parks and river floats to relaxing in Four Seasons comfort.",147,"jackson hole itinerary fall, jackson hole itinerary",,Your 5‑Day Jackson Hole Fall Itinerary,Experience Jackson Hole with Four Seasons% Your Fall Itinerary% Signature Moments,,,Katarina,,
Jackson Hole,2,2,2,2,Offers,Other,https://www.fourseasons.com/jacksonhole/offers/,200,Jackson Hole Resort Packages | Ski Vacation Offers | Four Seasons,65,"Discover Jackson Hole resort and vacation packages featuring luxury stays, wellness and dining in Wyoming’s stunning wilderness near Yellowstone.",145,jackson hole resort packages,,Jackson Hole Resort Offers & Packages,Featured Offer,,,Katarina,,
Jackson Hole,2,2,2,2,Photos & Videos,Other,https://www.fourseasons.com/jacksonhole/photos-and-videos/,200,Jackson Hole Wyoming Resort Photos & Videos | Four Seasons,58,Four Seasons Resort & Residences Jackson Hole presents a photo collection of this luxury ski resort surrounded by the famed Grand Teton Mountain Range.,151,"jackson hole photos, jackson hole videos",,Photos & Videos,Hotel Overview% Accommodations% Dining% Destination and Experiences,,,Katarina,,
Jackson Hole,2,2,2,2,Christmas,Seasonal,https://www.fourseasons.com/jacksonhole/seasonal/christmas/,200,"Jackson Hole Christmas Vacation at Four Seasons | Activities, Dinner",68,Celebrate Christmas in Jackson Hole with Four Seasons. Enjoy festive dinners and seasonal activities for all ages in a snowy wonderland.,136,"jackson hole christmas, jackson hole christmas activities",,Christmas in Jackson Hole,Join Us For The Holidays% included% Hotel Highlights,,,Katarina,,
Jackson Hole,2,2,2,2,New Year,Seasonal,https://www.fourseasons.com/jacksonhole/seasonal/new-year/,200,New Year's Day and Eve | Four Seasons Resort Jackson Hole,57,"Enter the New Year in style at Four Seasons Jackson Hole with festive dinners, midnight toasts and unforgettable alpine celebrations.",133,jackson hole new years,,New Year’s Day and Eve in Jackson Hole,included% Hotel Highlights,,,Katarina,,
Jackson Hole,2,2,2,2,Spring,Seasonal,https://www.fourseasons.com/jacksonhole/seasonal/spring-activities/,,,,,,"jackson hole in spring, wyoming in spring",,,,,,Katarina,,
Jackson Hole,2,2,2,2,Thanksgiving,Seasonal,https://www.fourseasons.com/jacksonhole/seasonal/thanksgiving/,200,"Jackson Hole Thanksgiving at Four Seasons | Dinner, Activities",62,Celebrate Thanksgiving in Jackson Hole with Four Seasons. Enjoy a festive dinner at Steadfire and seasonal activities for a memorable escape.,141,"jackson hole thanksgiving, jackson hole thanksgiving dinner",,Thanksgiving in Jackson Hole,Join Us For The Holidays% included% Hotel Highlights,,,Katarina,,
Jackson Hole,2,2,2,2,Experiences,Experiences,https://www.fourseasons.com/jacksonhole/services-and-amenities/year-round-activities/,200,Things to Do in Jackson Hole | Year-round Activities | Four Seasons,67,"Discover year-round activities in Jackson Hole. Enjoy skiing, hiking and wildlife tours. Book now to experience adventure at our luxury Resort.",143,jackson hole activities,,Year-Round Jackson Hole Activities,Featured Activities% Fall Activities% Winter Activities% SUMMER ACTIVITIES% YEAR-ROUND Activities,,1,Katarina,,
Jackson Hole,2,2,2,2,Spa & Wellness,"Weddings, Wellness & Dining",https://www.fourseasons.com/jacksonhole/spa/,200,Jackson Hole Spa Resort | Four Seasons Jackson Hole,51,"The Spa at Four Seasons Jackson Hole is among the top 100 spa resorts in the US, offering a full range of luxury treatments, massages and more. Book now.",153,jackson hole spa,,Luxury Spa Jackson Hole,Hours% Favourites% Spa Services% Salon Services% included% Relaxation Experiences,,,Katarina,,
Jackson Hole,2,2,2,2,Villas & Residences,Villas & Residences,https://www.fourseasons.com/jacksonhole/villa-residence-rentals/,200,Jackson Hole Luxury Vacation Rentals & Homes | Four Seasons,59,Relax by the fireplace with friends and family in our Jackson Hole luxury vacation rentals and homes nestled in scenic Teton Village.,133,"jackson hole luxury vacation rentals, jackson hole luxury vacation homes",,Villa & Residence Rentals% Villa & Residence Rentals% Explore accommodations,included% An elevated vacation experience,,,Katarina,,
Jackson Hole,2,2,2,2,Weddings,"Weddings, Wellness & Dining",https://www.fourseasons.com/jacksonhole/weddings/,200,Jackson Hole Weddings & Venues | Four Seasons,45,Four Seasons Jackson Hole offers an unmatched wedding experience surrounded by open skies & natural beauty at Wyoming’s only AAA Five-Diamond resort.,149,jackson hole weddings,,Jackson Hole Weddings% Jackson Hole Weddings,Real Wedding Experiences,,,Katarina,,
Jackson Hole,2,2,2,2,Winter Itinerary,Experiences,https://www.fourseasons.com/jacksonhole/winter-itinerary/,200,5-day Jackson Hole Winter Itinerary | Best Things To Do & Activities,68,"Plan the ultimate 5-day Jackson Hole winter vacation with our itinerary featuring the best activities, from snow adventures to après-ski relaxation.",148,"jackson hole winter itinerary, jackson hole itinerary",,Your 5‑Day Jackson Hole Winter Itinerary,Plan Your Winter Vacation With Four Seasons% Winter Activities by Day% Signature Moments,,,Katarina,,
Jakarta Capital Place,1,1,2,2,Frontpage,Home,https://www.fourseasons.com/jakarta/,200,"Luxury Hotel Jakarta, Indonesia | Four Seasons Hotel Jakarta",60,"Find out about Four Seasons Hotel Jakarta – a luxury hotel located in Indonesia offering renowned restaurants, a rejuvenating spa and private balconies with city views.",168,luxury hotel in Jakarta | luxury hotel in Indonesia,family hotel Jakarta | city hotel Jakarta,Jakarta% Jakarta% Jakarta% Jakarta by Four Seasons,An Intimate City-Centre Oasis in Indonesia’s Metropolis% Accommodations% Club Benefits% Discover Jakarta% An unexpected oasis% #FSJAKARTA,,,,,
Jakarta Capital Place,1,1,2,2,Accommodations,Accommodation,https://www.fourseasons.com/jakarta/accommodations/,200,Jakarta Luxury Hotel Rooms & Suites | Four Seasons Hotel Jakarta,64,Four Seasons Hotel Jakarta extends access to a variety of luxury accommodations from our comfortable Deluxe Suite to our lavish Presidential Suite and more.,156,hotel suites jakarta​ | jakarta accommodation​,luxury suite jakarta​ | family room hotel jakarta​,Jakarta Capital Place Accommodations,Executive Suite% Deluxe Suite% Premier Suite% Ambassador Suite% Presidential Suite% Interior Design,,,,,
Jakarta Capital Place,1,1,2,2,Dining,"Weddings, Wellness & Dining",https://www.fourseasons.com/jakarta/dining/,200,Jakarta Fine-Dining Restaurants & Bars | Four Seasons Hotel,59,"Four Seasons Hotel Jakarta offers a variety of fine-dining options from traditional Italian to local favourites, a European-style bar, quick-serve café and more.",161,fine dining jakarta​ | luxury restaurant jakarta​,afternoon tea jakarta​,Jakarta Fine Dining% Jakarta Fine Dining% Jakarta Fine Dining,All Food and Drink% Culinary Activities% Private Dining% Meet the team% Events,,,,,
Jakarta Capital Place,1,1,2,2,Offers,Other,https://www.fourseasons.com/jakarta/offers/,200,Jakarta Hotel Packages & Offers | Four Seasons Hotel Jakarta,60,Explore Jakarta hotel packages and offers at Four Seasons Hotel Jakarta. Enjoy luxury stays with spa treatments and culinary delights. Book now.,144,,,Jakarta Hotel Offers & Packages,Featured Offer,,,,,Empty field
Jakarta Capital Place,1,1,2,2,Photos & Videos,Other,https://www.fourseasons.com/jakarta/photos-and-videos/,200,"Jakarta, Indonesia Hotel Photos & Videos | Four Seasons Jakarta",63,"View photos and videos of the guest rooms and suites, restaurants, bars and more at Four Seasons Hotel Jakarta, a luxury five-star hotel in Jakarta, Indonesia.",159,,,Photos & Videos,Hotel Overview% Accommodations% Dining,,,,,Empty field
Jakarta Capital Place,1,1,2,2,Spa & Wellness,"Weddings, Wellness & Dining",https://www.fourseasons.com/jakarta/spa/,200,Luxury Spa Jakarta | Massages & Facials | The Spa at Four Seasons Hotel,71,The Spa at Four Seasons Hotel Jakarta is a sophisticated city sanctuary with innovative spa treatments to help you treat your mind body and spirit.,147,luxury spa jakarta​ | spa massage jakarta​,,Jakarta Capital Place Spa,HOURS% Favourites% Spa Services% Relaxation Experiences,,,,,
Jakarta Capital Place,1,1,2,2,Weddings,"Weddings, Wellness & Dining",https://www.fourseasons.com/jakarta/weddings/,200,Jakarta Weddings | Four Seasons Hotel Jakarta,45,"Four Seasons Hotel Jakarta offers the ultimate dream wedding experience with glamorous venues, exclusive packages, personalized planning & much more.",149,Jakarta weddings | Indonesia wedding,wedding packages Jakarta | hotel wedding Jakarta,Jakarta Weddings% Jakarta Weddings,Real wedding experiences% Wedding and Vow Renewal Services,,,,,
Johannesburg,1,1,1,1,Frontpage,Home,https://www.fourseasons.com/johannesburg/,200,5-Star Hotel in Johannesburg | Luxury Hotel | Four Seasons Westcliff,68,"Four Seasons Hotel the Westcliff, Johannesburg offers five-star luxury accommodations atop an elevated hillside in the city’s prestigious northern suburbs.",155,luxury hotel Johannesburg | five star hotel in Johannesburg,family hotels in Johannesburg | five star hotels in johannesburg city centre,"The Westcliff, Johannesburg% The Westcliff, Johannesburg% The Westcliff, Johannesburg% Johannesburg by Four Seasons","An exclusive hillside icon, reborn% Accommodations% Discover Johannesburg% Relaxation with a view% #FSJOHANNESBURG",,,,,
Johannesburg,1,1,1,1,Accommodations,Accommodation,https://www.fourseasons.com/johannesburg/accommodations/,200,Johannesburg Luxury Hotel Suites & Rooms | Four Seasons Westcliff,65,"Four Seasons Hotel the Westcliff, Johannesburg offers 80 luxurious guest rooms and suites with modern African décor. Book your stay now.",136,rooms in johannesburg | suites in Johannesburg,hotel rooms johannesburg | luxury hotel rooms Johannesburg,Johannesburg Accommodations,Three-Bedroom Royal Suite% Two-Bedroom Presidential Suite% Panoramic View One Bedroom Suite% One Bedroom Suite% Two-Bedroom Family Room% Panoramic View Premier Room% Garden-View Premier Room% Panoramic View Deluxe Room% Garden-View Deluxe Room% Interior Design,,,,,
Johannesburg,1,1,1,1,Dining,"Weddings, Wellness & Dining",https://www.fourseasons.com/johannesburg/dining/,200,Johannesburg Fine Dining | Restaurants & Bars | Four Seasons Westcliff,70,"Four Seasons Hotel The Westcliff, Johannesburg, offers an array of fine dining options from regional favourites to seasonal small plates, avant-garde and more.",159,fine dining Johannesburg | Johannesburg restuarants,hotel restaurant Johannesburg | romantic restaurant Johannesburg,Johannesburg Fine Dining% Johannesburg Fine Dining% Johannesburg Fine Dining% Culinary Experiences,All Food and Drink,,,,,
Johannesburg,1,1,1,1,Offers,Other,https://www.fourseasons.com/johannesburg/offers/,200,Johannesburg Vacation Packages | Four Seasons Hotel The Westcliff,65,"Explore Johannesburg vacation packages at Four Seasons Hotel The Westcliff, Johannesburg. Book now to enjoy extended stays, special rates, special breakfasts and more.",167,,,Johannesburg Hotel Offers & Packages,Featured Offer,,,,,Empty field
Johannesburg,1,1,1,1,Photos & Videos,Other,https://www.fourseasons.com/johannesburg/photos-and-videos/,200,Johannesburg Hotel Photos & Videos | Four Seasons The Westcliff,63,Four Seasons Hotel The Westcliff in Johannesburg presents a collection of photos and videos of this stylish hillside resort in the city's most prestigious suburb.,162,,,Photos & Videos,Hotel Overview% Accommodations% Dining,,,,,Empty field
Johannesburg,1,1,1,1,Spa & Wellness,"Weddings, Wellness & Dining",https://www.fourseasons.com/johannesburg/spa/,200,Spa in Johannesburg | Massage & Facial | Four Seasons The Westcliff,67,"The Spa at Four Seasons The Westcliff, Johannesburg captures the serenity of the region with its nature-inspired massage, skincare and beauty treatments.",153,luxury spa Johannesburg | hotel spa Johannesburg,massages Johannesburg | wellness Johannesburg,Johannesburg Spa,Hours% Favourites% Spa Services% Relaxation Experiences,,,,,
Johannesburg,1,1,1,1,Weddings,"Weddings, Wellness & Dining",https://www.fourseasons.com/johannesburg/weddings/,200,Johannesburg Weddings | Four Seasons Hotel The Westcliff,56,"Celebrate your wedding at Four Seasons Hotel The Westcliff Johannesburg, with breathtaking views and the elegant Grand Ballroom.",128,,,Johannesburg Weddings% Johannesburg Weddings,Real Wedding Experiences% Wedding and Vow Renewal Services,,,,,Empty field
Koh Samui,1,2,2,2,Frontpage,Home,https://www.fourseasons.com/kohsamui/,200,Luxury Resort Thailand | Koh Samui Beach Resort | Four Seasons,62,"Discover Koh Samui’s laidback island life with pristine beaches, tropical greenery and calm blue seas at our Resort with every imaginable comfort & more.",153,"koh samui resort, luxury resort thailand",koh samui beach resort,Koh Samui% Koh Samui% Koh Samui% Koh Samui by Four Seasons,Connect to Thailand’s Island Life% Accommodations% Discover Koh Samui% Secret Garden Spa% #FSKOHSAMUI,,,GG,,
Koh Samui,1,2,2,2,Accommodations,Accommodation,https://www.fourseasons.com/kohsamui/accommodations/,200,Luxury Villas and Accommodations Koh Samui | Four Seasons Resorts Koh Samui,75,"Discover luxury villas in Koh Samui at Four Seasons, with private pools and sweeping views of Laem Yai Bay and Koh Phangan. Inquire today.",138,"luxury villas koh samui, koh samui villas ",luxury villa thailand,Luxury Villas Koh Samui,Island Ocean Pool Villa% Serenity Pool Villa% Beach Villa with Pool% Oceanfront Pool Villa% Family Pool Villa% Panoramic Ocean-View Pool Villa% Premier Ocean-View Pool Villa% Five-Bedroom Residence Villa with Pool% Four-Bedroom Residence Villa with Pool% Three-Bedroom Family Residence Villa with Pool% Three-Bedroom Residence Villa with Pool% Two-Bedroom Residence Villa with Pool% Island Residence with Pool% Private Residences,,,GG,,
Koh Samui,1,2,2,2,Dining,"Weddings, Wellness & Dining",https://www.fourseasons.com/kohsamui/dining/,200,Koh Samui Restaurants & Bars | Fine Dining | Four Seasons Resort,64,Four Seasons Resort Koh Samui offers a wide range of fine dining restaurants and bars serving a variety of cuisines from seafood to Mediterranean and more.,155,"koh samui dining, koh samui restaurants",fine dining koh samui,Koh Samui Dining% Koh Samui Dining% Koh Samui Dining,All Food and Drink% Exceptional Dining% Culinary Activities% Meet the Team% #FSKOHSAMUI,,,GG,,
Koh Samui,1,2,2,2,Experiences,Experiences,https://www.fourseasons.com/kohsamui/experiences/,200,Koh Samui Excursions & Activities | Four Seasons,48,"Discover curated Koh Samui excursions and activities with Four Seasons. From adventure to relaxation, every experience is carefully crafted.",140,"koh samui excursions, koh samui activities",koh samui experiences,Experiences,Aquatic Escapades,,,GG,,
Koh Samui,1,2,2,2,Offers,Other,https://www.fourseasons.com/kohsamui/offers/,200,Koh Samui Vacation Packages | Four Seasons Resort Koh Samui Thailand,68,"Explore curated vacation packages at Four Seasons Resort Koh Samui. Enjoy private pools, romantic dining and spa access. Book your Thailand escape today.",153,"koh samui vacation packages, koh samui packages",koh samui resort packages,Koh Samui Vacation Packages & Offers,Featured Offer,,,GG,,
Koh Samui,1,2,2,2,Photos & Videos,Other,https://www.fourseasons.com/kohsamui/photos-and-videos/,200,Koh Samui Luxury Resort Photos & Videos | Four Seasons Koh Samui,64,"View photos and videos of Four Seasons Resort Koh Samui, a luxury five-star resort in Koh Samui, Thailand.",106,"koh samui photos, koh samui videos",,Photos & Videos,Hotel Overview% Accommodations% Dining% Services & Amenities% Spa,,,GG,,
Koh Samui,1,2,2,2,Chinese New Year,Other,https://www.fourseasons.com/kohsamui/seasonal/chinese-new-year/,,,,,,chinese new year in koh samui,,,,1,1,GG,,
Koh Samui,1,2,2,2,Family,Other,https://www.fourseasons.com/kohsamui/services-and-amenities/family/,,,,,,family resort koh samui,,,,,,GG,,
Koh Samui,1,2,2,2,Spa & Wellness,"Weddings, Wellness & Dining",https://www.fourseasons.com/kohsamui/spa/,200,"Spa Resort Koh Samui, Thailand | Wellness Resort | Four Seasons",63,"Relax with Thai massages, healing rituals and wellness treatments at our Spa at Four Seasons Resort Koh Samui. Book today.",122,"spa koh samui, koh samui spa resort",day spa koh samui,Spa Koh Samui% Spa Koh Samui% Spa Koh Samui,Spa Services% Seasonal promotions% Meet the Team% Relaxation Experiences% Spa Hours% #FSKOHSAMUI,,,GG,,
Koh Samui,1,2,2,2,Private Retreats,Private Retreats,https://www.fourseasons.com/kohsamui/villa-residence-rentals/,200,Koh Samui Luxury Villa Rental in Thailand | Four Seasons Resort,63,"Discover luxury villa rentals in Koh Samui, Thailand. Enjoy secluded hillside vacation rentals with private pools, ocean views, and world-class service.",152,"koh samui luxury villa rental, luxury vacation rentals thailand",koh samui villa rentals,Villa & Residence Rentals% Villa & Residence Rentals% Explore accommodations,included% An elevated vacation experience% Reserve a residence from our Villa & Residence Rentals collection and receive the following complimentary amenities,,,GG,,
Koh Samui,1,2,2,2,Weddings,"Weddings, Wellness & Dining",https://www.fourseasons.com/kohsamui/weddings/,200,"Koh Samui Wedding, Thailand | Four Seasons Resort Koh Samui",59,"Four Seasons Resort Koh Samui makes your dream wedding a reality with beachfront venues, curated packages, expert planning services, fine dining & more.",152,koh samui wedding,"thailand destination wedding, thailand wedding",Koh Samui Weddings% Koh Samui Weddings,Real Wedding Experiences,,,GG,,
Koh Samui,1,2,2,2,Honeymoon,"Weddings, Wellness & Dining",https://www.fourseasons.com/kohsamui/weddings/honeymoon/,,,,,,koh samui honeymoon,thailand honeymoon,,,,2,GG,,
Kuala Lumpur,2,2,2,2,Frontpage,Home,https://www.fourseasons.com/kualalumpur/,200,Luxury Hotel Kuala Lumpur | Four Seasons Hotel Kuala Lumpur,59,"Four Seasons Hotel Kuala Lumpur offers extraordinary dining, spacious accommodations, a luxury spa and more in the centre of Malaysia’s dynamic capital.",152,luxury hotel in kuala lumpur,,Kuala Lumpur% Kuala Lumpur% Kuala Lumpur% Kuala Lumpur by Four Seasons% Residences available for purchase,The glamorous heartbeat of Malaysia’s Capital% Accommodations% Discover Kuala Lumpur% A gourmand’s paradise% #FSKUALALUMPUR,,,Shruti,,
Kuala Lumpur,2,2,2,2,Accommodations,Accommodation,https://www.fourseasons.com/kualalumpur/accommodations/,200,Suite Hotel Kuala Lumpur | Four Seasons Hotel Kuala Lumpur,58,"If you're looking for a KL suite hotel, Four Seasons Hotel Kuala Lumpur offers a variety of options of suites as well as luxury apartments and guest rooms.",155,suite hotel kuala lumpur,,Kuala Lumpur Accommodations,Club Premier Park-View Room% Premier Park-View Room% Pool Garden-View Room% Park-View Room% City-View Room% Premier Park-View Suite% Park-View Suite% Royal Suite% Presidential Suite% Ambassador Suite% Two-Bedroom Premier Park-View Apartment% Two-Bedroom Park-View Apartment% Two-Bedroom Deluxe Apartment% One-Bedroom Deluxe Apartment,,,Shruti,,
Kuala Lumpur,2,2,2,2,Dining,"Weddings, Wellness & Dining",https://www.fourseasons.com/kualalumpur/dining/,200,Kuala Lumpur Fine Dining | Restaurants & Bars in KL | Four Seasons,66,"Four Seasons Hotel Kuala Lumpur is home to a variety of fine-dining options from traditional Chinese to internationally curated flavours, crafted cocktails & more.",163,fine dining kuala lumpur,,Fine-Dining Restaurants in Kuala Lumpur% Fine-Dining Restaurants in Kuala Lumpur% Fine-Dining Restaurants in Kuala Lumpur,All Food and Drink% Meet the Team,,,Shruti,,
Kuala Lumpur,2,2,2,2,Experiences,Experiences,https://www.fourseasons.com/kualalumpur/experiences/,200,Activities in KL | Things to Do in Kuala Lumpur | Four Seasons,62,"Discover some of the best things to do in Kuala Lumpur with Four Seasons, from outdoor adventures to local sightseeing tours and curated activities in Kuala Lumpur.",164,things to do in kuala lumpur​,experiences in kuala lumpur,Experiences,Local Experiences,,,Shruti,,
Kuala Lumpur,2,2,2,2,Offers,Other,https://www.fourseasons.com/kualalumpur/offers/,200,Kuala Lumpur Hotel Packages & Offers | Four Seasons,51,"Enjoy special rates, hotel offers and family packages on luxury suites and apartments at Four Seasons Hotel Kuala Lumpur in Malaysia. Plan your stay now.",153,kuala lumpur hotel offers | hotel package kuala lumpur​,,Kuala Lumpur Hotel Offers & Packages,Featured Offer,,,Shruti,,
Kuala Lumpur,2,2,2,2,Photos & Videos,Other,https://www.fourseasons.com/kualalumpur/photos-and-videos/,200,Four Seasons Hotels and Resorts | Luxury Hotels | Four Seasons | Photos and Videos,82,Photos and Videos,17,kuala lumpur photos and videos,,,Hotel Overview% Accommodations% Dining,,,Shruti,,
Kuala Lumpur,2,2,2,2,Spa & Wellness,"Weddings, Wellness & Dining",https://www.fourseasons.com/kualalumpur/spa/,200,Luxury Spa in KL | Spa at Four Seasons Hotel Kuala Lumpur,57,The Spa at Four Seasons Hotel Kuala Lumpur offers a rejuvenating assortment of spa and wellness services in the heart of Malaysia’s capital.,140,luxury spa kuala lumpur,spa hotel kuala lumpur​,Spa in Kuala Lumpur,HOURS% Awards% Favourites% Spa Services% Meet the team,,,Shruti,,
Kuala Lumpur,2,2,2,2,Private Retreats,Private Retreats,https://www.fourseasons.com/kualalumpur/villa-residence-rentals/,200,Luxury Apartments in KL | Four Seasons Hotel Kuala Lumpur,57,Plan your extended stay in our luxury city apartments at Four Seasons Hotel Kuala Lumpur. Perfect for a KL vacation overlooking the enchanting KLCC Park.,153,luxury apartment in kl | apartment rentals in kuala lumpur,apartment for rent in kuala lumpur,Villa & Residence Rentals% Villa & Residence Rentals% Explore accommodations,included% An elevated vacation experience,,,Shruti,,
Kuala Lumpur,2,2,2,2,Weddings,"Weddings, Wellness & Dining",https://www.fourseasons.com/kualalumpur/weddings/,200,Kuala Lumpur Weddings | Four Seasons Hotel Kuala Lumpur,55,"Four Seasons Hotel Kuala Lumpur offers bespoke wedding experiences with glamourous venues, curated packages, expert planning and honeymoons.",140,kuala lumpur weddings,wedding venues in kuala lumpur | KL weddings,Kuala Lumpur Weddings% Kuala Lumpur Weddings,WEDDING EXPERIENCES IN KUALA LUMPUR% Wedding Services,,,Shruti,,
Kuwait,2,2,2,2,Frontpage,Home,https://www.fourseasons.com/kuwait/,200,Luxury Hotel in Kuwait | Four Seasons at Burj Alshaya,53,"Four Seasons Hotel Kuwait at Burj Alshaya, a luxury hotel offering the city's largest guest rooms, rooftop restaurants & more in an urban resort setting overlooking the new downtown.",182,luxury hotel kuwait,four seasons kuwait,Kuwait at Burj Alshaya% Kuwait at Burj Alshaya% Kuwait at Burj Alshaya% Kuwait by Four Seasons,A Resort-Like Sanctuary in Kuwait’s Heart% Accommodations% Discover Kuwait% A Temple of Indulgence% #FSKUWAIT,,,Rob,,
Kuwait,2,2,2,2,Accommodations,Accommodation,https://www.fourseasons.com/kuwait/accommodations/,200,Luxury Hotel Rooms & Suites in Kuwait City | Four Seasons Kuwait,64,"Four Seasons Hotel Kuwait at Burj Alshaya offers luxury hotel rooms and suites, all featuring modern Middle Eastern design.",123,"luxury hotel rooms kuwait, luxury suites kuwait",,Kuwait Hotel Rooms & Suites,Superior Room% Deluxe Room% Park Room% Executive Suite% Ambassador Suite% Diplomatic Suite% Amiri Suite% State Suite% Royal Suite% Interior Design,,,Rob,,
Kuwait,2,2,2,2,Dining,"Weddings, Wellness & Dining",https://www.fourseasons.com/kuwait/dining/,200,Fine Dining Kuwait | Rooftop Restaurant & Lounges | Four Seasons,64,"Looking for fine dining in Kuwait? Four Seasons Hotel Kuwait at Burj Alshaya is home to five fine dining restaurants and lounges, featuring rooftop views, modern design and friendly, attentive service.",201,fine dining kuwait,restaurants kuwait,Kuwait Dining% Kuwait Dining% Kuwait Dining,All Food and Drink% Private Dining% Meet the Team,,,Rob,,
Kuwait,2,2,2,2,Experiences,Experiences,https://www.fourseasons.com/kuwait/experiences/,200,Things to do in Kuwait | Four Seasons | Experiences,51,"Explore the best things to do in Kuwait through the eyes of Four Seasons: island trips, sunset cruises, cultural tours and exclusive experiences. Adventure awaits.",163,"things to do in kuwait, kuwait experiences",,Experiences,Aquatic Escapades,,,Rob,,
Kuwait,2,2,2,2,Offers,Other,https://www.fourseasons.com/kuwait/offers/,200,Kuwait Luxury Hotel Packages & Offers | Four Seasons at Burj Alshaya,68,Book your stay at Four Seasons Hotel Kuwait at Burj Alshaya at the best possible rate with one of our luxury hotel offers. Enjoy special rates and packages.,156,"kuwait hotel offers, kuwait hotel packages","luxury hotel offers kuwait, lucury hotel packages kuwait",Kuwait Hotel Offers & Packages,Featured Offer,,,Rob,,
Kuwait,2,2,2,2,Photos & Videos,Other,https://www.fourseasons.com/kuwait/photos-and-videos/,200,Kuwait Hotel Photos & Videos | Four Seasons Hotel at Burj Alshaya,65,Four Seasons Hotel Kuwait at Burj Alshaya presents a collection of photos and videos of our luxury Hotel in the heart of culture in Kuwait's capital city.,154,kuwait hotel photos & videos,Four seasons kuwait photos,Photos & Videos,Hotel Overview% Accommodations% Dining% Services & Amenities% Spa,,,Rob,,
Kuwait,2,2,2,2,Pools,Services & amenities,https://www.fourseasons.com/kuwait/services-and-amenities/pools/,200,Kuwait Hotel Pool | Four Seasons Kuwait at Burj Alshaya,55,Kuwait Hotel Pool | Four Seasons Kuwait at Burj Alshaya,55,"kuwait hotel pools, kuwait hotel pool",,Kuwait Hotel Pools,Hours% OUTDOOR POOL% INDOOR SPA POOL,,,Rob,,
Kuwait,2,2,2,2,Spa & Wellness,"Weddings, Wellness & Dining",https://www.fourseasons.com/kuwait/spa/,200,Spa in Kuwait City | Massages | The Spa at Four Seasons Hotel Kuwait,68,"The Spa at Four Seasons Hotel Kuwait at Burj Alshaya welcomes you to a calming retreat in the heart of Kuwait City. Indulge in a variety of offerings from Biologique Recherche, MCMM Cosmetics, Sodashi Treatments and more.",221,"spa in kuwait city, kuwait spa",hotel spa kuwait,Spa in Kuwait City,Hours% Favourites% Spa Services% FITNESS FACILITIES% Relaxation Experiences,,,Rob,,
Kuwait,2,2,2,2,Weddings,"Weddings, Wellness & Dining",https://www.fourseasons.com/kuwait/weddings/,200,Kuwait Weddings | Four Seasons Hotel Kuwait At Burj Alshaya,59,"Four Seasons Hotel Kuwait at Burj Alshaya offers extraordinary weddings that won't be forgotten. With our distinctive venues, bespoke packages, expert planning and more, Kuwait weddings at Four Seasons are nothing short of magical.",231,kuwait weddings,,Kuwait Weddings% Kuwait Weddings,Real Wedding Experiences% Wedding and Vow Renewal Services,,,Rob,,
Kuwait,2,2,2,2,Honeymoons,"Weddings, Wellness & Dining",https://www.fourseasons.com/kuwait/weddings/honeymoon/,200,Kuwait Honeymoons | Four Seasons Hotel Kuwait At Burj Alshaya,61,Four Seasons Hotel Kuwait At Burj Alshaya offers a seamless transition from wedding day bliss to unforgettable honeymoon with a variety of romantic activities.,159,kuwait honeymoons,,Kuwait Honeymoons,,,,Rob,,
Kuwait,2,2,2,2,Wedding Packages,"Weddings, Wellness & Dining",https://www.fourseasons.com/kuwait/weddings/packages/,200,Kuwait Wedding Packages | Four Seasons Hotel Kuwait At Burj Alshaya,67,Four Seasons Hotel Kuwait At Burj Alshaya offers both curated and bespoke wedding packages designed to satisfy all aspects of your dream wedding & more.,152,kuwait wedding packages,,Kuwait Wedding Packages,,,,Rob,,
Kuwait,2,2,2,2,Wedding Venues,"Weddings, Wellness & Dining",https://www.fourseasons.com/kuwait/weddings/venues/,200,Kuwait Wedding Venues | Four Seasons Hotel Kuwait At Burj Alshaya,65,Four Seasons Hotel Kuwait offers access to a variety of premiere wedding venues from stately ballrooms to intimate spaces and exclusive off-site locations.,155,kuwait wedding venues,,Kuwait Wedding Venues,Featured Venues% Find a Venue,,,Rob,,
Kuwait,2,2,2,2,Seasonal,Other,https://www.fourseasons.com/kuwait/seasonal/valentines-day/,,,,,,,,,,,,,,
Kuwait,2,2,2,2,Seasonal,Other,https://www.fourseasons.com/kuwait/seasonal/ramadan/,,,,,,,,,,,,,,
Kuwait,2,2,2,2,Seasonal,Other,https://www.fourseasons.com/kuwait/seasonal/festive/,,,,,,,,,,,,,,
Kuwait,2,2,2,2,Seasonal,Other,https://www.fourseasons.com/kuwait/seasonal/new-year/,,,,,,,,,,,,,,
Kyoto,3,3,3,3,Frontpage,Home,https://www.fourseasons.com/kyoto/,200,Kyoto Luxury Hotel | Four Seasons Hotel Kyoto in Japan,54,"Discover the enchanting beauty of Kyoto at Four Seasons. Immerse in cultural rituals, wellness and exquisite dining. Book your luxury Kyoto stay now.",149,kyoto luxury hotel | kyoto hotel higashiyama,,Kyoto% Kyoto% Kyoto% A Kyoto Luxury Hotel by Four Seasons% HOTEL RESIDENCES AVAILABLE FOR PURCHASE,A CONTEMPORARY OASIS NESTLED AROUND A HERITAGE POND GARDEN% Accommodations% Discover Kyoto% Shakusui-en% #FSKYOTO,,,Emi,,
Kyoto,3,3,3,3,Accommodations,Accommodation,https://www.fourseasons.com/kyoto/accommodations/,200,Kyoto Hotel Rooms & Suites | Luxury Accommodations in Kyoto | Four Seasons,74,Four Seasons Hotel Kyoto offers spacious rooms and suites with exceptional luxury. Discover fine accommodations in Kyoto with serene garden and city views.,155,kyoto suites | kyoto accommodation,kyoto hotel suites | kyoto hotel room,Kyoto Accommodations,Premier Room% Deluxe Room% Premier Heritage Garden Room% Four Seasons Heritage Garden Room% One-Bedroom Heritage Garden Suite% One-Bedroom Suite% One-Bedroom Premier Heritage Garden Suite% One-Bedroom Premier Suite% Two-Bedroom Heritage Garden Residence% Two-Bedroom Kyoto Residence% Two-Bedroom Tatami Residence% One-Bedroom Heritage Garden Residence% One-Bedroom Tatami Dining Residence% One-Bedroom Residence% Two-Bedroom Presidential Suite% Design and Features,,,Emi,,
Kyoto,3,3,3,3,Dining,"Weddings, Wellness & Dining",https://www.fourseasons.com/kyoto/dining/,200,Kyoto Fine Dining | Four Seasons Hotel Kyoto,44,"Experience refined Kyoto dining at Four Seasons Hotel Kyoto. Savour premium meats, delicate sweets and unforgettable culinary moments overlooking our historic pond garden.",171,kyoto fine dining | kyoto restaurants,,Kyoto Fine Dining% Kyoto Fine Dining% Kyoto Fine Dining,All Food and Drink,,,Emi,,
Kyoto,3,3,3,3,Experiences,Experiences,https://www.fourseasons.com/kyoto/experiences/,200,Unique Kyoto Cultural Experiences | Four Seasons Hotel Kyoto,60,"Discover unique Kyoto experiences at Four Seasons Hotel Kyoto. Explore cultural adventures, from rickshaw tours to geisha entertainment, and more. Book today.",158,kyoto experiences | kyoto cultural experiences,,Experiences,Local Experiences% MEET THE TEAM,,,Emi,,
Kyoto,3,3,3,3,Offers,Other,https://www.fourseasons.com/kyoto/offers/,200,Kyoto Hotel Packages & Offers | Four Seasons Hotel Kyoto,56,"Discover Kyoto hotel packages, special offers and vacation packages at Four Seasons Hotel Kyoto. Enjoy luxury stays and exclusive experiences in Kyoto.",151,kyoto hotel packages | kyoto hotel offers,kyoto hotel deals,Kyoto Hotel Offers & Packages,Featured Offer,,,Emi,,
Kyoto,3,3,3,3,Photos & Videos,Other,https://www.fourseasons.com/kyoto/photos-and-videos/,200,Photos & Videos | Luxury Hotel in Kyoto | Four Seasons Hotel Kyoto,66,"Explore stunning photos and videos of Four Seasons Hotel Kyoto. Discover luxury, serenity, and tradition in our beautiful Kyoto property.",137,kyoto photos | kyoto hotel videos,,Photos & Videos,Hotel Overview% Videos% Accommodations% Dining% Spa% Shakusui-en% Events & Weddings,,,Emi,,
Kyoto,3,3,3,3,Cherry Blossom,Other,https://www.fourseasons.com/kyoto/sakura-season/,,,,,,cherry blossom season kyoto | cherry blossom kyoto,,,,,,,,
Kyoto,3,3,3,3,Chinese New Year,Other,https://www.fourseasons.com/kyoto/seasonal/chinese-new-year/,,,,,,chinese new year kyoto,,,,,,,,
Kyoto,3,3,3,3,Summer,Other,https://www.fourseasons.com/kyoto/seasonal/summer/,,,,,,summer kyoto,,,,,,,,
Kyoto,3,3,3,3,Family,Other,https://www.fourseasons.com/kyoto/services-and-amenities/family-and-kids/,200,Family-Friendly Hotel in Kyoto | Four Seasons Hotel Kyoto,57,"Discover a family sanctuary at Four Seasons Hotel Kyoto, where timeless elegance and child-friendly experiences await in the heart of Japan’s ancient capital.",158,family hotel kyoto | family friendly hotel kyoto,kyoto family accommodation,Family Stay in Kyoto,included% Hotel Highlights% More for families% Featured Accommodation,1,,Emi,,
Kyoto,3,3,3,3,Pool,"Weddings, Wellness & Dining",https://www.fourseasons.com/kyoto/services-and-amenities/pool/,,,,,,swimming pool kyoto | pool kyoto,,,,,,,,
Kyoto,3,3,3,3,Spa & Wellness,"Weddings, Wellness & Dining",https://www.fourseasons.com/kyoto/spa/,200,Luxury Kyoto Spa and Wellness | Four Seasons Hotel Kyoto,56,"Experience serene relaxation at The Spa at Four Seasons Hotel Kyoto. Enjoy Japanese massages in Kyoto, including shiatsu, full body massages and wellness treatments at our hotel spa.",182,kyoto spa | kyoto hotel spa,massages in kyoto,Kyoto Spa and Wellness,Hours%  Minimum Age Requirements% Awards% Favourites% Kyoto Spa Services% Wellness Services% Events & Promotions% Relaxation Experiences,,,Emi,,
Kyoto,3,3,3,3,Villa Residence Rentals,Accommodation,https://www.fourseasons.com/kyoto/villa-residence-rentals/,200,Kyoto Luxury Vacation Rental & Residence Suites | Retreats,58,"Discover luxury Kyoto vacation rentals with Four Seasons private residences. Enjoy private kitchens, tatami rooms and serenity in historic Higashiyama.",151,kyoto vacation rentals | kyoto luxury residences,,Villa & Residence Rentals% Villa & Residence Rentals% Explore accommodations,included% An elevated vacation experience% Residential Suite Benefits,,,Emi,,
Kyoto,3,3,3,3,Weddings,"Weddings, Wellness & Dining",https://www.fourseasons.com/kyoto/weddings/,200,Kyoto Weddings & Destination Weddings Japan | Four Seasons Kyoto,64,"Celebrate your Kyoto wedding at Four Seasons Hotel Kyoto — an elegant setting in Japan for local and destination weddings, with expert planning and garden views.",161,kyoto weddings | destination wedding japan,kyoto honeymoon,Kyoto Weddings% Kyoto Weddings,Real Kyoto Wedding Experiences% Wedding and Vow Renewal Services,,,Emi,,
Lanai,1,1,2,2,Frontpage,Home,https://www.fourseasons.com/lanai/,200,Lanai Hotel | Lanai Hawaii Luxury Resort | Four Seasons Resort Lanai,68,"Four Seasons Resort Lanai, Hawaii’s last unspoiled island, a gateway to an exotic, private paradise where opportunities for adventure and relaxation abound.",156,Lanai luxury hotels| Hawaii five star resorts,family friendly hotel in Hawaii,Lanai% Lanai% Lanai% Lanai by Four Seasons,"A secluded, oceanfront retreat on Hawaii’s last unspoiled island% Accommodations% Discover Lanai% Lanai Air Charter% #FSLANAI",,,Chris K,,
Lanai,1,1,2,2,Accommodations,Accommodation,https://www.fourseasons.com/lanai/accommodations/,200,Lanai Resort Suites & Rooms | Oceanfront | Four Seasons Resort Lanai,68,"Four Seasons Resort Lanai houses 213 guest rooms, including 45 suites marked by botanical gardens, serene koi ponds & endless views of the Pacific & more.",154,Lanai accommodation | luxury suites Lanai,guest rooms Lanai | luxury guest rooms Lanai,Lanai Accommodations,Palawai Suite% Makai Suite% Manele Suite% Kapihaa Presidential Suite% Hulopoe Presidential Suite% Alii Royal Suite% Penthouse Deluxe Suite% Penthouse Deluxe Oceanfront Suite% Penthouse Prime Oceanfront Suite% Ohana Garden-View Suite% Ohana Partial Ocean-View Suite% Ohana Ocean-View Suite% Ohana Oceanfront Suite% Ohana Prime Oceanfront Suite% Garden-View Suite% Oceanfront Studio Suite% Ocean-View Suite% Prime Oceanfront Studio Suite% Garden-View Room% Partial Ocean-View Room% Ocean-View Room% Oceanfront Room% Prime Oceanfront Room% Accessible Garden-View Room% Accessible Oceanfront Room% Prime Oceanfront Accessible Room% Interior Design,,,Chris K,,
Lanai,1,1,2,2,Dining,"Weddings, Wellness & Dining",https://www.fourseasons.com/lanai/dining/,200,Restaurants in Lanai | Lounges & Bars | Four Seasons Resort Lanai,65,Four Seasons Resort Lanai restaurants offer various culinary delights from Hawaiian steak and seafood to innovative Japanese cuisine and American flavours.,155,fine dining Lanai | restaurant in Lanai,hotel restaurant Lanai | romantic restaurant Lanai,Lanai Fine Dining% Lanai Fine Dining% Lanai Fine Dining,All Food and Drink,,,Chris K,,
Lanai,1,1,2,2,Experiences,Experiences,https://www.fourseasons.com/lanai/experiences/,200,Four Seasons Hotels and Resorts | Luxury Hotels | Four Seasons | Experiences,76,Experiences,11,lanai experiences,,Experiences,Aquatic Escapades% Land Pursuits% Local Experiences% Airborne Adventures,,,Chris K,,
Lanai,1,1,2,2,Offers,Other,https://www.fourseasons.com/lanai/offers/,200,Lanai Hotel Packages & Offers | Four Seasons Resort Lanai,57,"Four Seasons Resort Lanai features a variety of packages and offers for your next island getaway including extended stay, best room rates & more.",145,lanai resort offers,,Lanai Resort Offers & Packages,Featured Offer,,,Chris K,,
Lanai,1,1,2,2,Photos & Videos,Other,https://www.fourseasons.com/lanai/photos-and-videos/,200,Lanai Resort Photos & Videos | Four Seasons Resort Lanai,56,Four Seasons Resort Lanai presents a collection of photos and videos of the oceanside luxury resort. Click to view.,115,"lanai resort photos, lanai resort video",,Photos & Videos,Resort Overview% Accommodations% Dining% Spa% Activities,,,Chris K,,
Lanai,1,1,2,2,Spa & Wellness,"Weddings, Wellness & Dining",https://www.fourseasons.com/lanai/spa/,200,Four Seasons Hotels and Resorts | Luxury Hotels | Four Seasons | Spa,68,Spa,3,luxury spa Lanai | hotel spa Lanai,Lanai massage | Lanai wellness retreat,Lanai Spa% Lanai Spa% Lanai Spa,Spa Services% Fitness and Wellness% Our Team% Relaxation Experiences% Spa Hours,,,Chris K,,
Lanai,1,1,2,2,Weddings,"Weddings, Wellness & Dining",https://www.fourseasons.com/lanai/weddings/,200,Lanai Wedding | Hawaii Private Island | Four Seasons Resort Lanai,65,"Four Seasons Resort Lanai is an enchanting location for your dream wedding, offering a private island resort surrounded by natural beauty, romance & more.",154,lanai wedding,,Lanai Weddings% Lanai Weddings,REAL WEDDING EXPERIENCES% WEDDING AND VOW RENEWAL SERVICES,,,Chris K,,
"Langkawi, Malaysia",2,2,2,2,Frontpage,Home,https://www.fourseasons.com/langkawi/,200,Langkawi Resorts | Langkawi Island Beach Resort | Four Seasons,62,"Discover luxury at our Pulau Langkawi beach Resort. Enjoy island beauty, world-class amenities and the refined elegance of Four Seasons.",136,"langkawi resorts | langkawi beach resort​

",langkawi luxury resorts,Langkawi% Langkawi% Langkawi% Langkawi By Four Seasons,A Lush Oceanfront Retreat in Langkawi UNESCO Global Geopark% Accommodations% Discover Langkawi% Introducing our newly designed five-bedroom villa,,,Shruti,,
"Langkawi, Malaysia",2,2,2,2,Accommodations,Accommodation,https://www.fourseasons.com/langkawi/accommodations/,200,Langkawi Island Accommodations | Four Seasons Resort Langkawi,61,"Book your Langkawi island stay in luxury accommodations at Four Seasons Resort Langkawi, featuring beachside pavilions and villas with stunning views.",150,langkawi accommodation,,Langkawi Accommodations,Garden View Ground Floor% Garden View Upper Floor% Partial Sea View Ground Floor% Partial Sea View Upper Floor% Deluxe Garden View Upper Floor% Superior Beach Pavilion with Pool% Family Beach Villa with Plunge Pool% Beach Villa with Pool% Three-Bedroom Family Garden Villa with Pool% Premier Family Beach Villa with Pool% Premier Two-Bedroom Beach Villa with Pool% Royal Villa with Pool% Royal Two-Bedroom Beach Villa with Pool% Imperial Three-Bedroom Beach Villa with Pool% Imperial Five-Bedroom Beach Villa with Pool% Interior Design,,,Shruti,,
"Langkawi, Malaysia",2,2,2,2,Dining,"Weddings, Wellness & Dining",https://www.fourseasons.com/langkawi/dining/,200,Langkawi Restaurants & Bars | Fine Dining | Four Seasons Resort Langkawi,72,"Enjoy diverse Langkawi restaurant experiences at Four Seasons Resort, from casual breakfasts and family dinners to Malaysian specialties and island lounges.",156,Langkawi restaurants | langkawi bars,"	
fine dining langkawi",Langkawi Restaurants & Bars% Langkawi Restaurants & Bars% Langkawi Restaurants & Bars,All Food and Drink% Exceptional Dining% Events% Meet the Team,,,Shruti,,
"Langkawi, Malaysia",2,2,2,2,Offers,Other,https://www.fourseasons.com/langkawi/offers/,200,Langkawi Vacation Packages & Offers | Four Seasons Resort Langkawi,66,Discover curated vacation packages and offers at Four Seasons Resort Langkawi. Book your luxury getaway in one of our villas or pavilions at Langkawi.,150,Langkawi Vacation Packages | Langkawi Offers,,Langkawi Resort Offers & Packages,Featured Offer,,,Shruti,,
"Langkawi, Malaysia",2,2,2,2,Photos & Videos,Other,https://www.fourseasons.com/langkawi/photos-and-videos/,200,Langkawi Photos | Langkawi Video | Four Seasons Resort Langkawi,63,"View photos and videos of Four Seasons Resort Langkawi, a luxury five-star resort in the Andaman Sea in Langkawi, Malaysia.",123,Langkawi photos | Langkawi videos,,Photos & Videos,Hotel Overview% Accommodations% Dining,,,Shruti,,
"Langkawi, Malaysia",2,2,2,2,Spa & Wellness,"Weddings, Wellness & Dining",https://www.fourseasons.com/langkawi/spa/,200,Langkawi Spa | Massages & Facials | The Spa at Four Seasons Resort,66,"Unwind at The Geo Spa at Four Seasons Resort Langkawi. Enjoy holistic luxury treatments, signature facials and massages in Langkawi to rejuvenate body and mind.",160,langkawi spa,langkawi spa resort,Langkawi Spa,Hours% Favourites% Spa Services% Wellness Services% Meet the team% Relaxation Experiences,,,Shruti,,
"Langkawi, Malaysia",2,2,2,2,Weddings,"Weddings, Wellness & Dining",https://www.fourseasons.com/langkawi/weddings/,200,Langkawi Weddings | Beach Weddings Malaysia | Four Seasons Resort Langkawi,74,"Four Seasons Resort Langkawi is the perfect Malaysian beach wedding venue with pristine white-sand beaches, idyllic venues and bespoke packages.",144,beach wedding malaysia | langkawi wedding,,Langkawi Weddings% Langkawi Weddings,Real Wedding Experiences% Wedding and Vow Renewal Services% #FSLANGKAWI,,,Shruti,,
Las Vegas,2,2,2,2,Frontpage,Home,https://www.fourseasons.com/lasvegas/,200,Luxury 5-Star Hotel in Las Vegas | Strip View | Four Seasons,60,"Looking for a luxury hotel in Las Vegas? Four Seasons Hotel Las Vegas is a 5-Star oasis on the iconic Vegas strip, steps from nightlife & entertainment.",152,"luxury hotel las vegas, 5-star hotel las vegas ",hotel las vegas strip,Las Vegas% Las Vegas% Las Vegas% Las Vegas by Four Seasons,A MODERN OASIS ON THE LAS VEGAS STRIP% Accommodations% Discover Las Vegas% Pick Your Pool% #FSLASVEGAS,,,Rob,,
Las Vegas,2,2,2,2,Accommodations,Accommodation,https://www.fourseasons.com/lasvegas/accommodations/,200,Las Vegas Hotel Suites | Non-Gaming Hotel | Four Seasons,56,"Four Seasons Hotel Las Vegas’ 424 stylish guest rooms, including 81 luxury suites, echo the vibrancy and excitement of the world’s most iconic destination.",155,las vegas hotel suites,,Las Vegas Hotel Rooms & Suites,Premier Strip-View Room% Strip View Room% Stadium View Room% Deluxe Room% Superior Room% Strip View One-Bedroom Suite% Stadium View One-Bedroom Suite% One-Bedroom Suite% Stadium View Executive Suite% Executive Suite% Penthouse Suite% Strip View Presidential Suite% Stadium View Panoramic Suite% Sunrise View Panoramic Suite% Valley View Suite% Strip View Accessible Room with Roll-In Shower% Deluxe Accessible Room with Roll-In Shower% Deluxe Accessible Room% Superior Accessible Room with Roll-In Shower% Superior Accessible Room% Strip View One-Bedroom Accessible Suite with Roll-In Shower% Stadium View One-Bedroom Accessible Suite% Stadium View Panoramic Accessible Suite% Guest Room Use Policy% Interior Design,,,Rob,,
Las Vegas,2,2,2,2,Dining,"Weddings, Wellness & Dining",https://www.fourseasons.com/lasvegas/dining/,200,"Las Vegas Fine Dining | Italian Restaurant, Steakhouse | Four Seasons",69,Enjoy Las Vegas Fine Dining with Four Seasons Hotel Las Vegas. Offering some of the most sought-after restaurants on the Las Vegas Strip.,137,"las vegas dining, las vegas fine dining",las vegas restaurants,Las Vegas Dining% Las Vegas Dining% Las Vegas Dining,All Food and Drink% The Team,,,Rob,,
Las Vegas,2,2,2,2,Offers,Other,https://www.fourseasons.com/lasvegas/offers/,200,Las Vegas Hotel Packages & Offers | Four Seasons Hotel Las Vegas,64,Discover our latest Las Vegas Hotel offers and packages. Four Seasons Hotel Las Vegas has a variety of special offers to enhance your stay.,139,"las vegas hotel offers, las vegas hotel packages",,Las Vegas Hotel Offers & Packages,Featured Offer% Value Dates% Discover generous prices during the following value dates,,,Rob,,
Las Vegas,2,2,2,2,Photos & Videos,Other,https://www.fourseasons.com/lasvegas/photos-and-videos/,200,Las Vegas Luxury Hotel Photos & Videos | Four Seasons Las Vegas,63,Four Seasons Hotel Las Vegas presents a collection of photos and videos of this stylish five-star retreat atop Mandalay Bay Tower.,130,las vegas photos and videos,las vegas hotel photos,Photos & Videos,Hotel Overview% Accommodations% Dining,,,Rob,,
Las Vegas,2,2,2,2,Couples,Services & amenities,https://www.fourseasons.com/lasvegas/services-and-amenities/couples/,,,,,,las vegas couples hotel,las vegas for couples,,,,,,,
Las Vegas,2,2,2,2,Family,Services & amenities,https://www.fourseasons.com/lasvegas/services-and-amenities/family/,200,Las Vegas Family Hotel | Family Highlights | Four Seasons Las Vegas,67,"Find highlights for your family vacation to Four Seasons Hotel Las Vegas, including information on family activities, personalized itineraries and babysitting services.",168,family hotel las vegas,,Family Hotel Las Vegas,Hotel Highlight% Experience Las Vegas Together% Children’s Amenities,,,Rob,,
Las Vegas,2,2,2,2,Pet Friendly,Services & amenities,https://www.fourseasons.com/lasvegas/services-and-amenities/pet-friendly-stays/,200,Las Vegas Pet-Friendly Hotel | Four Seasons Hotel Las Vegas,59,Four Seasons has everything you and your pets need for the ultimate pet-friendly stay in Las Vegas. Everyone is welcome at Four Seasons Hotel Las Vegas.,152,pet friendly hotel las vegas,,PET-FRIENDLY STAYS AT FOUR SEASONS HOTEL LAS VEGAS,,,,Rob,,
Las Vegas,2,2,2,2,Spa & Wellness,"Weddings, Wellness & Dining",https://www.fourseasons.com/lasvegas/spa/,200,Las Vegas Hotel Spa | Packages | The Spa at Four Seasons Las Vegas,66,"The Spa at Four Seasons Hotel Las Vegas offers a luxurious array of spa services and treatments from body massages to waxing, nails and skincare.",145,"las vegas spa, las vegas hotel spa",,Las Vegas Spa% Las Vegas Spa% Las Vegas Spa,HOURS% Favourites% Spa Services% Events% Wellness & Relaxation Experiences,,,Rob,,
Las Vegas,2,2,2,2,Weddings,"Weddings, Wellness & Dining",https://www.fourseasons.com/lasvegas/weddings/,200,Las Vegas Hotel Weddings | Luxury Wedding Venue,47,Celebrate your wedding in our resort-style sanctuary on the iconic Las Vegas Strip at Four Seasons Hotel Las Vegas. Choose from eight distinctive wedding venues.,161,las vegas weddings,las vegas hotel weddings,Las Vegas Weddings% Las Vegas Weddings,LAS VEGAS WEDDING EXPERIENCES% Las Vegas Wedding and Vow Renewal,,,Rob,,
Las Vegas,2,2,2,2,Honeymoons,"Weddings, Wellness & Dining",https://www.fourseasons.com/lasvegas/weddings/honeymoon/,200,Las Vegas Honeymoon | Four Seasons Hotel Las Vegas,50,Our dedicated team of specialists is here to create the Las Vegas honeymoon itinerary of your dreams.,101,"las vegas honeymoon, las vegas honeymoons",,Las Vegas Honeymoons,,,,Rob,,
Las Vegas,2,2,2,2,Wedding Venues,"Weddings, Wellness & Dining",https://www.fourseasons.com/lasvegas/weddings/venues/,200,Las Vegas Wedding Venues | Four Seasons Hotel Las Vegas,55,"At Four Seasons Hotel Las Vegas, our wedding venues can adapt seamlessly to suit your special day. From intimate gatherings to grand ballrooms, we have the perfect wedding venue for you.",186,las vegas wedding venues,,Las Vegas Wedding Venues,Find a Venue,,,Rob,,
Las Vegas,2,2,2,2,Seasonal,Other,https://www.fourseasons.com/lasvegas/seasonal/thanksgiving/,,,,,,,,,,,,,,
Las Vegas,2,2,2,2,Seasonal,Other,https://www.fourseasons.com/lasvegas/seasonal/christmas/,,,,,,,,,,,,,,
Lisbon,3,3,3,3,Frontpage,Home,https://www.fourseasons.com/lisbon/,200,Luxury 5-Star Lisbon Hotel | Four Seasons Hotel Ritz Lisbon,59,"Enjoy 5-star luxury at Four Seasons Hotel Lisbon, your perfect base for exploring the city’s historic sites and with indulgent spa amenities and fine dining.",157,"luxury hotel lisbon, 5 star hotels lisbon",,Lisbon% Lisbon% Lisbon% Lisbon by Four Seasons,Iconic 5-star hotel in the heart of Lisbon% Accommodations% Discover Lisbon% A vibrant legacy% #FSLISBON,,,Katarina,,
Lisbon,3,3,3,3,Accommodations,Accommodation,https://www.fourseasons.com/lisbon/accommodations/,200,Lisbon Luxury Suites & Rooms | Four Seasons Hotel Ritz Lisbon,61,"Experience luxury guest rooms and suites atop one of Lisbon’s seven hills, with private terraces overlooking our Four Seasons Hotel Ritz Lisbon gardens.",152,"luxury suites lisbon, hotel rooms lisbon",,Lisbon Luxury Hotel Rooms & Suites,Almada Negreiros Suite% Pedro Leitão Suite% Royal Suite% Presidential Suite% Grand One-Bedroom Suite% Deluxe One-Bedroom Suite% One-Bedroom Suite% Studio Suite% Premier Park-View Room% Premier City-View Room% Deluxe Park-View Room% Deluxe City-View Room% Superior Park-View Room% Superior City-View Room% Interior Design,,1,Katarina,,
Lisbon,3,3,3,3,Dining,"Weddings, Wellness & Dining",https://www.fourseasons.com/lisbon/dining/,200,"Lisbon Restaurants, Bars & Fine Dining | Four Seasons Hotel",59,"Four Seasons Hotel Ritz Lisbon offers a variety of fine dining options, from our Varanda restaurant to an afternoon tea lounge.",127,"lisbon restaurants, fine dining lisbon",,Lisbon Restaurants & Fine Dining% Lisbon Restaurants & Fine Dining% Lisbon Restaurants & Fine Dining,All Food and Drink% The Team,,,Katarina,,
Lisbon,3,3,3,3,Brunch,"Weddings, Wellness & Dining",https://www.fourseasons.com/lisbon/dining/restaurants/brunch/,200,Lisbon Brunch with a View | Varanda Restaurant at Four Seasons,62,"Savour one of the best brunches in Lisbon at Varanda Restaurant every weekend, with local specialties and premium views of Eduardo VII Park.",140,"lisbon brunch, lisbon brunch with a view",,Lisbon Brunch with a View,Hours% Lisbon Brunch Signatures% Brunch Highlight% More Dining Options,,,Katarina,,
Lisbon,3,3,3,3,Experiences,Experiences,https://www.fourseasons.com/lisbon/experiences/,200,Things to Do & Experiences in Lisbon | Four Seasons Hotel Ritz,62,"Discover incredible things to do in the Lisbon area, then let our expert concierge team tailor each experience to surpass your wildest expectations.",148,"things to do lisbon, lisbon experiences",,Experiences,Land Pursuits% Wellness Activities,,,Katarina,,
Lisbon,3,3,3,3,Offers,Other,https://www.fourseasons.com/lisbon/offers/,200,Lisbon Hotel Packages & Special Offers | Four Seasons,53,"Explore Lisbon hotel offers and packages with luxury accommodations, fine dining and curated experiences in Portugal’s vibrant capital.",135,"lisbon hotel packages, lisbon hotel offers",,Lisbon Hotel Offers & Packages,Featured Offer,,,Katarina,,
Lisbon,3,3,3,3,Photos & Videos,Other,https://www.fourseasons.com/lisbon/photos-and-videos/,200,Lisbon Luxury Hotel Photos & Videos | Four Seasons Hotel Ritz Lisbon,68,"Explore stunning photos and videos of Four Seasons Hotel Ritz Lisbon, a luxury five-star retreat in vibrant Lisbon, Portugal.",125,lisbon photos,,Photos & Videos,Hotel Overview% Services & Amenities% Accommodations% Dining% Weddings% Spa & Wellness% Pool% Activities,,,Katarina,,
Lisbon,3,3,3,3,Christmas,Seasonal,https://www.fourseasons.com/lisbon/seasonal/christmas/,200,"Christmas in Lisbon | Dinner, Brunch, Things to Do | Four Seasons",65,"Experience Christmas in Lisbon at Four Seasons Hotel Ritz. Celebrate the season with Christmas markets, festive dining and seasonal activities.",143,christmas in lisbon,,Christmas in Lisbon,Hotel Highlights,,,Katarina,,
Lisbon,3,3,3,3,New Year,Seasonal,https://www.fourseasons.com/lisbon/seasonal/new-year/,200,Lisbon New Year Celebrations | Things to Do | Four Seasons Ritz,63,"Enter the new year in style at Four Seasons Hotel Ritz Lisbon with festive dinners, midnight toasts and unforgettable celebrations.",131,"lisbon new year, lisbon new year celebrations",,New Year Celebration in Lisbon,Hotel Highlights,,,Katarina,,
Lisbon,3,3,3,3,Spring,Seasonal,https://www.fourseasons.com/lisbon/seasonal/spring-break/,,,,,,"lisbon spring break, easter lisbon",,,,,,Katarina,,
Lisbon,3,3,3,3,Couples,Services & Amenities,https://www.fourseasons.com/lisbon/services-and-amenities/couples/,200,Romantic Hotel in Lisbon | Things to Do for Couples | Four Seasons Hotel Ritz Lisbon,84,"Discover Four Seasons Hotel Ritz Lisbon, a romantic hotel in Lisbon offering spa rituals, suites with stunning views and unforgettable experiences for couples.",159,"romantic hotels lisbon, hotel in lisbon for couples",,Discover One of Lisbon’s Most Romantic Hotels,Romantic Dining% Couples’ Spa & Wellness% Hotel Highlights% included% Featured Accommodations,,,Katarina,,
Lisbon,3,3,3,3,Family,Services & Amenities,https://www.fourseasons.com/lisbon/services-and-amenities/family/,200,Family-Friendly Hotel in Lisbon | Things to Do with Kids,56,"Discover our family-friendly hotel in Lisbon, offering spacious accommodations and fun things to do with kids. Plan your family vacation with Four Seasons.",155,"family friendly hotels lisbon, things to do in lisbon with kids",,Family-Friendly Hotel in Lisbon,included% Featured Accommodation% Kids’ Services and Amenities,,,Katarina,,
Lisbon,3,3,3,3,Pool,Services & Amenities,https://www.fourseasons.com/lisbon/services-and-amenities/pools/,200,Hotel in Lisbon with Indoor & Outdoor Swimming Pools | Four Seasons ,68,Enjoy indoor and outdoor swimming pools at Four Seasons Hotel Ritz Lisbon. Relax in style with city views and 5-star service in the heart of Lisbon.,148,"lisbon hotel with pool, hotels in lisbon with swimming pool",,Luxury Hotel with Swimming Pool Lisbon,Pool Hours% Pool Highlights% included% Outdoor Pool Services & Amenities% Indoor Pool Services & Amenities,,,Katarina,,
Lisbon,3,3,3,3,Spa & Wellness,"Weddings, Wellness & Dining",https://www.fourseasons.com/lisbon/spa/,200,Luxury Spa Lisbon | Massage & Facials | Four Seasons Hotel Ritz Lisbon,70,"Discover personalized luxury at our Ritz Spa in Lisbon, with candlelit massages, body treatments, and facials that leave you feeling relaxed and renewed.",153,"spa lisbon, luxury spa lisbon",,Luxury Spa Lisbon,HOURS% Favourites% Spa Services% Wellness Services% Relaxation Experiences,,,Katarina,,
Lisbon,3,3,3,3,Itinerary,Experiences,https://www.fourseasons.com/lisbon/three-day-itinerary/,,,,,,"lisbon itinerary, lisbon 3 day itinerary",,,,,,Katarina,,
Lisbon,3,3,3,3,Weddings,"Weddings, Wellness & Dining",https://www.fourseasons.com/lisbon/weddings/,200,Lisbon Weddings | Four Seasons Hotel Ritz Lisbon,48,"Discover a truly unforgettable wedding experience at Four Seasons Hotel Lisbon, featuring one-of-a-kind venues, expert planning and curated packages.",149,lisbon wedding,,Lisbon Weddings% Lisbon Weddings,Real Wedding Experiences in Lisbon% Wedding and Vow Renewal Services,,,Katarina,,
London,2,3,3,3,Frontpage,Home,https://www.fourseasons.com/london/,200,Luxury Hotel Mayfair London | Four Seasons London Park Lane,59,Experience luxury in Mayfair at Four Seasons Hotel London at Park Lane. Indulge at our Spa and fine-dining restaurants. Book your stay now.,139,"luxury hotel mayfair, luxury hotel mayfair london","mayfair hotel, mayfair hotel london, park lane hotel london",London at Park Lane% London at Park Lane% London at Park Lane% London at Park Lane by Four Seasons,A LUXURY LONDON MAYFAIR HOTEL EXPERIENCE% Mayfair Hotel Rooms & Suites% Discover London% Explore London% #FSLONDON,,1,Owain,1,
London,2,3,3,3,Accommodations,Accommodation,https://www.fourseasons.com/london/accommodations/,200,Luxury Suites London | Mayfair | Four Seasons Hotel Park Lane,61,"Indulge in elegance at Four Seasons Hotel London at Park Lane. Explore luxury suites in London with lavish rooms, and book your luxury London hotel break today.",160,luxury hotel suites london,hyde park lane suites,London Suites & Rooms,Superior Room% Deluxe Room% Premier Park-View Room% Terrace Room% Westminster Suite% Mayfair Suite% Ambassador Suite% Deluxe Suite% Park Suite% Hyde Park Suite% Studio Terrace Suite% Presidential London Suite% Three-Bedroom Presidential Suite% Grand Suite% Garden Suite% Royal Terrace Suite% Accommodations Highlights% Views from our Guests,,,Owain,1,
London,2,3,3,3,Dining,"Weddings, Wellness & Dining",https://www.fourseasons.com/london/dining/,200,Fine Dining Mayfair | Mayfair Restaurants | Four Seasons London,63,"Indulge in Mayfair fine dining at Four Seasons Hotel London at Park Lane, showcasing Pavyllon, Chef Yannick’s luxury dining experience. Reserve now.",148,Fine dining mayfair,"mayfair restaurants, restaurant experiences london",Fine Dining Mayfair% Fine Dining Mayfair% Fine Dining Mayfair,All Food and Drink% Your Dining Experiences,,,Owain,1,
London,2,3,3,3,Experiences,Experiences,https://www.fourseasons.com/london/experiences/,200,Things to do in Mayfair | Four Seasons London at Park Lane,58,"Discover things to do in Mayfair, including exclusive experiences at Four Seasons London. Book now for luxury dining, spa and exclusive activities.",147,things to do in mayfair,mayfair experiences,Experiences,Local Experiences,,,Owain,1,
London,2,3,3,3,Offers,Other,https://www.fourseasons.com/london/offers/,200,Mayfair Hotel Offers | Four Seasons London at Park Lane,55,Explore our exclusive Mayfair hotel offers and packages at Four Seasons London at Park Lane. Book now for luxury accommodations and exceptional experiences.,156,"mayfair hotel offers, london hotel offers",hotel offers london,London Hotel Offers & Packages,Featured Offer,,,Owain,1,
London,2,3,3,3,Photos & Videos,Other,https://www.fourseasons.com/london/photos-and-videos/,200,London Hotel Photos & Videos | Four Seasons London at Park Lane,63,Four Seasons Hotel London at Park Lane presents a photo collection of this luxurious landmark property in the heart of Mayfair.,127,London Hotel Photos,,Photos & Videos,Hotel Overview% Accommodations% Dining% Spa,,,Owain,1,
London,2,3,3,3,Christmas,Seasonal,https://www.fourseasons.com/london/seasonal/christmas/,200,Christmas Hotel London | Four Seasons Hotel London at Park Lane,63,"Celebrate Christmas in London at Four Seasons Hotel London at Park Lane, where Mayfair sophistication, Hyde Park magic and festive warmth create timeless memories.",163,christmas hotel london,,Spend festive nights in style at Four Seasons Hotel London at Park Lane,,1,1,Owain,,
London,2,3,3,3,New Year,Seasonal,https://www.fourseasons.com/london/seasonal/new-year/,200,New Year's Eve Hotel London | Four Seasons Hotel London at Park Lane,68,"Stay in luxury this New Year’s Eve at Four Seasons Hotel London at Park Lane. Celebrate with festive dining, skyline views and Mayfair elegance to welcome 2026.",160,new year's eve hotel london,,Ring in the new year with skyline views and mayfair elegance,,1,1,Owain,,
London,2,3,3,3,Spa & Wellness,"Weddings, Wellness & Dining",https://www.fourseasons.com/london/spa/,200,Spa London | Luxury Spa London | Four Seasons London,52,"Discover our luxury Mayfair Spa at Four Seasons Hotel London at Park Lane. Expert therapists, rejuvenating treatments and pampering await. Book now.",148,spa london,"luxury spa hotel london, luxury spa london
london spa",Mayfair Spa and Wellness,HOURS% Favourites% Spa Services% Relaxation experiences,,1,Owain,1,
London,2,3,3,3,Suite Summer,Other,https://www.fourseasons.com/london/suite-summer/,200,Luxury Hotel Suites Mayfair | Four Seasons Hotel London Park Lane,65,Understated elegance meets bold vision in our newly renovated Mayfair hotel suites – each crafted in partnership with London-based design studio Interiors With Art.,164,"suites in mayfair
hotel suites in mayfair",,Luxury Suites in Mayfair,New Suites: Elevating London Luxury% Coming soon% Your Gateway to London% Luxury Suite Inclusions% Every suite booking includes thoughtful touches designed to enhance comfort and personalize the experience:% royal terrace Suite% grand suite% Park suite% Deluxe Suite% Presidential London Suite% Garden Suite,,,Owain,,
London,2,3,3,3,Weddings,"Weddings, Wellness & Dining",https://www.fourseasons.com/london/weddings/,200,Luxury Weddings London | Four Seasons Hotel London Park Lane,60,Design your dream Mayfair wedding with our expert Four Seasons team. Inquire now to start planning your luxury London wedding.,126,luxury weddings london,mayfair weddings,Mayfair Weddings% Mayfair Weddings,Unforgettable Wedding in Mayfair% Wedding and Vow Renewal Services,,1,Owain,1,
London Tower Bridge,2,2,3,3,Frontpage,Home,https://www.fourseasons.com/towerbridge/,200,Luxury Hotel Tower Bridge | Four Seasons Hotel London Tower Bridge,66,Four Seasons Hotel London at Tower Bridge offers luxury accommodations and fine dining near Tower Bridge. Book your stay now.,125,"luxury hotel tower bridge, tower bridge hotel",tower hill hotel,London at Tower Bridge% London at Tower Bridge% London at Tower Bridge% London at Tower Bridge by Four Seasons,A Luxury City of London Hotel Near Tower Bridge% City of London Accommodations% Discover London% Experience London% #FSTOWERBRIDGE,,,Owain,,
London Tower Bridge,2,2,3,3,Accommodations,Accommodation,https://www.fourseasons.com/towerbridge/accommodations/,200,Tower Bridge Suites and Rooms | Four Seasons Tower Bridge,57,Indulge in luxury accommodations at Four Seasons London at Tower Bridge. Book our exquisite Tower Bridge suites and rooms for an unforgettable experience.,154,tower bridge suites,accommodation tower bridge,Accommodations near Tower Bridge,Skyline Penthouse% One-Bedroom Hotel Residence% Two-Bedroom Hotel Residence% Three-Bedroom Hotel Residence% One-Bedroom City-View Hotel Residence% Two-Bedroom City-View Hotel Residence% Three-Bedroom Panoramic-View Hotel Residence% Three-Bedroom Tower-View Hotel Residence% Royal Hotel Residence% Heritage Suite% Trinity Heritage Suite% Grand Heritage Suite% Royal Garden Suite% One-Bedroom Deluxe Suite% Executive Room% Superior Room% Deluxe Room% Premier Room% Views from our Guests,,1,Owain,,
London Tower Bridge,2,2,3,3,Dining,"Weddings, Wellness & Dining",https://www.fourseasons.com/towerbridge/dining/,200,Tower Bridge Restaurants and Bars | Four Seasons Tower Bridge,61,Four Seasons London at Tower Bridge boasts a variety of luxury restaurants and bars in the heart of Tower Bridge area. Reserve your table today.,144,"tower bridge dining
tower bridge restaurants","tower bridge bars, restaurants tower hill, tower hill bars",Tower Bridge Restaurants% Tower Bridge Restaurants% Tower Bridge Restaurants,All Food and Drink% Culinary Activities% Private Dining,,,Owain,,
London Tower Bridge,2,2,3,3,Experiences,Experiences,https://www.fourseasons.com/towerbridge/experiences/,200,Things to Do Near Tower Bridge | Four Seasons Hotel Tower Bridge,64,"Find new ways to explore London with Four Seasons and discover everything our capital city has to offer, from historic things to do near Tower Bridge to river cruises.",167,things to do near tower bridge,tower bridge activities,Experiences,Facilities & Services,,1,Owain,,
London Tower Bridge,2,2,3,3,Offers,Other,https://www.fourseasons.com/towerbridge/offers/,200,Tower Bridge Hotel Offers | Four Seasons London Tower Bridge,60,"Discover exclusive Tower Bridge hotel offers at Four Seasons. Enjoy luxury stays, dining and more. Book now for a unique experience.",132,tower bridge hotel offers,,London Tower Bridge Hotel Offers & Packages,Featured Offer,,,Owain,,
London Tower Bridge,2,2,3,3,New Year,Seasonal,https://www.fourseasons.com/towerbridge/seasonal/new-year/,200,New Year's Eve in London Tower Bridge,37,Celebrate New Year’s in London at Four Seasons Hotel Tower Bridge. Book now and spark a memorable start to the year by the city's iconic landmark.,146,new years eve tower bridge,,New Year’s near Tower Bridge,,1,1,Owain,,
London Tower Bridge,2,2,3,3,Bleisure,Services & Amenities,https://www.fourseasons.com/towerbridge/services-and-amenities/business-leisure/,,,,,,bleisure hotel london,,,,,,Owain,,
London Tower Bridge,2,2,3,3,Spa & Wellness,"Weddings, Wellness & Dining",https://www.fourseasons.com/towerbridge/spa/,200,Tower Bridge Spa | Four Seasons Hotel London at Tower Bridge,60,"Experience a luxury spa sanctuary near Tower Bridge, London, at Four Seasons with our revitalizing massages, facials and more. Book your treatments today.",154,"tower bridge spa, tower bridge hotel spa",tower hill spa,Tower Bridge Spa and Wellness,Hours% Favourites% Spa Services% Wellness services% Relaxation Experiences,,,Owain,,
London Tower Bridge,2,2,3,3,Private Retreats,Private Retreats,https://www.fourseasons.com/towerbridge/villa-residence-rentals/,200,Short Stay Rental London | Four Seasons Hotel London Tower Bridge,65,"Discover luxury serviced apartments and short rentals near Tower Bridge, ideal for business travel, family breaks or monthly rentals.",133,luxury short term rentals london,,Villa & Residence Rentals% Villa & Residence Rentals,EXPLORE ACCOMMODATIONS% included% An elevated vacation experience,,,Owain,,there are more than 2 keywords
London Tower Bridge,2,2,3,3,Weddings,"Weddings, Wellness & Dining",https://www.fourseasons.com/towerbridge/weddings/,200,Tower Bridge Weddings | Four Seasons Hotel London Tower Bridge,62,Celebrate love at Four Seasons London with a Tower Bridge wedding. Elevate your day with elegance and stunning views. Book your dream wedding now.,146,tower bridge weddings,tower Bridge Weddings,Tower Bridge Weddings% Tower Bridge Weddings,Your Special Day% Wedding and Vow Renewal Services,,,Owain,,
Los Angeles,1,2,3,3,Frontpage,Home,https://www.fourseasons.com/losangeles/,200,"Los Angeles Luxury Hotel in Beverly Grove, California | Four Seasons",68,"Experience luxury at Four Seasons Hotel Los Angeles at Beverly Hills. Enjoy a resort-style pool, award-winning Italian cuisine and a world-class Spa. Book now.",159,luxury hotels los angeles | luxury hotels los angeles ca,luxury hotels in los angeles california,Los Angeles at Beverly Hills% Los Angeles at Beverly Hills% Los Angeles at Beverly Hills% Los Angeles by Four Seasons,A Sun-filled Urban Oasis% Accommodations% Discover Los Angeles% Wellness Floor,,,Katarina,,
Los Angeles,1,2,3,3,Accommodations,Accommodation,https://www.fourseasons.com/losangeles/accommodations/,200,Luxury Hotel Rooms and Suites In Los Angeles | Four Seasons,59,"Experience luxury at Four Seasons Hotel Los Angeles at Beverly Hills: suites with balconies, fine dining and bespoke service. Book now.",135,hotel suites los angeles | hotel rooms los angeles ,luxury hotel suites los angeles | luxury los angeles hotel rooms,Hotel Suites & Rooms in Los Angeles,Royal Two-Bedroom Suite% Presidential Suite East% Presidential Two-Bedroom Suite West% Hollywood Suite% California Suite% Wellness Suite% Palm Suite% Doheny Suite% Director Suite% Grand Doheny Suite% Executive Room% Executive Wellness Room% Superior Balcony Room% Deluxe Balcony Room% Premier Balcony Room% Wellness Room% Accessible Superior Balcony Room% Accessible Superior Room With Roll-In Shower% Accessible Deluxe Room With Roll-In Shower% Accessible Deluxe Balcony Room,,,Katarina,,
Los Angeles,1,2,3,3,Couples,Services & Amenities,https://www.fourseasons.com/losangeles/couples/,200,Romantic Hotel in Los Angeles | Four Seasons in Los Angeles,59,"Escape to a romantic hotel in Los Angeles and discover things to do for couples, from candlelit dinners to a sunset shoot at Four Seasons in Los Angeles.",153,"couples getaway los angeles, romantic hotels los angeles",,Couples’ Getaway in Los Angeles,Hotel Highlights% Featured Accommodations,,,Katarina,,
Los Angeles,1,2,3,3,Dining,"Weddings, Wellness & Dining",https://www.fourseasons.com/losangeles/dining/,200,Los Angeles Restaurants and Bars | Four Seasons Los Angeles,59,"Discover Los Angeles restaurants and bars at Four Seasons Hotel Los Angeles, including Culina Ristorante, La Ola and handcrafted cocktails at The Lounge.",153,"los angeles restaurants, los angeles bars",hotel restaurants los angeles | los angeles dining,Los Angeles Restaurants and Bars% Los Angeles Restaurants and Bars% Los Angeles Restaurants and Bars,All Food And Drink% Culinary Activities% Events% Meet the team,,,Katarina,,
Los Angeles,1,2,3,3,Family,Services & Amenities,https://www.fourseasons.com/losangeles/family/,200,"Family and Kid Friendly Hotel in Los Angeles, CA | Four Seasons",63,"Create unforgettable family memories at Four Seasons family hotel in Los Angeles and enjoy spacious suites, kid-friendly amenities, and fun for all.",148,family hotels in los angeles,kid friendly hotels in los angeles | family friendly hotels los angeles,Family-Friendly Hotel in Los Angeles,Unforgettable Family Adventures,,,Katarina,,
Los Angeles,1,2,3,3,Proximity,Other,https://www.fourseasons.com/losangeles/hotel-near-sofi-stadium/,,,,,,"luxury hotels near sofi stadium los angeles, hotels near sofi stadium los angeles",,,,,,Katarina,,
Los Angeles,1,2,3,3,Offers,Other,https://www.fourseasons.com/losangeles/offers/,200,Luxury Hotel Offers and Packages in Los Angeles | Four Seasons,62,Explore Los Angeles vacation packages and offers at Four Seasons Hotel Los Angeles at Beverly Hills. Unwind at the spa and savour gourmet dining. Book your escape now.,167,hotel offers los angeles | hotel packages los angeles,los angeles ca vacation packages | la hotel offers,Hotel Offers & Packages in Los Angeles,Featured Offer,,,Katarina,,
Los Angeles,1,2,3,3,Photos & Videos,Other,https://www.fourseasons.com/losangeles/photos-and-videos/,200,Los Angeles Hotel Photos & Videos | Four Seasons Hotel Los Angeles,66,Four Seasons Hotel Los Angeles at Beverly Hills presents a collection of photos and videos of this luxury five-star hotel surrounded by the Hollywood Hills.,156,hotel los angeles photos,,Photos & Videos,Hotel Overview% Accommodations% Dining,,,Katarina,,
Los Angeles,1,2,3,3,Christmas,Seasonal,https://www.fourseasons.com/losangeles/seasonal/christmas/,,,,,,los angeles christmas,,,,,,Katarina,,
Los Angeles,1,2,3,3,New Year,Seasonal,https://www.fourseasons.com/losangeles/seasonal/new-year/,,,,,,"new years eve los angeles, los angeles new year's",,,,,,Katarina,,
Los Angeles,1,2,3,3,Spring,Seasonal,https://www.fourseasons.com/losangeles/seasonal/spring/,,,,,,"spring break los angeles, easter los angeles",,,,,,Katarina,,
Los Angeles,1,2,3,3,Thanksgiving,Seasonal,https://www.fourseasons.com/losangeles/seasonal/thanksgiving/,,,,,,thanksgiving los angeles,,,,,,Katarina,,
Los Angeles,1,2,3,3,Pool,Services & Amenities,https://www.fourseasons.com/losangeles/services-and-amenities/pools/,200,Luxury Hotel With Pool in Los Angeles | Four Seasons,52,"Discover Four Seasons luxury hotel with pool in Los Angeles, a serene retreat in the city, perfect for relaxing under the California sun.",137,"los angeles hotel with outdoor pool, los angeles hotels with pools",,Los Angeles Hotel With Pool,HOURS% A Serene Poolside Retreat in the Heart of LA% Featured Accommodations% included,,,Katarina,,
Los Angeles,1,2,3,3,Spa,"Weddings, Wellness & Dining",https://www.fourseasons.com/losangeles/spa/,200,Luxury Spa Los Angeles | Four Seasons Hotel Los Angeles,55,"Unwind at our luxury spa in Los Angeles. Enjoy soothing massages, body treatments, and invigorating facials. Let our expert therapists pamper you. Book now!",156,"spa los angeles, luxury spa los angeles",,Spa in Los Angeles,Hours% Favourites% Spa Services% Relaxation Experiences,,,Katarina,,
Los Angeles,1,2,3,3,Weddings,"Weddings, Wellness & Dining",https://www.fourseasons.com/losangeles/weddings/,200,Los Angeles Wedding | Four Seasons Hotel Los Angeles,52,"Celebrate your love at our Beverly Hills oasis. Choose from indoor or outdoor venues, and let our wedding specialists make your dream day a reality. Book now!",158,los angeles weddings,,Los Angeles Weddings% Los Angeles Weddings,Real Wedding Experiences% Wedding and Vow Renewal Services,,,Katarina,,
Los Cabos,2,2,2,2,Frontpage,Home,https://www.fourseasons.com/loscabos/,200,Luxury Los Cabos Resort With Swimmable Beach | Four Seasons,59,Uncover extraordinary luxury at our Los Cabos resort on the East Cape. Dive into adventure with a swim or set sail from our private marina. Book now.,149,los cabos luxury resorts | los cabos resorts,los cabos mexico luxury resorts,Los Cabos at Costa Palmas™% Los Cabos at Costa Palmas™% Los Cabos at Costa Palmas™% LOS CABOS BY FOUR SEASONS% Residences and Villas available for purchase,Welcome to Refined Beachfront Luxury at Our Award-Winning Los Cabos Resort% Accommodations% Discover Los Cabos% Celebrate The Holidays in Los Cabos% #FSLOSCABOS,,,Chris K,,
Los Cabos,2,2,2,2,Accommodations,Accommodation,https://www.fourseasons.com/loscabos/accommodations/,200,Luxury Los Cabos Accommodations | Suites and Rooms | Four Seasons,65,"Discover luxury Los Cabos accommodations at Four Seasons. Stay in beachfront villas and ocean-view suites designed for privacy, comfort and elegance.",149,los cabos accommodation | luxury accommodations in los cabos​, hotel suites los cabos,Los Cabos Accommodations,Ocean-View Room% Prime Ocean-View Room% Partial Ocean-View Room with Plunge Pool% Garden Room with Plunge Pool% Oceanfront Room% Oceanfront Room with Plunge Pool% Garden-View Executive Suite with Plunge Pool% Ocean-View Executive Suite% Oceanfront Executive Suite% Oceanfront Plunge Pool Executive Suite% Oceanfront One-Bedroom Suite% Oceanfront Plunge Pool Suite% Ocean-View Two-Bedroom Suite% Ocean-View Two-Bedroom Suite with Plunge Pool% Sunrise Two-Bedroom Suite% Sunrise Two-Bedroom Suite with Plunge Pool% Marina Ocean-View Two-Bedroom Residence% Marina Ocean-View Three-Bedroom Residence% Marina Ocean-View Four-Bedroom Residence% Ocean-View Three-Bedroom Residence% Ocean-View Four-Bedroom Residence% Three-Bedroom Beachfront Presidential Villa% Oasis Five-Bedroom Villa% Ocean-View Six-Bedroom Villa% Sunset Five-Bedroom Villa% Beachfront Six-Bedroom Villa% By Design,,,Chris K,,
Los Cabos,2,2,2,2,Dining,"Weddings, Wellness & Dining",https://www.fourseasons.com/loscabos/dining/,200,Los Cabos Restaurants | Fine Dining | Four Seasons Costa Palmas,63,"Four Seasons Resort Los Cabos at Costa Palmas™ is home to a range of fine dining options, from beachside & poolside restaurants & more. Book now.",145,Los Cabos Restaurant | restaurants in los cabos,fine dining los cabos,Los Cabos Dining% Los Cabos Dining% Los Cabos Dining,All Food and Drink% Culinary Activities% Prix Fixe Menu% Exceptional Dining% Private Dining,,,Chris K,,
Los Cabos,2,2,2,2,Experiences,Experiences,https://www.fourseasons.com/loscabos/experiences/,200,Four Seasons Hotels and Resorts | Luxury Hotels | Four Seasons | Experiences,76,Experiences,11,los cabos activities | things to do in los cabos,,Experiences,Aquatic Escapades% Land Pursuits% Local Experiences% Airborne Adventures% Wellness Activities,,,Chris K,,
Los Cabos,2,2,2,2,Experiences,Experiences,https://www.fourseasons.com/loscabos/golf/,200,Los Cabos Golf Resort | Four Seasons Los Cabos,46,"Discover our Four Seasons Los Cabos luxury golf resort, featuring an 18-hole championship course by Robert Trent Jones II with stunning desert and ocean views.",159,los cabos golf resort,,Los Cabos Golf Resort,Hours% The Course% Golf Experiences% Services & Amenities% More Services & Amenities,,,Chris K,,
Los Cabos,2,2,2,2,Offers,Other,https://www.fourseasons.com/loscabos/offers/,200,Los Cabos Vacation Packages and Offers | Four Seasons,53,Experience luxury in Los Cabos with exclusive vacation packages and hotel offers. Book now for a memorable getaway at Four Seasons Resort Los Cabos.,148,los cabos vacation packages | hotel offers in los cabos,,Vacation Packages in Los Cabos,Featured Offer,,,Chris K,,
Los Cabos,2,2,2,2,Photos & Videos,Other,https://www.fourseasons.com/loscabos/photos-and-videos/,200,Four Seasons Hotels and Resorts | Luxury Hotels | Four Seasons | Photos and Videos,82,Photos and Videos,17,los cabos photos | los cabos villas photos,,Photos & Videos,Resort Overview% Dining% Accommodations% Villa and Residence Rentals,,,Chris K,,
Los Cabos,2,2,2,2,Spa & Wellness,"Weddings, Wellness & Dining",https://www.fourseasons.com/loscabos/spa/,200,Los Cabos Spa Resort | Four Seasons Costa Palmas,48,Escape to ultimate relaxation at Four Seasons Los Cabos spa and wellness resort. Rejuvenate yourself with luxury treatments and experiences. Book now.,150,los cabos spa | los cabos spa resort,,Los Cabos Spa,Hours% Favourites% Spa Services% Meet the Team% Relaxation Experiences,,,Chris K,,
Los Cabos,2,2,2,2,Private Retreats,Private Retreats,https://www.fourseasons.com/loscabos/villa-residence-rentals/,200,Luxury Villa Rentals in Los Cabos | Vacation Rentals | Four Seasons,67,"Explore luxury vacation rentals in Los Cabos with Four Seasons. Choose from private villas and residence rentals offering space, style, and oceanfront views.",157,los cabos villa rentals | los cabos vacation rentals,los cabos luxury rentals,Villa & Residence Rentals% Villa & Residence Rentals,Explore accommodations% included% An elevated vacation experience,,,Chris K,,This and the next row are for the same page
Los Cabos,2,2,2,2,Private Retreats,Private Retreats,https://www.fourseasons.com/loscabos/villa-residence-rentals/,200,Luxury Villa Rentals in Los Cabos | Vacation Rentals | Four Seasons,67,"Explore luxury vacation rentals in Los Cabos with Four Seasons. Choose from private villas and residence rentals offering space, style, and oceanfront views.",157,los cabos vacation homes,Private Retreats,Villa & Residence Rentals% Villa & Residence Rentals,Explore accommodations% included% An elevated vacation experience,,,Chris K,,
Los Cabos,2,2,2,2,Weddings,"Weddings, Wellness & Dining",https://www.fourseasons.com/loscabos/weddings/,200,Los Cabos Wedding Resort | Four Seasons Los Cabos,49,Plan your dream destination wedding at our Los Cabos resort on the Sea of Cortez. Say 'I do' amongst coastal elegance. Start planning your special day now.,155,los cabos wedding | wedding venues in los cabos,los cabos wedding resorts,Los Cabos Weddings% Los Cabos Weddings,REAL WEDDING EXPERIENCES% WEDDING SERVICES,,,Chris K,,
Macau,1,2,2,2,Frontpage,Home,https://www.fourseasons.com/macau/,200,Luxury Hotel in Cotai Macau | Forbes 5-Star | Four Seasons Hotel Macao,70,"Experience Forbes 5-Star luxury at Four Seasons Hotel Macao. Enjoy elegant accommodations, pools, fine dining & a private spa at our Macau hotel.",145,macau luxury hotel | 5-star hotels in macau,,Macao% Macao% Macao% Macao by Four Seasons,"An enclave of elegance, steps from the city’s action% Accommodations% Discover Macao% A Macau wedding in the gardens% #FSMACAU",,,Shruti,,
Macau,1,2,2,2,Accommodations,Accommodation,https://www.fourseasons.com/macau/accommodations/,200,Macau Accommodations & Hotel Booking | Four Seasons Hotel Macao,63,Discover elegant Macau accommodations with stunning views at Four Seasons Hotel Macao. Book now to experience the world of luxury that Four Seasons offers.,155,macau accommodation ,,Accommodations,Premier Room% Deluxe Room% Superior Room% Four Seasons Room% Executive Suite% Presidential Suite% Royal Suite% Ambassador Suite,,,Shruti,,
Macau,1,2,2,2,Dining,"Weddings, Wellness & Dining",https://www.fourseasons.com/macau/dining/,200,Macau Fine Dining Restaurants | Four Seasons Hotel Macao,56,"Discover fine dining restaurants in Macau Cotai Strip at Four Seasons Hotel Macao, including a Michelin-starred restaurant and a chic bar.",138,macau restaurant,,Macau Fine Dining% Macau Fine Dining% Macau Fine Dining,All Food and Drink,,,Shruti,,
Macau,1,2,2,2,Offers,Other,https://www.fourseasons.com/macau/offers/,200,Macau Hotel Offers & Packages | Four Seasons Hotel Macao,56,"Explore Macau hotel offers and packages at Four Seasons Hotel Macao. Book now to enjoy extended stays, spa retreats and signature breakfasts.",141,macau hotel offers | macau hotel package,,Macau Hotel Offers & Packages,Featured Offer,,,Shruti,,
Macau,1,2,2,2,Photos & Videos,Other,https://www.fourseasons.com/macau/photos-and-videos/,200,Macau Luxury Hotel Photos & Videos | Four Seasons Hotel Macau,61,"View photos and videos of Four Seasons Hotel Macau, Cotai Strip, a luxury hotel in Macau.",89,macau pictures | macau photos,,Photos & Videos,Hotel Overview% Accommodations% Dining,,,Shruti,,
Macau,1,2,2,2,Seasonal,Seasonal,https://www.fourseasons.com/macau/seasonal/festive/,#N/A,#N/A,#N/A,#N/A,#N/A,christmas in macau | new year in macau,,#N/A,#N/A,,,Shruti,,
Macau,1,2,2,2,Spa & Wellness,"Weddings, Wellness & Dining",https://www.fourseasons.com/macau/spa/,200,Macau Spa & Wellness | Four Seasons Hotel Macao,47,"Experience relaxation and inner peace at our Macau Spa at Four Seasons Hotel Macao, offering spa and wellness treatments, a sauna, and lagoon pool.",147,macau spa,,Macau Spa,HOURS% Awards% Favourites% Spa Services% Wellness Services% Relaxation Experiences,,,Shruti,,
Macau,1,2,2,2,Weddings,"Weddings, Wellness & Dining",https://www.fourseasons.com/macau/weddings/,200,Four Seasons Hotels and Resorts | Luxury Hotels | Four Seasons | Weddings,73,Weddings,8,macau wedding,,Macao Weddings% Macao Weddings,Real Wedding Experiences% Wedding and Vow Renewal Services,,,Shruti,,
Madrid,3,3,3,3,Frontpage,Home,https://www.fourseasons.com/madrid/,200,Luxury 5-Star Hotel in Madrid City Centre | Four Seasons Madrid,63,"Discover our Four Seasons historic luxury Hotel in Madrid. Explore our vibrant destination, exquisite rooftop dining and Spa. Book your stay now.",145,5-star hotels madrid | luxury hotels madrid,luxury hotels in madrid city center,Madrid% Madrid% Madrid% SPAIN: HEART & HERITAGE% Madrid by Four Seasons,A historic landmark with modern energy% Accommodations% Discover Madrid% #FSMADRID,,,Hannah,,
Madrid,3,3,3,3,Accommodations,Accommodation,https://www.fourseasons.com/madrid/accommodations/,200,Luxury Hotel Suites in Madrid | Four Seasons Hotel Madrid,57,"Discover luxury suites and rooms in Madrid's city centre at Four Seasons, perfect for family and business stays. Reserve your elegant escape now.",145,luxury suites madrid | hotel suites madrid,,Hotel Rooms & Suites in Madrid,Four Seasons Suite With Terrace% Penthouse Suite with Terraces% Canalejas Two-Bedroom Suite% Ambassador Two-Bedroom Suite% Presidential Two-Bedroom Suite% Royal Suite% Courtyard Suite% Executive Suite% One-Bedroom Suite% Loft Suite% Superior Room% Superior Accessible Room% Deluxe Room% Deluxe Room With Juliet Balcony% Grand Premier Room% Grand Premier Room With Terrace% Puerta del Sol Two-Bedroom Suite with Terraces% Presidential Five-Bedroom Suite% By Design,,,Hannah,,
Madrid,3,3,3,3,Accommodations,Accommodation,https://www.fourseasons.com/madrid/accommodations/specialty-suites/presidential-suite/,200,Presidential Suite | Four Seasons Hotel Madrid,46,"A truly luxurious sanctuary, the Presidential Suite features two bedrooms, a formal entrance, a living room and a dining table for eight.",137,presidential suite madrid,,Presidential Two-Bedroom Suite,GALLERY% Details% Features,,,,,
Madrid,3,3,3,3,Accommodations,Accommodation,https://www.fourseasons.com/madrid/accommodations/specialty-suites/royal-suite/,200,Royal Suite | Four Seasons Hotel Madrid,39,"Rich in original historical details, our One-Bedroom Royal Suite is a palatial apartment with double-height ceilings and an atmosphere of stately elegance.",155,royal suite madrid,,Royal Suite,GALLERY% Details,,,,,
Madrid,3,3,3,3,Dining,"Weddings, Wellness & Dining",https://www.fourseasons.com/madrid/dining/,200,Restaurants and Fine Dining in Madrid | Four Seasons Hotel,58,"Savour fine dining, exquisite cocktails and more at Four Seasons Madrid. Elevate your dining experience at our restaurants and bars. Reserve now.",145,fine dining madrid,madrid restaurants | dining madrid,Dining% Dining% Dining,All Food and Drink% Prix Fixe Menus% The Team% Events,,,Hannah,,
Madrid,3,3,3,3,Dining,"Weddings, Wellness & Dining",https://www.fourseasons.com/madrid/dining/restaurants/dani/,200,Dani Brasserie Rooftop Restaurant in Madrid | Four Seasons,58,"Dani Brasserie is our Four Seasons rooftop restaurant in Madrid. Here, Michelin-starred dishes meet casual Spanish and international cuisine. Book now.",151,rooftop restaurant madrid,,Dani Brasserie% Jewel of the Cádiz Coast,Hours% Menus% Signature Dishes & Drinks% Highlights% Events% The Team% More Dining Options,,,Hannah,,
Madrid,3,3,3,3,Experiences,Experiences,https://www.fourseasons.com/madrid/experiences/,200,Experiences in Madrid | Four Seasons Hotel Madrid,49,"Explore local and wellness activities at Four Seasons Hotel Madrid. Enjoy cultural tours, workshops and spa experiences for an enriching and relaxing stay.",155,madrid experiences,experiences in madrid,Experiences,,,,Hannah,,
Madrid,3,3,3,3,Offers,Other,https://www.fourseasons.com/madrid/offers/,200,Madrid Hotel Offers & Packages | Four Seasons Hotel Madrid,58,Discover exclusive hotel offers and packages for Four Seasons Hotel Madrid. Book now for a luxurious stay in Spain’s vibrant capital.,133,madrid hotel offers,,Madrid Hotel Offers & Packages,Featured Offer,,,Hannah,,
Madrid,3,3,3,3,Photos & Videos,Other,https://www.fourseasons.com/madrid/photos-and-videos/,200,Four Seasons Hotels and Resorts | Luxury Hotels | Four Seasons | Photos and Videos,82,Photos and Videos,17,four seasons hotel madrid photos,,Photos & Videos,Hotel Overview% Accommodations% Dining% Spa% Events & Weddings,,,Hannah,,
Madrid,3,3,3,3,Spa & Wellness,"Weddings, Wellness & Dining",https://www.fourseasons.com/madrid/spa/,200,Spa Madrid | Luxury Spa | Four Seasons Hotel Madrid,51,"Indulge at our Four Seasons Madrid luxury Spa and Salon. Relax, rejuvenate and escape. Discover our services and book your hotel spa experience today.",150,spa madrid,spa hotels madrid | luxury spa madrid,Madrid Spa,Hours% Favourites% Spa Services% Wellness Services% Wellness Experiences,,,Hannah,,
Madrid,3,3,3,3,Spa & Wellness,"Weddings, Wellness & Dining",https://www.fourseasons.com/madrid/spa/massages/,200,Massage Madrid | Four Seasons Hotel Madrid Spa,46,Experience personalized luxury massages at Four Seasons Madrid. Find balance with our expert therapists and indulge in bespoke treatments. Book now.,148,massage madrid| madrid massages,,Massages,,,,,,
Madrid,3,3,3,3,Weddings,"Weddings, Wellness & Dining",https://www.fourseasons.com/madrid/weddings/,200,Madrid Wedding | Four Seasons Hotel Madrid,42,Create timeless memories with a Madrid wedding at Four Seasons. Let our expert team craft your unforgettable celebration. Book your dream wedding today.,152,madrid wedding,,Madrid Weddings% Madrid Weddings,Real Wedding Experiences% Wedding and Vow Renewal Services% More Highlights,,,Hannah,,
Madrid,3,3,3,3,Weddings,"Weddings, Wellness & Dining",https://www.fourseasons.com/madrid/weddings/honeymoon/,200,Madrid Honeymoon | Four Seasons Hotel Madrid,44,"Celebrate love with a luxurious honeymoon in Madrid at Four Seasons. Exquisite dining, spa relaxation and unforgettable memories await.",135,madrid honeymoon,,Madrid Honeymoons,,,,Hannah,,
Madrid,3,3,3,3,Weddings,"Weddings, Wellness & Dining",https://www.fourseasons.com/madrid/weddings/venues/,200,Madrid Wedding Venues | Four Seasons Hotel Madrid,49,"Discover elegant Madrid wedding venues at Four Seasons. From large to intimate venues, reserve your enchanting space for an unforgettable celebration.",150,madrid wedding venues,,Madrid Wedding Venues,Find a Venue,,,Hannah,,
Maldives Kuda Huraa,2,2,2,2,Frontpage,Home,https://www.fourseasons.com/maldiveskh/,200,"Luxury Resort in North Malé Atoll, Maldives | Four Seasons Kuda Huraa",69,"Discover Four Seasons Maldives at Kuda Huraa, a luxury North Malé Atoll resort near Malé Airport. Dive, surf and snorkel on a magical island.",141,"maldives resort, maldives luxury resort",Maldives at Kuda Huraa% Maldives at Kuda Huraa% Maldives by Four Seasons,Maldives at Kuda Huraa% Maldives at Kuda Huraa% Maldives at Kuda Huraa% Maldives by Four Seasons% AN EXCLUSIVE JET JOURNEY,Serene island living with a Maldivian village charm% Accommodations% Discover Maldives% Visiting Practitioners% #FSMALDIVES,,,Chris K,,
Maldives Kuda Huraa,2,2,2,2,Accommodations,Accommodation,https://www.fourseasons.com/maldiveskh/accommodations/,200,"Luxury Maldives Accommodations | Four Seasons Kuda Huraa, Maldives",66,"Staying true to its Maldivian heritage, each one of Kuda Huraa’s 96 thatched beach and water accommodations were constructed by local craftsmen using indigenous materials and techniques to reflect a true sense of the Maldives. Book now.",236,"maldives luxury villas, maldives suites",Accommodations,Maldives at Kuda Huraa Accommodations,Deluxe Beach Pavilion with Pool% Two-Bedroom Beach Pavilion with Pool% Sunrise Water Villa with Pool% Sunset Water Villa with Pool% Sunrise Family Water Villa with Pool% Sunrise Beach Villa with Pool% Sunset Beach Villa with Pool% Garden Pavilion with Pool% Sunset Family Beach Villa with Pool% Sunrise Family Beach Villa with Pool% Sunset Three-Bedroom Water Suite% Three-Bedroom Kuda Estate% Sunset Two-Bedroom Water Suite% Sunrise Two-Bedroom Water Suite% Sunrise Three-Bedroom Water Suite% Family Two-Bedroom Water Suite,,,Chris K,,
Maldives Kuda Huraa,2,2,2,2,Dining,"Weddings, Wellness & Dining",https://www.fourseasons.com/maldiveskh/dining/,200,Maldives Restaurants & Bars | Fine Dining | Four Seasons Kuda Huraa,67,"Four Seasons Maldives at Kuda Huraa is home to a variety of fine dining restaurants and bars, offering cuisines from award-winning Indian to authentic Italian.",159,maldives fine dining,Dining% Dining,Maldives Kuda Huraa Fine Dining% Maldives Kuda Huraa Fine Dining% Maldives Kuda Huraa Fine Dining,All Food and Drink% Culinary Activities% Breakfast% Prix Fixe Menus% Events,,,Chris K,,
Maldives Kuda Huraa,2,2,2,2,Experiences,Experiences,https://www.fourseasons.com/maldiveskh/experiences/,200,Four Seasons Hotels and Resorts | Luxury Hotels | Four Seasons | Experiences,76,Experiences,11,things to do in maldives,,Experiences,Aquatic Escapades,,,Chris K,,
Maldives Kuda Huraa,2,2,2,2,Offers,Other,https://www.fourseasons.com/maldiveskh/offers/,200,Maldives Packages & Offers | Four Seasons Kuda Huraa,52,"Indulge in the extraordinary experience of the Maldives with packages available for suites, activities and honeymoons.",118,"maldives resort offers, maldives resort packages",Offers,Maldives Kuda Huraa Resort Offers & Packages,Featured Offer,,,Chris K,,
Maldives Kuda Huraa,2,2,2,2,Photos & Videos,Other,https://www.fourseasons.com/maldiveskh/photos-and-videos/,200,Four Seasons Hotels and Resorts | Luxury Hotels | Four Seasons | Photos and Videos,82,Photos and Videos,17,"maldives resort photos, maldives resort videos",Photos & Videos,Photos & Videos,Resort Overview% Accommodations% Dining,,,Chris K,,
Maldives Kuda Huraa,2,2,2,2,Surfing,Other,https://www.fourseasons.com/maldiveskh/services-and-amenities/maldives-surf-resort/,200,Maldives Surf Resort | Four Seasons Maldives at Kuda Huraa,58,"Learn to surf from Kuda Huraa’s expert Tropicsurf coaches and guides, embark on a dedicated surf cruise, set off on escorted sessions and clinics, and more.",156,maldives surf resort,,Maldives Surf Resort,Four Seasons Maldives Surfing Champions Trophy (SCT)% included% World-Class Surfing Paradise% Featured Accommodation,,,Chris K,,
Maldives Kuda Huraa,2,2,2,2,Spa & Wellness,"Weddings, Wellness & Dining",https://www.fourseasons.com/maldiveskh/spa/,200,Luxury Spa Maldives | The Spa at Four Seasons Resort Kuda Huraa,63,The Spa at Four Seasons Resort Maldives at Kuda Huraa invites you to relax near the beach with a variety of luxury treatments in a spectacular island setting.,158,"maldives spa, maldives spa resort",Spa and Wellness,ŪRJĀ Naturopathy Island – Maldives Spa,A NATURAL SANCTUARY FOR RENEWAL% HOURS% The World of ŪRJĀ% Meet the Team% Favourites% included% Wellness Services,,,Chris K,,
Maldives Kuda Huraa,2,2,2,2,Weddings,"Weddings, Wellness & Dining",https://www.fourseasons.com/maldiveskh/weddings/,200,Maldives Weddings | Four Seasons Resort Maldives at Kuda Huraa,62,"Four Seasons Maldives at Kuda Huraa offers a magical location for your wedding against a backdrop of pristine sand, turquoise waters & iconic palm trees.",153,"maldives weddings, maldives wedding resort",Go to the Four Seasons home page% Weddings in Maldives,Weddings in The Maldives% Weddings in The Maldives,Real Wedding Experiences,,,Chris K,,
Maldives Landaa Giraavaru,2,2,2,2,Frontpage,Home,https://www.fourseasons.com/maldiveslg/,200,Luxury Baa Atoll Resort | Landaa Giraavaru Resort Maldives | Four Seasons,73,"Discover Four Seasons Resort Maldives at Landaa Giraavaru, a luxury Baa Atoll resort in the UNESCO Biosphere Reserve that celebrates wellness, adventure and conservation.",170,"maldives resort, maldives luxury resort",Maldives at Landaa Giraavaru% Maldives at Landaa Giraavaru% Maldives By Four Seasons,Maldives at Landaa Giraavaru% Maldives at Landaa Giraavaru% Maldives at Landaa Giraavaru% Maldives By Four Seasons,A Baa Atoll resort in the UNESCO Biosphere Reserve% Accommodations% Discover Maldives% Meet the Mantas% #FSMALDIVES,,,Chris K,,
Maldives Landaa Giraavaru,2,2,2,2,Accommodations,Accommodation,https://www.fourseasons.com/maldiveslg/accommodations/,200,Five-Star Luxury Accommodation Maldives | Four Seasons at Landaa Giraavaru,74,Four Seasons Resort Maldives at Landaa Giraavaru offers thatched bungalows and villas with contemporary Maldivian design across 44 acres of natural jungle and beach.,165,"maldives accommodation​, luxury accommodation in maldives​",Accommodations,Maldives at Landaa Giraavaru Accommodations,Sunrise Water Villa with Pool% Sunset Water Villa with Pool% Sunrise Family Water Villa with Pool% Sunset Family Water Villa with Pool% Water Villa with Pool – Partial Sea View% Premier Oceanfront Bungalow with Pool% Family Oceanfront Bungalow with Pool% Two-Bedroom Oceanfront Bungalow – Partial Sea View% Two-Bedroom Oceanfront Villa% Beach Villa with Pool% Family Beach Villa with Pool% Sunset Two-Bedroom Water Suite% Sunrise Two-Bedroom Water Suite% Sunset Three-Bedroom Water Suite% Sunrise Three-Bedroom Water Suite% Two-Bedroom Royal Beach Villa% Four-Bedroom Landaa Estate% Three-Bedroom Land and Ocean Suite% Day-Use Rooms% Interior Design,,,Chris K,,
Maldives Landaa Giraavaru,2,2,2,2,Dining,"Weddings, Wellness & Dining",https://www.fourseasons.com/maldiveslg/dining/,200,Maldives Fine Dining | Four Seasons Landaa Giraavaru,52,Four Seasons Resort Maldives at Landaa Giraavaru invites you to savour the tastes of Asia or experience Italian dining at our restaurants and lounges.,150,maldives fine dining,,Maldives Landaa Giraavaru Fine Dining% Maldives Landaa Giraavaru Fine Dining% Maldives Landaa Giraavaru Fine Dining% Culinary Experiences,All Food and Drink% Customized Menus% Events,,,Chris K,,
Maldives Landaa Giraavaru,2,2,2,2,Experiences,Experiences,https://www.fourseasons.com/maldiveslg/experiences/,200,Things to do in the Maldives | Four Seasons Landaa Giraavaru,60,"Explore the Maldives at Four Seasons Resort Maldives at Landaa Giraavaru: Adventure, relaxation, turquoise waters and white-sand beaches for your perfect paradise.",163,things to do in maldives,,Experiences,Aquatic Escapades% Wellness Activities% Exceptional Dining,,,Chris K,,
Maldives Landaa Giraavaru,2,2,2,2,Offers,Other,https://www.fourseasons.com/maldiveslg/offers/,200,Maldives Resort Packages & Offers | Four Seasons Landaa Giraavaru,65,Indulge yourself in the extraordinary world of our luxury Maldives resort with packages available for suites and activities.,124,"maldives resort offers, maldives resort packages",Maldives,Maldives Landaa Giraavaru Resort Offers & Packages,,,,Chris K,,
Maldives Landaa Giraavaru,2,2,2,2,Photos & Videos,Other,https://www.fourseasons.com/maldiveslg/photos-and-videos/,200,Maldives Photo | Maldives Video | Four Seasons Resort Maldives At Landaa Giraavaru,82,Maldives photo and video at Landaa Giraavaru are presented for your convenience to stay at Four Seasons Resort Maldives At Landaa Giraavaru.,140,"maldives resort photos, maldives resort videos",Photos & Videos,Photos & Videos,Resort Overview% Accommodations% Dining,,,Chris K,,
Maldives Landaa Giraavaru,2,2,2,2,Diving,Other,https://www.fourseasons.com/maldiveslg/services-and-amenities/maldives-scuba-diving-resort/,200,Maldives Scuba Diving Resort | Four Seasons Landaa Giraavaru,60,"Experience scuba diving in Maldives at Landaa Giraavaru. From PADI courses to manta ray encounters, our luxury resort offers unmatched underwater adventures.",157,"maldives scuba diving resorts​, maldives diving",maldives scuba diving,Maldives Scuba Diving Resort,included% UNESCO Biosphere Maldives Diving% Additional Services & Amenities% Featured Accommodation,,,Chris K,,Not present in Score outputs 
Maldives Landaa Giraavaru,2,2,2,2,Spa & Wellness,"Weddings, Wellness & Dining",https://www.fourseasons.com/maldiveslg/spa/,200,Wellness in Maldives | Wellness Haven at Four Seasons Landaa Giraavaru,70,"Reset at AyurMa at Four Seasons Resort Maldives at Landaa Giraavaru. Discover Ayurveda, yoga therapy and wellness for health, harmony and happiness.",148,"wellness in maldives, ayurma",AyurMa – Wellness Haven,AyurMa – Wellness Haven,A holistic wellness haven% HOURS% The Four Pillars of AyurMa% Meet the Team% Signature Experiences,,,Chris K,,"aryuma as a keyword present in meta description, but scores 0 "
Maldives Landaa Giraavaru,2,2,2,2,Weddings,"Weddings, Wellness & Dining",https://www.fourseasons.com/maldiveslg/weddings/,200,Maldives Wedding | Four Seasons Resort at Landaa Giraavaru,58,Four Seasons Resort Maldives at Landaa Giraavaru offers a paradise location for your dream wedding nestled away in the idyllic UNESCO Biosphere Reserve.,152,maldives wedding,Go to the Four Seasons home page% Weddings,Weddings% Weddings,Real Wedding Experiences% #FSMALDIVESLG,,,Chris K,,
Mallorca,2,2,3,3,Frontpage,Home,https://www.fourseasons.com/mallorca/,200,Four Seasons Resort Mallorca at Formentor | Luxury Resort,57,"Experience ultimate relaxation at our luxury Mallorca Resort. Enjoy world-class amenities, stunning views and unparalleled service at Four Seasons. Book now.",157,"Luxury Mallorca Resort, Four Seasons Mallorca",,Mallorca at Formentor% Mallorca at Formentor% Mallorca at Formentor% SPAIN: HEART & HERITAGE% MALLORCA BY FOUR SEASONS,Luxury Mallorca Beach Resort% Accommodations% Discover Mallorca% Writing the Next Chapter of Formentor% #FSMALLORCA,,,Rob,,
Mallorca,2,2,3,3,Accommodations,Accommodation,https://www.fourseasons.com/mallorca/accommodations/,200,Accommodations | Four Seasons Resort Mallorca at Formentor,58,"Discover luxurious Mallorca resort suites and rooms at Four Seasons. Enjoy stunning gardens, pines and sea views from spacious guest rooms and elegant suites in stunning Mallorca. Book today!",191,"Mallorca resort suites, luxury mallorca suites",,Mallorca Resort Rooms & Suites,Pine-View Room% Pine-View Accessible Room% Grand Pine-View Room% Garden-View Room with Plunge Pool% Sea-View Room% Grand Sea-View Room% Pine-View Suite% Grand Pine-View Suite% Garden-View Suite with Plunge Pool% Grand Pine-View Suite with Plunge Pool% Sea-View Suite% Grand Sea-View Suite% Formentor Suite% Royal Suite% Mallorca Accommodations Highlights,,,Rob,,
Mallorca,2,2,3,3,Dining,"Weddings, Wellness & Dining",https://www.fourseasons.com/mallorca/dining/,200,Fine Dining in Mallorca | Four Seasons Mallorca at Formentor,60,"Experience fine dining in Mallorca at Four Seasons. Savour Mediterranean and Nikkei cuisine, as well as coastal delights while enjoying stunning sea views and exceptional service.",179,fine dining mallorca,,Fine Dining Mallorca% Fine Dining Mallorca% Fine Dining Mallorca,OUR MALLORCA RESTAURANTS% Facilities & Services% Events% Views From Our Guests,,,Rob,,
Mallorca,2,2,3,3,Offers,Other,https://www.fourseasons.com/mallorca/offers/,200,Mallorca Packages & Offers | Four Seasons Resort Mallorca at Formentor,70,Discover exclusive Mallorca hotel offers at Four Seasons Resort Mallorca. Enjoy special rates and packages for your luxury getaway. Book now.,141,Mallorca resort offers,Mallorca resort packages,Mallorca Resort Offers & Packages,Featured Offer,,,Rob,,
Mallorca,2,2,3,3,Photos & Videos,Other,https://www.fourseasons.com/mallorca/photos-and-videos/,200,Photos & Videos | Four Seasons Resort Mallorca at Formentor,59,Photos and videos from Four Seasons Resort Mallorca at Formentor. Explore the beauty of our Mallorca resort in these photos and videos. Start planning your getaway today.,170,"Mallorca Four Seasons Photos, Mallorca Resort Photos & Videos",Photos & Videos,Photos & Videos,Resort Overview% Accommodations% Dining% Wellness% Outdoor Activities,,,Rob,,
Mallorca,2,2,3,3,Couples,Services & Amenities,https://www.fourseasons.com/mallorca/services-and-amenities/couples/,200,Luxury Couples Resort | Four Seasons Mallorca at Formentor,58,Four Seasons Resort Mallorca at Formentor is the ideal luxury resort in Mallorca for couples. Experience a romantic 5-star getaway with luxury accommodations and unique couples’ experiences.,190,luxury couples resort mallorca,mallorca couples resort,A Luxury Mallorca Resort for Couples,The Ideal Couples’ Retreat,,,Rob,,
Mallorca,2,2,3,3,Family,Services & Amenities,https://www.fourseasons.com/mallorca/services-and-amenities/family/,200,Luxury Family Resort | Four Seasons Mallorca at Formentor,57,"Four Seasons Resort Mallorca at Formentor is the ideal Mallorca luxury family resort with spacious suites, exclusive family experiences and a breathtaking natural setting. Create unforgettable family memories in Mallorca.",221,luxury family resort mallorca,family resort mallorca,A Luxury Family Escape,included% Unique Family Experiences,,,Rob,,
Mallorca,2,2,3,3,Pools,Services & Amenities,https://www.fourseasons.com/mallorca/services-and-amenities/pools-and-beach/,200,Four Seasons Hotels and Resorts | Luxury Hotels | Four Seasons | Pools and Beach,80,Pools and Beach,15,mallorca swimming pools,resort swimming pools mallorca,Mallorca Swimming Pools & Beach,Pool Hours% Our Pools% Highlight% The Beach,,,Rob,,
Mallorca,2,2,3,3,Spa & Wellness,"Weddings, Wellness & Dining",https://www.fourseasons.com/mallorca/spa/,200,Luxury Mallorca Spa | Four Seasons Resort Mallorca at Formentor,63,Discover the ultimate luxury spa experience in Mallorca at Four Seasons. Indulge in rejuvenating treatments and personalized wellness in a serene setting.,154,Luxury Mallorca Spa,,Luxury Mallorca Spa% Luxury Mallorca Spa% Luxury Mallorca Spa,Hours% Mallorca Spa Favourites% Wellness Experiences% Wellness Activities% Spa Services% Outdoor Activities% Wellness & Fitness Facilities,,,Rob,,
Mallorca,2,2,3,3,Weddings,Other,https://www.fourseasons.com/mallorca/weddings/,200,Mallorca Weddings | Four Seasons Resort Mallorca at Formentor,61,"Plan your dream wedding at Four Seasons Mallorca at Formentor. Enjoy stunning venues, lush gardens and breathtaking sea views for an unforgettable celebration.",159,mallorca weddings,,MALLORCA WEDDINGS% MALLORCA WEDDINGS,MALLORCA WEDDING HIGHLIGHTS,,,Rob,,
Marrakech,1,1,1,1,Frontpage,Home,https://www.fourseasons.com/marrakech/,200,Luxury Hotel Marrakech | 5-Star Resort | Four Seasons Marrakech,63,"Four Seasons Resort Marrakech offers luxury accommodations, fine dining and more amid the Red City’s fabled, ancient medina and thriving Ville Nouvelle.",152,luxury hotel Marrakech | five star hotels in Marrakech,family friendly hotel in Marrakech | city hotel in Marrakech,Marrakech% Marrakech% Marrakech% Marrakech by Four Seasons% AN EXCLUSIVE JET JOURNEY,A garden sanctuary in the heart of the Red City% Accommodations% Discover Marrakech% See More of Morocco% #FSMARRAKECH,,,,,
Marrakech,1,1,1,1,Accommodations,Accommodation,https://www.fourseasons.com/marrakech/accommodations/,200,Hotel in Marrakech | Rooms & Suites | Four Seasons Resort Marrakech,67,"Four Seasons Resort Marrakech offers a variety of luxurious rooms and suites, each equipped with a private balcony, terrace or garden for ultimate relaxation.",158,luxury hotel room in Marrakech | luxury suites Marrakech,guest rooms Marrakech | luxury guest rooms Marrakech,Marrakech Accommodations,Garden-View Terrace Room% Premier Garden-View Terrace Room% Pool-View Terrace Room% Garden Patio Room% Upper Pavilion Room% Pavilion Patio Room% Garden-View Terrace Suite% Pool-View Terrace Suite% Panoramic One-Bedroom Menara Suite% Panoramic One-Bedroom Atlas Suite% Patio Suite with Private Pool% Premier Patio Suite with Private Pool% Panoramic Two-Bedroom Presidential Suite% Four-Bedroom Royal Villa with Private Pool% Two-Bedroom Villa with Private Pool,,,,,
Marrakech,1,1,1,1,Dining,"Weddings, Wellness & Dining",https://www.fourseasons.com/marrakech/dining/,200,Marrakech Fine Dining | Restaurants | Four Seasons Resort Marrakech,67,Four Seasons Resort Marrakech offers an array of fine dining options from fresh Mediterranean cuisine to gourmet Italian fare to Moroccan-inspired specialties.,159,fine dining Marrakech | Marrakech restaurants,Marrakech mediterrenean restaurant | restaurants in marrakech,Marrakech Fine Dining% Marrakech Fine Dining% Marrakech Fine Dining,All Food and Drink% Events% The Team,,,,,
Marrakech,1,1,1,1,Offers,Other,https://www.fourseasons.com/marrakech/offers/,200,Marrakech Vacation Packages & Offers | Four Seasons Resort Marrakech,68,"Explore Marrakech vacation packages and offers at Four Seasons Resort Marrakech. Enjoy extended luxury stays, special rates, signature breakfasts and more.",155,,,Marrakech Resort Offers & Packages,Featured Offer,,,,,Empty field
Marrakech,1,1,1,1,Photos & Videos,Other,https://www.fourseasons.com/marrakech/photos-and-videos/,200,Marrakech Hotel Photos & Videos | Four Seasons Resort Marrakech,63,Four Seasons Hotel Marrakech presents a photo and video collection of this Moorish garden sanctuary nestled between the Red City and Ville Nouvelle.,148,,,Photos & Videos,Hotel Overview% Accommodations% Dining,,,,,Empty field
Marrakech,1,1,1,1,Spa & Wellness,"Weddings, Wellness & Dining",https://www.fourseasons.com/marrakech/spa/,200,Spa in Marrakech | Massage & Facial | Four Seasons Resort Marrakech,67,"Le Spa at Four Seasons offers an authentic Moroccan experience with steamy hammams and scrubs, plunge pools, fragrant private gardens and more.",143,luxury spa Marrakech | spa in Marrakech,massage in Marrakech | hammam marrakech,Marrakech Spa,HOURS% Favourites% Spa Services% Wellness Services% Visiting Practitioner% Relaxation Experiences,,,,,
Marrakech,1,1,1,1,Weddings,"Weddings, Wellness & Dining",https://www.fourseasons.com/marrakech/weddings/,200,"Marrakech Wedding, Morocco | Four Seasons Resort Marrakech",58,"Four Seasons Resort Marrakech is an enchanting destination for your dream wedding featuring glamourous venues, natural beauty, luxury amenities & more.",151,,,Marrakech Weddings% Marrakech Weddings,Real Wedding Experiences% Wedding and Vow Renewal Services,,,,,Empty field
Maui at Wailea,2,2,2,2,Frontpage,Home,https://www.fourseasons.com/maui/,200,Maui Luxury 5 Star Beach Resort | Four Seasons Maui at Wailea,61,Discover Four Seasons Resort Maui at Wailea – a 5-star beach resort offering Maui's largest rooms with no resort fees along the golden crescent of Wailea Beach.,160,maui resort | 5 star resorts maui,maui resort,Maui at Wailea% Maui at Wailea% Maui at Wailea% Maui by Four Seasons,Experience elevated luxury at Maui’s most glamorous beach resort% Accommodations% Discover Maui% Connect with the Rich Hawaiian culture% #FSMAUI,,1,Matt,,
Maui at Wailea,2,2,2,2,Accommodations,Accommodation,https://www.fourseasons.com/maui/accommodations/,200,Maui Luxury Resort Suites & Accommodations | Four Seasons,57,Four Seasons Resort Maui at Wailea offers 380 luxury guest rooms and suites with breathtaking views for a quintessential Hawaiian vacation experience.,150,maui suites | maui accommodations,,Maui Luxury Resort Suites & Rooms,"Maile Presidential Three-Bedroom Suite% ""Lokelani"" Presidential Three-Bedroom Suite% ""Elite"" Two-Bedroom Suite% Club Oceanfront Prime One-Bedroom Suite% Oceanfront Prime Suite% Deluxe Club Ocean-View Room% Club Ocean-View Room% Ocean-View Prime Suite% Garden-View Suite% Ocean-View Prime Executive Suite% Deluxe Garden-View Executive Suite% Garden-View Executive Suite% Deluxe Ocean-View Room% Ocean-View Room% Deluxe Garden-View Room% Garden-View Room% Mountain-Side Room% Accessible Deluxe Ocean-View Room% Accessible Deluxe Garden-View Room% Garden-View Accessible Room% Ocean-View Prime Executive Accessible Suite% Club Floor Ocean-View Prime Executive Accessible Suite% Discover our Club Floor% ACCOMMODATIONS HIGHLIGHTS",,,Matt,,
Maui at Wailea,2,2,2,2,Dining,"Weddings, Wellness & Dining",https://www.fourseasons.com/maui/dining/,200,Oceanfront Fine Dining in Maui | Four Seasons Resort Maui,57,"Resort Casual meets fine dining in Wailea, Maui at Four Seasons, where Spago, Ferraro's, DUO and KOMO showcase classic Hawaiian ingredients by the oceanfront.",158,fine dining maui | oceanfront dining maui,fine dining wailea,Fine Dining in Maui by the Oceanfront% Fine Dining in Maui by the Oceanfront% Fine Dining in Maui by the Oceanfront,Resort Casual Fine Dining with Hawaiian Hospitality% All Food and Drink% The Team,,,Matt,,
Maui at Wailea,2,2,2,2,Experiences,Experiences,https://www.fourseasons.com/maui/experiences/,200,Hawaiian Experiences & Activities in Maui | Four Seasons,56,"Whether on the crest of a wave or back on dry land, dive deeper into the secrets of Maui with the most astonishing Hawaiian experiences and activities from Four Seasons.",169,maui experiences | maui activities,,Experiences,Aquatic Escapades% Airborne Adventures,,,Matt,,
Maui at Wailea,2,2,2,2,Offers,Other,https://www.fourseasons.com/maui/offers/,200,"Wailea, Maui Resort Packages & Special Offers | Four Seasons",60,"Indulge in Maui resort offers with luxury stays, dining and unforgettable experiences in the beautiful Pacific island paradise.",127,maui resort packages,,Maui Resort Offers & Packages,Featured Offer,,1,Matt,,
Maui at Wailea,2,2,2,2,Photos & Videos,Other,https://www.fourseasons.com/maui/photos-and-videos/,200,Maui Resort Photos & Videos | Four Seasons Maui at Wailea,57,"Four Seasons Resort Maui at Wailea presents a collection of photos and videos of the luxury, five-star resort. Click to view.",125,maui photos | maui videos,,Photos & Videos,Resort Overview% Services and Amenities% Accommodations% Dining,,,Matt,,
Maui at Wailea,,,2,2,Couples,Other,https://www.fourseasons.com/maui/services-and-amenities/couples/,,,,,,couples resort maui,,,,,,,,
Maui at Wailea,,,2,2,Pickleball & Tennis,Other,https://www.fourseasons.com/maui/services-and-amenities/tennis-and-pickleball/,,,,,,maui pickleball | maui tennis,,,,,,,,
Maui at Wailea,2,2,2,2,Spa & Wellness,"Weddings, Wellness & Dining",https://www.fourseasons.com/maui/spa/,200,Maui Spa & Wellness Center | Four Seasons,41,"Indulge in tailored treatments & Hawaiian therapies at our luxury Maui Spa & Wellness Center here at Four Seasons. Relax, recharge & repeat. Book your escape now.",162,maui spa | wailea spa,,Luxury Maui Spa% Luxury Maui Spa% Luxury Maui Spa,Spa Massages and treatments% Health Treatments% Salon% Relaxation Experiences% Spa Hours,,1,Matt,,
Maui at Wailea,2,2,2,2,Weddings,"Weddings, Wellness & Dining",https://www.fourseasons.com/maui/weddings/,200,Maui Weddings | Four Seasons Resort Maui at Wailea,50,Our “one wedding a day” approach makes our idyllic slice of Maui your own private stage. Ensure your wedding is everything you imagined and more.,145,maui weddings,maui wedding,Maui Weddings% Maui Weddings,REAL WEDDING EXPERIENCES% WEDDING AND VOW RENEWAL SERVICES,,1,Matt,,
Maui at Wailea,,,2,2,Wedding Venues,"Weddings, Wellness & Dining",https://www.fourseasons.com/maui/weddings/venues/,,,,,,maui wedding venues,,,,,,,,
Mauritius at Anahita,1,1,2,2,Frontpage,Home,https://www.fourseasons.com/mauritius/,200,Luxury Resort Mauritius | Four Seasons Resort Mauritius at Anahita,66,"Four Seasons Resort Mauritius at Anahita offers luxury accommodations, outdoor adventure, fine dining and more on the edge of the island’s eastern coast.",153,luxury resorts in mauritius,,Mauritius at Anahita% Mauritius at Anahita% Mauritius at Anahita% Mauritius by Four Seasons,A secluded oasis at the edge of an idyllic lagoon% Accommodations% included% Discover Mauritius% Flavours of Paradise% #FSMAURITIUS,,,,,
Mauritius at Anahita,1,1,2,2,Accommodations,Accommodation,https://www.fourseasons.com/mauritius/accommodations/,200,Luxury Villas Mauritius | Four Seasons Resort Mauritius at Anahita,66,Four Seasons Resort Mauritius at Anahita offers a variety of luxury villas and residences nestled along a private sanctuary on the east coast of Mauritius.,155,luxury accommodation mauritius,beachfront villa mauritius,Mauritius at Anahita Accommodations,Garden Pool Villa% Island Garden Pool Villa% Beach-View Pool Villa% Oceanfront Pool Villa% Premium Beach-View Pool Villa% Premium Oceanfront Pool Villa% Three-Bedroom Royal Sanctuary% Five-Bedroom Oceanfront Residence with Pool% Five-Bedroom Residence with Pool% Four-Bedroom Premium Residence with Pool% Four-Bedroom Residence with Pool% Three-Bedroom Residence with Pool% Three-Bedroom Garden Pool Villa% Two-Bedroom Garden Pool Villa% Views from our guests,,,,,
Mauritius at Anahita,1,1,2,2,Dining,"Weddings, Wellness & Dining",https://www.fourseasons.com/mauritius/dining/,200,Mauritius Fine Dining Restaurants | Four Seasons Resort,55,"Indulge in a variety of unique fine dining options, from Mediterranean served beachfront to gourmet Italian & more at Four Seasons Resort Mauritius at Anahita.",159,fine dining Mauritius | Mauritius fine dining,restaurant in Mauritius,Mauritius Anahita Fine Dining% Mauritius Anahita Fine Dining% Mauritius Anahita Fine Dining,All Food and Drink% Customized Menus% Events,,,,,
Mauritius at Anahita,1,1,2,2,Experiences,Experiences,https://www.fourseasons.com/mauritius/experiences/,200,Four Seasons Resort at Anahita | Your Island Adventure,54,"Experience everything Mauritius can offer, from oceanfront golf & water sports to exciting island explorations, yoga classes and much more.",139,,,Experiences% Family at Four Seasons,Aquatic Escapades% Airborne Adventures% Local Experiences,,,,,Empty field
Mauritius at Anahita,1,1,2,2,Offers,Other,https://www.fourseasons.com/mauritius/offers/,200,Mauritius Vacation Packages | Four Seasons Resort Mauritius at Anahita,70,Explore Mauritius vacation packages and offers at Four Seasons Resort Mauritius at Anahita. Enjoy an extended tropical stay with signature breakfasts and more.,159,,,Mauritius Anahita Resort Offers & Packages,Featured Offer,,,,,Empty field
Mauritius at Anahita,1,1,2,2,Photos & Videos,Other,https://www.fourseasons.com/mauritius/photos-and-videos/,200,Mauritius Resort Photos & Videos | Four Seasons Resort Mauritius,64,"View photos and videos of Four Seasons Resort Mauritius at Anahita, a luxury, five-star resort on the island nation of Mauritius.",129,,,Photos & Videos,Resort Overview% Accommodations% Dining% Spa% Services & Amenities,,,,,Empty field
Mauritius at Anahita,1,1,2,2,Spa & Wellness,"Weddings, Wellness & Dining",https://www.fourseasons.com/mauritius/spa/,200,Four Seasons Hotels and Resorts | Luxury Hotels | Four Seasons | Spa,68,Spa,3,luxury spa Mauritius | hotel spa Mauritius,massages Mauritius | facial mauritius,Mauritius Anahita Spa% Mauritius Anahita Spa% Mauritius Anahita Spa,Spa Services% Salon Services% Body Treatments% The Team% Relaxation Experiences% Hours% Views From Our Guests,,,,,
Mauritius at Anahita,1,1,2,2,Private Retreats,Private Retreats,https://www.fourseasons.com/mauritius/villa-residence-rentals/,200,Mauritius Luxury Vacation Rental & Residence | Villa & Residence Rentals,72,"Wake to find breakfast laid out on the patio, as a gentle sea breeze flows through your luxury villa and more at Four Seasons Mauritius at Anahita.",147,mauritius villa rentals,,Villa & Residence Rentals% Villa & Residence Rentals% Explore accommodations,An elevated vacation experience,,,,,Empty field
Mauritius at Anahita,1,1,2,2,Weddings,"Weddings, Wellness & Dining",https://www.fourseasons.com/mauritius/weddings/,200,Mauritius Weddings | Four Seasons Resort Mauritius at Anahita,61,"Four Seasons Resort Mauritius at Anahita offers a year-round tropical climate, beachfront venues, expert planning & more for the ultimate wedding experience.",157,,,Mauritius Weddings% Mauritius Weddings,Real Wedding Experiences% Wedding and Vow Renewal Services,,,,,Empty field
Megeve,1,2,2,2,Frontpage,Home,https://www.fourseasons.com/megeve/,200,Megève Luxury Ski Resort & Hotel | Four Seasons Resort Megève,61,"Discover Four Seasons Resort Megève, a luxury resort with Alpine chic rooms and ski in, ski out access, set on the slopes of Mont d’Arbois in the French Alps.",158,resort megeve | resort french alps,ski resort french alps,Megève% Megève% Megève% Megève by Four Seasons,"Luxury Ski Resort in Megève, French Alps% Accommodations% Discover Megève% A Relaxing Moment in Our Alpine Spa% #FSMEGEVE",,,,,
Megeve,1,2,2,2,Accommodations,Accommodation,https://www.fourseasons.com/megeve/accommodations/,200,Luxury Accommodations & Suites in Megève | Four Seasons Resort Megève,69,"Discover luxury ski accommodations in Megève with Alpine chic rooms, spacious suites, mountain views and direct access to exceptional Alpine experiences.",153,megeve accommodation | megeve suites,,Luxury Alpine Accommodations in Megève,Superior Room% Deluxe Room% Prestige Room% Prestige Accessible Mobility Room% Four Seasons Room% One-Bedroom Suite% Deluxe One-Bedroom Suite% Suite Rochebrune% Suite Mont D'Arbois% Suite des Aravis% Suite des Alpes% Suite Mont Blanc,,,,,
Megeve,1,2,2,2,Dining,"Weddings, Wellness & Dining",https://www.fourseasons.com/megeve/dining/,200,Megève Fine Dining | Gourmet Bars and Restaurants | Four Seasons,64,"Discover the finest restaurants in Megève, savour Japanese fusion and French cuisine, or enjoy gourmet Alpine dishes at our local restaurants.",142,megeve restaurants,,Restaurants & Bars in Megève% Restaurants & Bars in Megève% Restaurants & Bars in Megève,All Food and Drink% Events,,,,,
Megeve,,,2,2,Experiences,Experiences,https://www.fourseasons.com/megeve/experiences/,,,,,,things to do megeve | things to do french alps,,,,,,,,
Megeve,1,2,2,2,Offers,Other,https://www.fourseasons.com/megeve/offers/,200,Ski & Vacation Packages in the French Alps | Four Seasons Resort Megève,71,"Discover exclusive ski and vacation packages in Megève, French Alps. Enjoy luxury stays, gourmet dining and Alpine adventures at Four Seasons Resort Megève.",156,megeve offers | french alps packages,,Megève Resort Offers & Packages,Featured Offer,,,,,
Megeve,1,2,2,2,Photos & Videos,Other,https://www.fourseasons.com/megeve/photos-and-videos/,200,Luxury Megève Hotel Photo Gallery | Four Seasons Hotel Megève,61,Four Seasons Hotel Megève invites you to take a glimpse of our luxurious mountain Hotel and the surrounding slopes with our photo gallery.,138,megeve photos | megeve videos,,Photos & Videos,Resort Overview% Accommodations% Dining,,,,,
Megeve,,,2,2,Festive,Other,https://www.fourseasons.com/megeve/seasonal/festive/,,,,,,christmas megeve | new years megeve,,,,,,,,
Megeve,,,2,2,Summer,Other,https://www.fourseasons.com/megeve/seasonal/summer/,,,,,,summer activities megeve | summer activities french alps,,,,,,,,
Megeve,1,2,2,2,Spa & Wellness,"Weddings, Wellness & Dining",https://www.fourseasons.com/megeve/spa/,200,Spa in Megève | Massage & Salon | Four Seasons Resort Megève,60,"The Spa at Four Seasons Resort Megève is a luxury oasis, allowing guests to enjoy relaxing and rejuvenating treatments such as massages and salon services.",155,spa Megeve,,Megève Spa,HOURS% Favourites% Spa Services% Wellness Services% Relaxation Experiences,,,,,
Megeve,1,2,2,2,Weddings,"Weddings, Wellness & Dining",https://www.fourseasons.com/megeve/weddings/,200,Four Seasons Hotels and Resorts | Luxury Hotels | Four Seasons | Weddings,73,Weddings,8,weddings megeve,,Megève Weddings% Megève Weddings,Real Wedding Experiences% Wedding and Vow Renewal Services,,,,,
Megeve,,,2,2,Wedding Venues,"Weddings, Wellness & Dining",https://www.fourseasons.com/megeve/weddings/venues/,,,,,,wedding venues megeve | french alps wedding venues,,,,,,,,
Mexico City,1,2,3,3,Frontpage,Home,https://www.fourseasons.com/mexico/,200,Luxury Hotel Mexico City | Four Seasons Hotel Mexico City,57,"Escape to Four Seasons – a luxury hotel in Mexico City, just steps from Paseo de la Reforma and Bosque de Chapultepec. Find tranquillity within the urban hustle.",161,luxury hotel mexico city | hotel mexico city,mexico city hotel,Mexico City% Mexico City% Mexico City% MEXICO: ROOTS & RITUALS% Mexico City by Four Seasons% AN EXCLUSIVE JET JOURNEY,An urban oasis in the heart of the city% Accommodations% Discover Mexico City% An Urban Oasis% #FSMEXICO,,,Matt,,
Mexico City,1,2,3,3,Accommodations,Accommodation,https://www.fourseasons.com/mexico/accommodations/,200,Mexico City Hotel Suites & Luxury Rooms | Four Seasons,54,"Discover elegant Mexico City hotel suites and luxury rooms within a hacienda-style retreat, offering calm, comfort and easy access to the heart of the capital.",159,mexico city hotel suites | hotel rooms mexico city,,Mexico City Luxury Hotel Suites & Rooms,Premier Terrace Room% Premier Room% Deluxe Room% Superior Room% One-Bedroom Suite% Executive Suite – Courtyard View% Executive Suite – Reforma View% Executive Suite – Burdeos View% Presidential Suite% Ambassador Suite% Governor Suite,,,Matt,,
Mexico City,1,2,3,3,Dining,"Weddings, Wellness & Dining",https://www.fourseasons.com/mexico/dining/,200,Mexico City Fine Dining Restaurants & Bars | Four Seasons Mexico City,69,"Our Mexico City restaurants offer a variety of fine dining options, from a gourmet Italian feast to authentic Mexican flavours and one-of-a-kind cocktails.",155,mexico city fine dining | mexico city restaurants,,Mexico City Restaurants & Fine Dining% Mexico City Restaurants & Fine Dining% Mexico City Restaurants & Fine Dining,All Food and Drink% Culinary Activities,,1,Matt,,
Mexico City,1,2,3,3,Brunch,"Weddings, Wellness & Dining",https://www.fourseasons.com/mexico/dining/restaurants/brunch/,200,Mexico City Brunch at Zanaya | Four Seasons,43,"Discover Mexico City brunch at Zanaya. Enjoy live music, terrace dining, champagne and regional dishes from ceviche to chilaquiles at our Four Seasons Hotel.",157,brunch mexico city,,"Brunch at Zanaya, Mexico City",Brunch Hours% Brunch Signatures% More Dining Options,,,Matt,,
Mexico City,1,2,3,3,Experiences,Experiences,https://www.fourseasons.com/mexico/experiences/,200,Mexico City Experiences | Things to Do & Attractions | Four Seasons,67,"Experience the best things to do in Mexico City with curated cultural experiences, leading attractions, art, food and outdoor activities crafted by Four Seasons.",161,things to do mexico city | mexico city experiences,,Experiences,Local Experiences% Culinary Activities% Airborne Adventures,,,Matt,,
Mexico City,1,2,3,3,Hot Air Balloon,Experiences,https://www.fourseasons.com/mexico/hot-air-balloon-experiences/,200,Teotihuacan Hot-Air Balloon Tours | Four Seasons Mexico,55,Experience Teotihuacan from above. Choose from shared or private hot-air balloon tours for an unforgettable view of Mexico’s iconic ancient pyramids.,149,Teotihuacan Hot Air Balloon,"Teotihuacan Hot Air Balloon tour
mexico city hot air balloons",Teotihuacan Hot-Air Balloon Experience,included% A Unique Experience,,,Matt,,
Mexico City,1,2,3,3,Mexico City Food Tours,Experiences,https://www.fourseasons.com/mexico/landing-pages/property/mexico-city-food-tours/,200,Mexico City Food Tours | Street Food & Local Markets,52,"Explore Mexico City’s best and most exclusive food tours, from street eats and bustling markets to mezcal tastings and rural escapes led by local experts.",154,mexico city food tours | street food tours mexico city,,Mexico City Food Tours,"included% Exclusive Culinary Experiences% Dining at Four Seasons, Mexico City",,,,,
Mexico City,1,2,3,3,Offers,Other,https://www.fourseasons.com/mexico/offers/,200,Mexico City Hotel Packages & Special Offers | Four Seasons,58,"Unlock Mexico City hotel offers for luxury stays, fine dining and curated experiences in the heart of this vibrant metropolis.",126,hotel offers mexico city | hotel packages mexico city,,Mexico City Hotel Offers & Packages,Featured Offer,,,Matt,,
Mexico City,1,2,3,3,Photos & Videos,Other,https://www.fourseasons.com/mexico/photos-and-videos/,200,Mexico City Luxury Hotel Photos & Videos | Four Seasons Mexico,62,Four Seasons Hotel Mexico City presents a collection of photos and videos of this exclusive luxury enclave in the heart of Mexico's capital.,140,mexico city photos | mexico city videos,,Photos & Videos,Hotel Overview% Accommodations% Dining,,1,Matt,,
Mexico City,1,2,3,3,Spring,Other,https://www.fourseasons.com/mexico/seasonal/spring/,,,,,,spring mexico city,,,,,,,,
Mexico City,1,2,3,3,Spa & Wellness,"Weddings, Wellness & Dining",https://www.fourseasons.com/mexico/spa/,200,The Wellness House: Luxury Spa in Mexico City | Four Seasons,60,"Visit The Wellness House, a luxury spa in Mexico City offering massages, facials and body treatments that blend science-led skincare with traditional Mexican healing.",166,mexico city spa | luxury spa mexico city,,Luxury Spa in Mexico City – The Wellness House,Hours% Favourites% Mexico City Spa Services% Relaxation Experiences,,,Matt,,
Mexico City,1,2,3,3,Weddings,"Weddings, Wellness & Dining",https://www.fourseasons.com/mexico/weddings/,200,Mexico City Weddings | Four Seasons,35,"Nestled on Paseo de la Reforma, our hacienda-style hotel offers romance and elegance, perfect for an unforgettable Mexico City wedding celebration at Four Seasons.",163,mexico city weddings,,Mexico City Weddings% Mexico City Weddings,REAL WEDDING EXPERIENCES% WEDDING AND VOW RENEWAL SERVICES,,,Matt,,
Mexico City,1,2,3,3,Wedding Venues,"Weddings, Wellness & Dining",https://www.fourseasons.com/mexico/weddings/venues/,,,,,,wedding venues mexico city,,,,,,,,
Miami,2,2,2,2,Frontpage,Home,https://www.fourseasons.com/miami/,200,Luxury Downtown Miami Hotel on Brickell Avenue | Four Seasons,61,"Four Seasons Hotel Miami sets the standard for Miami Luxury Hotels, with elegant rooms, fine dining and a prime Brickell Avenue location near Biscayne Bay.",155,"Miami Luxury Hotels, Luxury Hotels Downtown Miami",Downtown Miami Hotels,Miami% Miami% Miami% Miami by Four Seasons,POOLSIDE PARADISE MEETS CITY SLEEK AT OUR LUXURY DOWNTOWN MIAMI HOTEL% Accommodations% Discover Miami% Palm Grove Pool% #FSMIAMI,,,Jon,,
Miami,2,2,2,2,Accommodations,Accommodation,https://www.fourseasons.com/miami/accommodations/,200,Luxury Hotel Suites in Miami | Four Seasons Downtown Miami,58,"Indulge in luxury hotel suites in Miami at Four Seasons. Enjoy downtown Miami hotel suites with refined comfort, stylish design and world-class service.",152,"suites in miami, downtown miami hotel suites",luxury hotel suites in miami,Miami Accommodations,Premier Bayfront Room% Bayfront Room% Premier Cityscape Room% Cityscape Room% Grand Bayfront Corner Suite% Grand Cityscape Corner Suite% Bayfront Corner Suite% Cityscape Suite% The Penthouse% Bayfront Presidential Suite% Studio Residence% One-Bedroom Residence% Two-Bedroom Residence With Open Kitchen% Two-Bedroom Residence With Galley Kitchen% Bayfront Accessible Room% Premier Cityscape Accessible Room% Private Residences,,,Jon,,
Miami,2,2,2,2,Dining,"Weddings, Wellness & Dining",https://www.fourseasons.com/miami/dining/,200,Fine Dining Miami | Downtown Restaurants | Four Seasons,55,Experience exquisite flavours at Four Seasons Miami. Discover fine dining in Miami at our downtown restaurants. Book your culinary experience now.,146,"fine dining miami, downtown miami restaurants",brickell miami restaurants,Miami Fine Dining% Miami Fine Dining% Miami Fine Dining,All Food and Drink,,,Jon,,
Miami,2,2,2,2,Brunch in Miami,"Weddings, Wellness & Dining",https://www.fourseasons.com/miami/dining/restaurants/brunch/,200,Brunch in Miami | Sunday Brunch at Edge Brasserie | Four Seasons Hotel Miami,76,"Join us for the ultimate brunch in Miami at Edge Brasserie, Four Seasons Hotel Miami. Enjoy bottomless brunch, seafood, grilled meats, pasta, desserts and skyline views.",169,"brunch in miami, miami brunch",,Brunch in Miami,Hours% Menu% Signature Dishes% Highlights% Meet the Team% More Dining Options,,,Jon,,
Miami,2,2,2,2,Experiences,Experiences,https://www.fourseasons.com/miami/experiences/,200,Miami Experiences and Activities | Four Seasons Hotel Miami,59,Explore the best Miami experiences at Four Seasons. Discover activities from poolside fun to cultural tours. Book your unforgettable adventure today.,149,"miami experiences, miami activities",,Experiences,Local Experiences,,,Jon,,
Miami,2,2,2,2,Offers,Other,https://www.fourseasons.com/miami/offers/,200,Miami Hotel Offers & Packages | Four Seasons Hotel Miami,56,Find exclusive Miami hotel offers and packages at Four Seasons Hotel Miami. Book now for a luxurious stay in the heart of the city.,131,"miami hotel packages, miami hotel offers ",,Miami Hotel Offers & Packages,Featured Offer,,,Jon,,
Miami,2,2,2,2,Photos & Videos,Other,https://www.fourseasons.com/miami/photos-and-videos/,200,Four Seasons Hotel Miami Photos & Videos | Downtown Hotel Photos,64,"Explore stunning photos and videos of Four Seasons Miami, showcasing luxury accommodations, event spaces and amenities. Discover your Miami escape today.",153,four seasons hotel miami photos,,Photos & Videos,Hotel Overview% Accommodations% Dining% Destination,,,Jon,,
Miami,2,2,2,2,Miami Boat Show,Other,https://www.fourseasons.com/miami/seasonal/miami-boat-show/,,,,,,hotel near the miami boat show,miami boat show,,,1,,Jon,,
Miami,2,2,2,2,New Year,Other,https://www.fourseasons.com/miami/seasonal/new-year/,200,Miami New Year's Eve 2025 | Celebrate at Four Seasons Hotel,59,"Celebrate Miami New Year's Eve 2025 with a Brickell luxury stay, festive dining, seasonal events, skyline views and late-night festivities at Four Seasons.",155,miami new year's eve,,Miami New Year’s Eve 2025,Festive Escapes at Four Seasons,,,Jon,,
Miami,2,2,2,2,Spring Break,Other,https://www.fourseasons.com/miami/seasonal/spring-break/,,,,,,miami spring break,,,,1,,Jon,,
Miami,2,2,2,2,Valentine's Day,Other,https://www.fourseasons.com/miami/seasonal/valentines-day/,,,,,,valentine's day in miami,miami hotels valentine's day,,,1,,Jon,,
Miami,2,2,2,2,Spa & Wellness,"Weddings, Wellness & Dining",https://www.fourseasons.com/miami/spa/,200,Luxury Miami Spa | Downtown Spa Experience | Four Seasons,57,"Experience the finest Miami spa at Four Seasons. Indulge in luxury spa treatments, massages and wellness packages in downtown Miami. Book your spa day today.",157,"miami spa, spa day miami",luxury spa in miami,Miami Spa,HOURS% Favourites% Spa Services% Relaxation Experiences,,,Jon,,
Miami,2,2,2,2,Weddings,"Weddings, Wellness & Dining",https://www.fourseasons.com/miami/weddings/,200,Miami Wedding | Miami Wedding Hotel | Four Seasons Miami,56,"Discover your dream Miami wedding with Four Seasons at our downtown Miami Hotel. With exclusive venues, expert planning, curated packages and more.",147,"miami wedding, wedding hotels in miami",,Miami Weddings% Miami Weddings,Real Wedding Experiences,,,Jon,,
Milan,3,3,3,3,Frontpage,Home,https://www.fourseasons.com/milan/,200,"Luxury Hotel Milan City Centre, Near Duomo | Four Seasons Milan",63,"Four Seasons luxury Hotel in Milan offers iconic elegance in Milan's most fashionable neighbourhood: a garden retreat set in walking distance of the Duomo, La Scala and Via Monte Napoleone.",189,"luxury hotels milan,luxury hotel milan city centre



",hotels near duomo milan,Milano% Milano% Milano% Milan by Four Seasons,A Luxury Hotel in Milan’s Iconic Fashion Neighbourhood% Accommodations% Discover Milan% Cloistered Courtyard% Your Milan City Centre Retreat% #FSMILAN,,,Darren,,
Milan,3,3,3,3,Accommodations,Accommodation,https://www.fourseasons.com/milan/accommodations/,200,Milan Luxury Suites | Luxury Hotel | Four Seasons Milano,56,Four Seasons Hotel Milan offers an impressive variety of suites and guest rooms wrapped in timeless Italian design with striking 15th-century architectural details.,164,"milan hotel suites,hotel rooms milan",,Luxury Suites & Rooms in Milan,Designer Suite% Renaissance Suite% Presidential Suite% Penthouse Suite with Terrace% Fashion Suite with Terrace% Fresco Suite% Executive Suite% Studio Suite Garden View% Studio Suite% Cloister Suite% Premium Room – Garden View% Premium Room% Deluxe Room% Superior Room% Accommodations Highlight,,,Darren,,
Milan,3,3,3,3,Dining,"Weddings, Wellness & Dining",https://www.fourseasons.com/milan/dining/,200,Experience Fine Dining at the Best Luxury Restaurants in Milan Centre | Four Seasons Milano,91,"Four Seasons Milan offers the best of Italian fine dining in the city centre, from innovative local cuisine at the luxurious Zelo to drinks and light fare at Stilla and Camino.",176,"fine dining Milan,Milan Restaurants","hotel restaurants milan, luxury restaurants Milan",Fine Dining Milan% Fine Dining Milan% Fine Dining Milan,All Food and Drink% Events,,,Darren,,
Milan,3,3,3,3,Breakfast,"Weddings, Wellness & Dining",https://www.fourseasons.com/milan/dining/restaurants/breakfast/,200,Discover the Best Breakfast in Milan Centre | Four Seasons Hotel Milano,71,"Experience the best breakfast in Milan at Four Seasons Hotel Milano. Enjoy gourmet pastries, artisanal breads and bespoke coffee in the heart of Milan’s city centre. Discover our luxurious breakfast offerings and start your day with elegance.",242,"breakfast in milan,breakfast milan centre","breakfast in milan near duomo,breakfast in milan with a view",Experience a Four Seasons Breakfast in Milan Centre,Hours% Menu% Highlight% Signature Dishes% More Dining Options,1,,Darren,,
Milan,3,3,3,3,Dinner Gift,"Weddings, Wellness & Dining",https://www.fourseasons.com/milan/dining/restaurants/zelo/dinner-gift/,200,Romantic Dinner Gift for Two in Milan | Luxury Dining at Four Seasons,69,"Surprise someone special with a romantic gift dinner for two in Milan at Zelo, Four Seasons Hotel Milan. Dine in the heart of the Fashion District with exceptional service, fresh ingredients and a stunning veranda setting.",222,dinner gift milan|romantic dinner for two,,Romantic Dinner Gift for Two in Milan,Why Choose a Luxury Dinner Gift at Zelo,1,,Darren,,
Milan,3,3,3,3,Other,other,https://www.fourseasons.com/milan/duomo/,200,"Luxury Hotel Near Duomo Cathedral, Milan | Four Seasons",55,"Located in the heart of Milan, Four Seasons Hotel Milano stands as the epitome of luxury near the Duomo cathedral. Situated amid the renowned Fashion District, our Hotel offers a serene yet central location, just steps away from Via della Spiga, Via Sant'Andrea and Via Monte Napoleone.",286,"Milan Hotel Near duomo,hotel near Duomo Milan","luxury hotel near duomo milan,best hotels in milan near duomo",A Luxury Milan Hotel Near the Iconic Duomo,TIMELESS ELEGANCE IN MILAN’S CITY CENTRE% Your Top Choice for a Luxury Hotel% Local Attractions% More Attractions,1,,Darren,,
Milan,3,3,3,3,Experiences,Experiences,https://www.fourseasons.com/milan/experiences/,200,Milan Private Tours | Custom Experiences and Guided Tours | Four Seasons,72,Enjoy Milan with private tours tailored to your interests. Experience the city's landmarks and hidden gems with expert guides. Book your Milan private tour with Four Seasons for a unique adventure.,197,"milan private tours, milan exclusive tours",,Experiences,Local Experiences,,,Darren,,
Milan,3,3,3,3,Shopping,Experiences,https://www.fourseasons.com/milan/landing-pages/property/luxury-shopping-in-milan/,200,Luxury Shopping in Milan | Four Seasons Hotel Milano,52,"Stay steps from Via Montenapoleone in Milan’s Fashion District. Explore exclusive boutiques, bespoke shopping experiences, and luxurious rooms and suites.",154,"Luxury Shopping in Milan,Milans fashion district",Milan shopping district,Luxury Shopping in Milan – Steps From Four Seasons Hotel Milano,Stay in Milan’s Fashion District% Exclusive Shopping Experiences with Four Seasons% Elegant Rooms and Suites for a Fashion-Focused Stay% included% Where to Stay During Milan Fashion Week,1,,Darren,,
Milan,3,3,3,3,Offers,Other,https://www.fourseasons.com/milan/offers/,200,Milan Hotel Packages & Offers | Four Seasons Milan,50,Discover exclusive Milan hotel offers and packages at Four Seasons. Experience luxury with our specially designed packages that highlight the best of Milan.,156,"milan hotel packages,hotel offers",,Milan Hotel Offers & Packages,Featured Offer,,,Darren,,
Milan,3,3,3,3,Photos & Videos,Other,https://www.fourseasons.com/milan/photos-and-videos/,200,Milan Luxury Hotel Photos & Videos | Four Seasons Hotel Milano,62,"Four Seasons Hotel Milano presents a photo collection of this five-star, luxury hotel in one of Italy's sleekest and most fashionable districts.",144,milan hotel photos,,Photos & Videos,Hotel Overview% Accommodations% Spa,,1,Darren,,
Milan,3,3,3,3,Seasonal,Other,https://www.fourseasons.com/milan/seasonal/easter/,#N/A,#N/A,#N/A,#N/A,#N/A,easter in milan,easter lunch milan,,,1,,Darren,,
Milan,3,3,3,3,Spa & Wellness,"Weddings, Wellness & Dining",https://www.fourseasons.com/milan/spa/,200,"Luxury Milan Spa Hotel | Wellness, Massages & Facials | Four Seasons Milano",75,"The luxury Milan Spa at Four Seasons Hotel offers an array of massage, facial, nail and wellness body treatments in seven luxurious treatment rooms, including a spa suite with private pool.",189,"milan spa, spa hotel milan",Luxury spa milan,Milan Spa,SPA OPENING HOURS% Favourite Spa Experience% Spa Services% Wellness Services% Relaxation Experiences,,,Darren,,
Milan,3,3,3,3,Weddings,"Weddings, Wellness & Dining",https://www.fourseasons.com/milan/weddings/,200,"Milan Weddings | Four Seasons Hotel Milan, Italy",48,"Four Seasons Hotel Milan offers a magical wedding location in the heart of the city, complete with lavish ballrooms, luxury amenities and scenic backdrops.",155,milan weddings,,Milan Weddings% Milan Weddings,Real Wedding Experiences% Wedding Vow and Renewal Services,,,Darren,,
Milan,3,3,3,3,Honeymoon,"Weddings, Wellness & Dining",https://www.fourseasons.com/milan/weddings/honeymoon/,200,Milan Honeymoon Italy | Four Seasons Hotel Milan,48,"Four Seasons Milan invites you to continue the joy and romance of your wedding day with a luxe Milan honeymoon, featuring a variety of unforgettable activities.",160,milan honeymoon,honeymoon hotel in milan,Milan Honeymoons,,1,,Darren,,
Milan,3,3,3,3,Wedding venues,"Weddings, Wellness & Dining",https://www.fourseasons.com/milan/weddings/venues/,200,"Milan Wedding Venues | Four Seasons Hotel Milan, Italy",54,"Four Seasons Hotel Milan offers sophisticated indoor and outdoor wedding venues, created to inspire and capture the magic of Milan’s history and modern design.",159,milan wedding venues,,Milan Wedding Venues,Featured Wedding Venues% Find a Venue,1,,Darren,,
Minneapolis,1,3,3,3,Frontpage,Home,https://www.fourseasons.com/minneapolis/,200,Luxury Hotel in Downtown Minneapolis | Four Seasons,51,"A new landmark on the site of the legendary Nicollet Hotel, Four Seasons is dedicated to celebrating Minneapolis’ rich heritage and culture at a premier location.",162,"minneapolis hotels downtown | luxury hotels minneapolis
",luxury hotels minneapolis minnesota,Minneapolis% Minneapolis% Minneapolis% Minneapolis by Four Seasons% Residences available for purchase,Urban Sophistication at a Minneapolis Downtown Hotel% Accommodations% Discover Minneapolis% The Star of The North,,,Jelena,,
Minneapolis,1,3,3,3,Accommodations,Accommodation,https://www.fourseasons.com/minneapolis/accommodations/,200,Hotel Suites and Rooms in Downtown Minneapolis | Four Seasons,61,"Experience luxury hotel suites and rooms in downtown Minneapolis at Four Seasons, offering river views, modern comfort and elevated amenities.",142,hotel rooms downtown minneapolis |  hotel suites downtown minneapolis,minneapolis accommodations,Hotel Suites & Rooms in Downtown Minneapolis,Superior Skyline-View Room% Deluxe River-View Room% Premier River-View Room% Premier River-View Family Room% Skyline Executive Suite% River-View Executive Suite% River-View Executive Corner Suite% One-Bedroom Stadium Suite% Two-Bedroom River-View Executive Corner Suite% Two-Bedroom Stadium Suite% Presidential Suite% Two-Bedroom Presidential Suite% Three-Bedroom Presidential Suite% Accessible Superior Skyline-View Room% Accessible Deluxe River-View Room% Accessible Premier River-View Room% Accessible River-View Executive Corner Suite – No Roll-In Shower% Accessible One-Bedroom Stadium Suite – No Roll-In Shower% Discover Luxurious Minneapolis Accommodations,,,Jelena,,
Minneapolis,1,3,3,3,Dining,"Weddings, Wellness & Dining",https://www.fourseasons.com/minneapolis/dining/,200,Restaurants in Downtown Minneapolis | Four Seasons,50,"Indulge in exquisite, award winning cuisine, intricate craft cocktails and more at one of our fine dining establishments at Four Seasons Hotel Minneapolis.",155,downtown minneapolis restaurants | restaurants minneapolis,,Restaurants in Minneapolis% Restaurants in Minneapolis% Restaurants in Minneapolis,All Food and Drink% The Team,,,Jelena,,
Minneapolis,1,3,3,3,Offers,Other,https://www.fourseasons.com/minneapolis/offers/,200,Minneapolis Vacation Packages | Four Seasons Hotel Minneapolis,62,"Explore Minneapolis vacation packages and offers at Four Seasons Hotel Minneapolis, including extended stays, signature breakfasts and more.",140,hotel packages minneapolis,,Minneapolis Hotel Offers & Packages,Featured Offer,,,Jelena,,
Minneapolis,1,3,3,3,Photos & Videos,Other,https://www.fourseasons.com/minneapolis/photos-and-videos/,200,Location Photos Of Four Seasons Hotel Minneapolis,49,See photography and video content of our luxury hotel to see the splendor and available amenities of Four Seasons Hotel Minneapolis.,132,four seasons minneapolis photos,,,Hotel Overview,,,Jelena,,
Minneapolis,1,3,3,3,Pool,Other,https://www.fourseasons.com/minneapolis/services-and-amenities/pools/,200,Minneapolis Luxury Hotel Indoor & Outdoor Pool | Four Seasons,61,"Like a resort in the city, Four Seasons is the only Minneapolis hotel with both indoor and outdoor swimming pools, making it the perfect destination to unwind.",159,Minneapolis Hotel With Pool,"minneapolis hotel with outdoor pool
minneapolis hotels with indoor pool",Minneapolis Hotel With a Pool,Hours% Discover Our Two Pools% Pool Highlights% Pool Services & Amenities,,,,,
Minneapolis,1,3,3,3,Spa & Wellness,"Weddings, Wellness & Dining",https://www.fourseasons.com/minneapolis/spa/,200,Minneapolis Spa Treatments | Four Seasons Hotel Minneapolis,59,"Unwind at Four Seasons Hotel Minneapolis, home to a luxurious spa in Minneapolis offering personalized treatments, calming spaces and holistic wellness",151,spa minneapolis | spa in minneapolis,,Spa in Minneapolis,Hours% Favourites% Spa Services% Spa Promotions% Relaxation Experiences,,,Jelena,,
Minneapolis,1,3,3,3,Weddings,"Weddings, Wellness & Dining",https://www.fourseasons.com/minneapolis/weddings/,200,Minneapolis Wedding Events & Venues | Four Seasons Hotel,56,"Let your wedding fantasies unfold in the beautiful world of Four Seasons Hotel Minneapolis offering idyllic indoor & outdoor venues, delectable cuisine & more.",159,minneapolis wedding | hotel wedding minneapolis,,Minneapolis Weddings% Minneapolis Weddings,Wedding Highlights,,,Jelena,,
Montreal,2,2,2,2,Frontpage,Home,https://www.fourseasons.com/montreal/,200,Luxury Hotel Montreal | Downtown | Four Seasons Hotel Montreal,62,"Four Seasons Hotel Montreal offers sleek accommodations, stellar restaurants, a luxury spa and more in the centre of downtown Montreal. Book your stay now.",155,luxury hotels montreal | luxury hotel downtown montreal, hotels downtown montreal,Montreal% Montreal% Montreal% Montreal by Four Seasons% Residences available for purchase,Welcome to our Glamorous Downtown Montreal Hotel% Accommodations% Discover Montreal% CUSTOM WEEKEND GETAWAY% #FSMONTREAL,,,Jelena,,
Montreal,2,2,2,2,Accommodations,Accommodation,https://www.fourseasons.com/montreal/accommodations/,200,Montreal Hotel Suites and Rooms | Downtown | Four Seasons,57,Four Seasons Hotel Montreal offers luxury rooms and suites in the heart of downtown Montreal featuring elegance and comfort. Book your stay today.,146,montreal hotel suites | hotel room montreal,,Hotel Suites & Rooms Montreal,Superior Room% Deluxe Room% Deluxe Carré Doré% Premier Room% Premier Carré Doré% Executive Suite% Deluxe One-Bedroom Suite% Premier One-Bedroom Suite% Signature One-Bedroom Suite% Presidential Suite% Deluxe Accessible Room% Deluxe Carré Doré Accessible Room% By Design% #FSMONTREAL,,,Jelena,,
Montreal,2,2,2,2,Dining,"Weddings, Wellness & Dining",https://www.fourseasons.com/montreal/dining/,200,Fine Dining Montreal | Restaurants Downtown Montreal | Four Seasons,67,"Four Seasons Montreal offers a variety of fine dining options in the heart of the downtown, including a modern brasserie and lounge bar. Reserve now.",149,fine dining montreal | restaurants downtown montreal,luxury restaurant montreal,Fine Dining Montreal% Fine Dining Montreal% Fine Dining Montreal,All Food and Drink% included% Meet the team% Views from our guests,,,Jelena,,
Montreal,2,2,2,2,Offers,Other,https://www.fourseasons.com/montreal/offers/,200,Montreal Hotel Packages & Offers | Four Seasons Hotel Montreal,62,"Explore Montreal hotel packages and offers at Four Seasons Hotel Montreal. Book now for luxury stays, dining and exclusive vacation offers.",139,hotel offers montreal | montreal hotel packages,montreal canada vacation packages | montreal vacation package,Montreal Hotel Offers & Packages,Featured Offer,,,Jelena,,
Montreal,2,2,2,2,Photos & Videos,Other,https://www.fourseasons.com/montreal/photos-and-videos/,200,Four Seasons Hotels and Resorts | Luxury Hotels | Four Seasons | Photos and Videos,82,Photos and Videos,17,montreal photos,,Photos and Videos,Hotel Overview% Accommodations% Dining% Guerlain Spa,,,Jelena,,
Montreal,2,2,2,2,Spa & Wellness,"Weddings, Wellness & Dining",https://www.fourseasons.com/montreal/spa/,200,Spa Montreal | Guerlain Spa | Four Seasons Montreal,51,"Enjoy luxury spa treatments at the Guerlain Spa at Four Seasons Montreal, from rejuvenating facials and massages to relaxation experiences. Book now.",149,spa montreal | luxury spa montreal,,Guerlain Spa Montreal,Hours% Favourites% Spa Services% Relaxation Experiences,,,Jelena,,
Montreal,2,2,2,2,Weddings,"Weddings, Wellness & Dining",https://www.fourseasons.com/montreal/weddings/,200,Montreal Weddings | Weddings at Four Seasons Montreal,53,Create unforgettable memories at our modern downtown Montreal wedding venue. Say 'I do' at Four Seasons Hotel Montreal. Book now.,129,montreal wedding venues | montreal weddings,montreal hotel wedding venues |  luxury wedding venues montreal,Montreal Weddings% Montreal Weddings,Montreal Wedding Experiences% WEDDING AND VOW RENEWAL SERVICES% #FSMONTREAL,,,Jelena,,
Mumbai,1,1,1,1,Frontpage,Home,https://www.fourseasons.com/mumbai/,200,Mumbai Hotel | Luxury Hotel Worli | Four Seasons Mumbai,55,"Four Seasons Hotel Mumbai, a luxury hotel in Worli, offers spacious accommodations and unrivalled service with views of the Arabian Sea.",136,luxury hotel in Mumbai | five star hotels in Mumbai,family hotel in Mumbai | city hotel in Mumbai,Mumbai% Mumbai% Mumbai% Mumbai by Four Seasons% Residences available for purchase,Contemporary Luxury in the City of Dreams% Accommodations% Discover Mumbai% #FSMUMBAI,,,,,
Mumbai,1,1,1,1,Accommodations,Accommodation,https://www.fourseasons.com/mumbai/accommodations/,200,Luxury Mumbai Hotel Rooms & Suites | Four Seasons Mumbai,56,"View the different types of luxurious guest rooms and suites available at Four Seasons Hotel Mumbai, featuring floor-to-ceiling windows which provide views of the Arabian Sea or the vibrant Mumbai skyline. Book now.",215,hotel suites Mumbai | Mumbai luxury suites,guest rooms Mumbai | luxury guest rooms Mumbai,Mumbai Accommodations,"Premier Sea-View Room% Deluxe Room – Sea View% Deluxe Room% Superior Room% Premier City-View Room% Executive Suite% Deluxe Sea-View Suite% Premier Suite% Presidential Suite% Four Seasons Hotel Mumbai, by Design",,,,,
Mumbai,1,1,1,1,Dining,"Weddings, Wellness & Dining",https://www.fourseasons.com/mumbai/dining/,200,Restaurants & Bars at Luxury 5-star Hotel | Four Seasons Mumbai,63,Delight your taste buds with a culinary delight at Four Seasons Mumbai's restaurants and bars and discover a dining experience unlike any others. Reserve now.,158,fine dining restaurants in Mumbai | Mumbai restaurant,hotel restaurant Mumbai | luxury restaurants in Mumbai,Mumbai Fine Dining% Mumbai Fine Dining% Mumbai Fine Dining,All Food and Drink% Exceptional Dining% Events,,,,,
Mumbai,1,1,1,1,Offers,Other,https://www.fourseasons.com/mumbai/offers/,200,Mumbai Vacation Packages & Offers | Four Seasons Hotel Mumbai,61,"Explore Mumbai vacation packages and offers at Four Seasons Hotel Mumbai. Enjoy luxury business stays, weekend getaways, signature breakfasts and more.",151,,,Mumbai Hotel Offers & Packages,Featured Offer,,,,,Empty field
Mumbai,1,1,1,1,Photos & Videos,Other,https://www.fourseasons.com/mumbai/photos-and-videos/,200,Mumbai Luxury Hotel Photos & Videos | Four Seasons Hotel Mumbai,63,"View photos and videos of Four Seasons Hotel Mumbai, a five-star luxury hotel in Mumbai.",88,,,Photos & Videos,Hotel Overview% Accommodations% Dining,,,,,Empty field
Mumbai,1,1,1,1,Spa & Wellness,"Weddings, Wellness & Dining",https://www.fourseasons.com/mumbai/spa/,200,Luxury Hotel Spa & Wellness in Mumbai | Four Seasons Mumbai,59,Pamper your body and mind with Four Seasons Mumbai's extensive range of spa and wellness treatments from full body massages to private yoga sessions. Book today.,161,luxury spa Mumbai | hotel spa Mumbai,massage in Mumbai | ayurvedic spa mumbai,Mumbai Spa,HOURS% Favourites% Spa Services% Wellness Services% Relaxation Experiences,,,,,
Mumbai,1,1,1,1,Weddings,"Weddings, Wellness & Dining",https://www.fourseasons.com/mumbai/weddings/,200,Mumbai Weddings | Four Seasons Hotel Mumbai,43,"Four Seasons Hotel Mumbai combines an intimate, boutique-style atmosphere with modern luxury & panoramic sea views for an unforgettable wedding day.",148,,,Mumbai Weddings% Mumbai Weddings,Real Wedding Experiences% Wedding Services,,,,,Empty field
Mykonos,,,3,3,Frontpage,Home,https://www.fourseasons.com/mykonos/,,,,,,"luxury hotels mykonos, mykonos hotels with private beach",,,,,,Katarina,,
Mykonos,,,3,3,Accommodations,Accommodation,https://www.fourseasons.com/mykonos/accommodations/,,,,,,"mykonos hotel rooms, mykonos hotel suites",,,,,,Katarina,,
Mykonos,,,3,3,Dining,"Weddings, Wellness & Dining",https://www.fourseasons.com/mykonos/dining/,,,,,,"dining mykonos, mykonos restaurants",,,,,,Katarina,,
Mykonos,,,3,3,Offers,Other,https://www.fourseasons.com/mykonos/offers/,,,,,,"mykonos hotel offers, mykonos packages",,,,,,Katarina,,
Mykonos,,,3,3,Photos & Videos,Other,https://www.fourseasons.com/mykonos/photos-and-videos/,,,,,,mykonos hotel photos,,,,,,Katarina,,
Mykonos,,,3,3,Spa,"Weddings, Wellness & Dining",https://www.fourseasons.com/mykonos/spa/,,,,,,"luxury spa mykonos, mykonos spa hotel",,,,,,Katarina,,
Mykonos,,,3,3,Weddings,"Weddings, Wellness & Dining",https://www.fourseasons.com/mykonos/weddings/ ,,,,,,"mykonos wedding, luxury wedding mykonos",,,,,,Katarina,,
Napa Valley,2,2,2,2,Frontpage,Home,https://www.fourseasons.com/napavalley/,200,Luxury 5-Star Napa Valley Resort in Calistoga | Four Seasons Resort and Residences Napa Valley,94,"Welcome to our one-of-a-kind, luxury California wine country Resort set within a world-class Napa Valley vineyard. Our 5-star Resort facilities include a Michelin-starred restaurant, an exclusive Spa and a working winery on-site.",229,"napa valley resorts,5-star resort napa valley","luxury resort napa valley,california wine country resorts,calistoga resorts",Napa Valley% Napa Valley% Napa Valley% NAPA VALLEY BY FOUR SEASONS,Welcome to Five-Star Luxury in California Wine Country% ACCOMMODATIONS% Discover Napa Valley% Michelin-starred Dining% #FSNAPAVALLEY,,,Darren,,
Napa Valley,2,2,2,2,Accommodations,Accommodation,https://www.fourseasons.com/napavalley/accommodations/,200,Private Napa Valley Suites | Four Seasons Napa Valley Resort,60,View our collection of luxury Napa Valley suites and villas. Nestled in the heart of California Wine Country and available with private pools & terraces for the perfect getaway.,177,"napa valley suites,napa vineyard suite",napa suites,Napa Valley Vineyard Suites & Rooms,Vineyard & Palisades Mountain One-Bedroom Suite% Vineyard One-Bedroom Suite% Resort One-Bedroom Suite% Vineyard & Mountain Two-Bedroom Villa% Vineyard & Mountain Three-Bedroom Villa% Premier Vineyard & Mountain Three-Bedroom Villa% Premier Vineyard & Mountain Three-Bedroom Villa with Pool & Hot Tub% Premier Vineyard & Mountain Three-Bedroom Villa with Hot Tub & Bocce Court% Premier Vineyard & Mountain Three-Bedroom Villa with Outdoor Hot Tub% Premier Vineyard & Mountain Four-Bedroom Villa% Premier Vineyard & Mountain Four-Bedroom Villa with Pool% Vineyard Three-Bedroom Estate Villa with Pool% Vineyard Two-Bedroom Suite% Vineyard & Palisades Mountain Room% Vineyard Room% Resort Room% Accessible Vineyard Room% Accessible Resort Room% Vineyard Two-Bedroom Suite Accessible% By Design,,,Darren,,
Napa Valley,2,2,2,2,Dining,"Weddings, Wellness & Dining",https://www.fourseasons.com/napavalley/dining/,200,Fine Dining & Restaurants With a View in Napa Valley | Four Seasons,67,"Fine dining restaurants with vineyard and mountain views at Four Seasons Napa Valley. Enjoy farm-to-table cuisine, award-winning wines, and unforgettable Calistoga sunsets.",172,"napa valley restaurants,napa restaurants with a view","dinner with a view napa valley,fine dining napa valley, destiantion dining napa, napa valley hotel restaurants",Napa Valley Dining% Napa Valley Dining% Napa Valley Dining,All Food and Drink% Culinary Activities% Private Dining,,1,Darren,,
Napa Valley,2,2,2,2,Experiences,Experiences,https://www.fourseasons.com/napavalley/experiences/,200,Napa Valley Experiences | Four Seasons Resort and Residences Napa Valley,72,"Discover curated Napa Valley experiences at Four Seasons Resort and Residences Napa Valley, including wine tasting tours, culinary classes and hot-air balloon adventures.",170,"napa valley experiences, napa valley activities",,Experiences,Culinary Activities% Wellness Activities,1,,Darren,,
Napa Valley,2,2,2,2,Wineries with a view,Other,https://www.fourseasons.com/napavalley/landing-pages/property/wineries-with-a-view/,200,Wineries with a View in Napa Valley | Most Beautiful & Romantic Wineries,72,"Sip wine with breathtaking views. Discover the most scenic and romantic wineries in Napa Valley, perfect for couples, sunset tastings and more.",143,wineries with a view napa valley,beautiful wineries napa,Wineries with a View in Napa Valley – The Ultimate Scenic Wine Experience,Most Scenic Wineries in Napa Valley with a View,1,,Darren,,
Napa Valley,2,2,2,2,Offers,Other,https://www.fourseasons.com/napavalley/offers/,200,Napa Valley Vacation Packages | Four Seasons,44,"Four Seasons vacation packages and special offers in Napa Valley. Wine tastings, romantic getaways and more.",108,"napa valley packages,napa vacation packages","napa valley getaways, napa getaways deals, napa valley vacation packages wine tours, napa vally hotel and wine tour package,",Napa Valley Resort Offers & Packages,Featured Offer,,,Darren,,
Napa Valley,2,2,2,2,Photos & Videos,Other,https://www.fourseasons.com/napavalley/photos-and-videos/,200,Hotel Photos & Videos | Four Seasons Resort Napa Valley,55,"Explore the gallery of Four Seasons Napa Valley. View photos of our resort hotel, on-site vineyard, Spa Talisa, luxury suites and pools in Calistoga.",149,napa valley hotel photos,,,Resort Overview% Accommodations% Villa & Residence Rentals% Dining% Spa% Experiences and Services,,,Darren,,
Napa Valley,2,2,2,2,Christmas,Seasonal,https://www.fourseasons.com/napavalley/seasonal/christmas/,200,Christmas in Napa Valley | Holiday Dining & Events at Four Seasons,66,"Celebrate Christmas in Napa Valley with wine-country charm at Four Seasons Resort and Residences Napa Valley. Enjoy festive dinners, holiday lights and vineyard views for a truly magical season.",194,christmas in napa valley,"christmas dinner napa valley, christmas lunch napa valley, christmas eve dinner napa valley,",Christmas in Napa Valley,Join Us For The Holidays% Christmas Menus% included% Hotel Highlights,1,,Darren,,
Napa Valley,2,2,2,2,Harvest Season,Seasonal,https://www.fourseasons.com/napavalley/seasonal/harvest-season/,200,Napa Valley Harvest Season | Four Seasons,41,"Experience Napa Valley Harvest Season with exclusive winery tours, spa treatments and wine dinners at Four Seasons from September to November.",142,napa valley harvest season,napa valley harvest season,Napa Valley Harvest Season,included% Hotel Highlights,1,,Darren,,
Napa Valley,2,2,2,2,New Year,Seasonal,https://www.fourseasons.com/napavalley/seasonal/new-year/,200,2025/26 New Year’s Eve Dinner and Party in Napa Valley | Four Seasons Resort,76,"Ring in the New Year with an unforgettable celebration at Four Seasons Resort and Residences Napa Valley, where luxury, fine dining and world-class entertainment come together for an extraordinary evening.",205,new years eve napa valley,new years eve dinner napa valley,NEW YEAR’S EVE IN NAPA VALLEY,Menus% included% Hotel Highlights,1,,Darren,,
Napa Valley,2,2,2,2,Thanksgiving,Seasonal,https://www.fourseasons.com/napavalley/seasonal/thanksgiving/,200,Thanksgiving in Napa Valley | Holiday Dining at Four Seasons,60,"Gather for Thanksgiving in Napa Valley at Four Seasons Resort and Residences Napa Valley. Savour a farm-to-table Thanksgiving feast, fine wines and vineyard views in California’s wine country.",192,thanksgiving napa valley,thanksgiving dinner napa valley,Thanksgiving,Join Us For The Holidays% Menus% included% Hotel Highlights,1,,Darren,,
Napa Valley,2,2,2,2,Couples,Other,https://www.fourseasons.com/napavalley/services-and-amenities/couples/,200,Romantic Getaway in Napa Valley | Couples Resorts at Four Seasons Napa Valley,77,"Start your romantic getaway in Napa Valley at one of the most romantic resorts in Napa. Explore your farmhouse-chic room, with vineyard views of Wine Country, double soak tub and fireplace.",189,Romantic Getaways Napa Valley,Couples Resort napa valley,Romantic Getaways in Napa Valley,Activities at the Resort% Romantic Adventures in Napa Valley% Resort Highlights% included,1,,Darren,,
Napa Valley,2,2,2,2,Family,Other,https://www.fourseasons.com/napavalley/services-and-amenities/family/,200,The Perfect Family Friendly Resort in Napa Valley | Four Seasons Napa Valley,76,"From our complimentary Kids Activity Room to our spacious private villas, our kid-friendly resort in Napa Valley can help families with children of all ages make new memories.",175,Family-Friendly Resort Napa Valley,kid friendly resort Napa Valley,Family-Friendly Resort in Napa Valley,"Resort Activities% Family-friendly Activities in Napa Valley% Complimentary Family Amenities, Available Upon Request% included",1,,Darren,,
Napa Valley,2,2,2,2,Spa & Wellness,"Weddings, Wellness & Dining",https://www.fourseasons.com/napavalley/spa/,200,"Four Seasons Luxury Spa Resort In Napa Valley, Calistoga",56,"Relax at Spa Talisa, our luxury Napa Valley hotel spa. Soak in vineyard views from the whirlpool or steam decks at this premier Napa spa resort in Calistoga.",157,napa valley spa resort,Napa spa resort,Napa Valley Spa Resort,Please Note% HOURS% Favourites% Spa Services% Relaxation Experiences,,,Darren,,
Napa Valley,2,2,2,2,Private Retreats,Private Retreats,https://www.fourseasons.com/napavalley/villa-residence-rentals/,200,Luxury Vacation Rental Homes & Villas in Napa Valley,52,"Four Seasons Resort Napa Valley invites you to immerse yourself in the wine country lifestyle. Relax with family and friends on a luxurious private vacation rental, your home away from home.",190,"napa valley vacation rentals,napa valley villas

","napa valley luxury vacation rentals,napa valley vacation home rentals",Villa & Residence Rentals% Villa & Residence Rentals% Explore accommodations,included% An elevated vacation experience% Book Your Experiences Today,,,Darren,,
Napa Valley,2,2,2,2,Weddings,"Weddings, Wellness & Dining",https://www.fourseasons.com/napavalley/weddings/,200,Napa Valley Vineyard Wedding | Northern California Winery | Four Seasons,72,"Vineyard weddings in Napa Valley. Curated packages, expert planning and romantic backdrops make our Northern Californian winery a perfect wedding destination.",158,"napa valley weddings
",napa wedding packages,Napa Valley Weddings% Napa Valley Weddings,Real wedding experiences% Wedding and Vow Renewal Services,,,Darren,,
"Naples Beach Club, A Four Seasons Resort",0,1,2,2,Frontpage,Home,https://www.fourseasons.com/naplesbeachclub/,#N/A,#N/A,#N/A,#N/A,#N/A,"luxury resort naples, beach hotel",,#N/A,#N/A,,,Chris K,,Second keyword missing location
"Naples Beach Club, A Four Seasons Resort",0,1,2,2,Accommodations,Accommodation,https://www.fourseasons.com/naplesbeachclub/accommodations/,#N/A,#N/A,#N/A,#N/A,#N/A,"beachfront accommodation naples, naples accommodation",,#N/A,#N/A,,,Chris K,,
"Naples Beach Club, A Four Seasons Resort",0,1,2,2,Dining,"Weddings, Wellness & Dining",https://www.fourseasons.com/naplesbeachclub/dining/,#N/A,#N/A,#N/A,#N/A,#N/A,"restaurant naples, beachfront restaurant",,#N/A,#N/A,,,Chris K,,Second keyword missing location
"Naples Beach Club, A Four Seasons Resort",0,1,2,2,Experiences,Experiences,https://www.fourseasons.com/naplesbeachclub/experiences/,#N/A,#N/A,#N/A,#N/A,#N/A,things to do naples,,#N/A,#N/A,,,Chris K,,
"Naples Beach Club, A Four Seasons Resort",0,1,2,2,Offers,Other,https://www.fourseasons.com/naplesbeachclub/offers/,#N/A,#N/A,#N/A,#N/A,#N/A,"naples hotel offers, resort packages",,#N/A,#N/A,,,Chris K,,Second keyword missing location
"Naples Beach Club, A Four Seasons Resort",0,1,2,2,Photos & Videos,Other,https://www.fourseasons.com/naplesbeachclub/photos-and-videos/,#N/A,#N/A,#N/A,#N/A,#N/A,"naples resort photos, naples resort videos",,#N/A,#N/A,,,Chris K,,
"Naples Beach Club, A Four Seasons Resort",0,1,2,2,Spa & Wellness,"Weddings, Wellness & Dining",https://www.fourseasons.com/naplesbeachclub/spa/,#N/A,#N/A,#N/A,#N/A,#N/A,luxury spa naples,,#N/A,#N/A,,,Chris K,,
"Naples Beach Club, A Four Seasons Resort",0,1,2,2,Weddings,"Weddings, Wellness & Dining",https://www.fourseasons.com/naplesbeachclub/weddings/,#N/A,#N/A,#N/A,#N/A,#N/A,naples wedding,,#N/A,#N/A,,,Chris K,,
Nashville,3,2,3,3,Frontpage,Home,https://www.fourseasons.com/nashville/,200,Luxury Hotel in Downtown Nashville | Four Seasons Hotel Nashville,65,"Experience Four Seasons Nashville, a luxury hotel in downtown Nashville offering refined comfort and Southern hospitality in the heart of Music City.",149,nashville luxury hotels | luxury hotels downtown nashville,downtown nashville hotels,Nashville% Nashville% Nashville% Nashville by Four Seasons,WRITE YOUR OWN MUSIC CITY STORY% Accommodations% Discover Nashville% ESCAPE TO THE SEVENTH LEVEL,,,Hannah,1,
Nashville,3,2,3,3,Accommodations,Accommodation,https://www.fourseasons.com/nashville/accommodations/,200,Hotel Rooms & Suites in Downtown Nashville | Four Seasons Hotel,63,"Book your stay at Four Seasons Nashville, offering luxury suites and hotel rooms in downtown’s vibrant SoBro district near music and entertainment venues.",154,"nashville hotel suites, suites downtown nashville",hotel rooms downtown nashville,Nashville Hotel Suites & Rooms,Superior Room% City-View Room% River-View Room% Premier Corner Room% Executive Pool-View Suite% Executive City-View Suite% Executive River-View Suite% One-Bedroom Suite% Presidential Suite% Premier One-Bedroom Suite% Superior Accessible Room% City-View Accessible Room% Accessible Executive River-View Suite% One-Bedroom Accessible Suite% By Design,,,Hannah,1,
Nashville,3,2,3,3,Dining,"Weddings, Wellness & Dining",https://www.fourseasons.com/nashville/dining/,200,Restaurants & Fine Dining in Downtown Nashville | Four Seasons Hotel,68,"Discover world-class dining at Four Seasons Nashville, from Italian fine dining at Mimo to rooftop cuisine at Rivière with sweeping city and river views.",153,fine dining nashville,downtown nashville restaurants,Nashville Restaurants & Bars% Nashville Restaurants & Bars% Nashville Restaurants & Bars,All Food and Drink,,,Hannah,1,
Nashville,3,2,3,3,Dining,"Weddings, Wellness & Dining",https://www.fourseasons.com/nashville/dining/restaurants/riviere-rooftop/,200,Rooftop Restaurant Nashville | Riviére Rooftop at Four Seasons,62,"Savour the essence of the French Riviera at Rivière, our rooftop restaurant in Nashville. Experience modern flavours with stunning views. Book now.",147,rooftop restaurant nashville,,Rivière Rooftop,Hours% Menus% Signature Dishes% More Dining Options,,,Hannah,,
Nashville,3,2,3,3,Experiences,Experiences,https://www.fourseasons.com/nashville/experiences/,200,Experiences in Nashville | Four Seasons Hotel Nashville,55,"Discover curated Music City experiences at Four Seasons Nashville, from local sounds to exclusive moments designed to make your stay unforgettable.",147,experiences in nashville,,Experiences,,,,Hannah,1,
Nashville,3,2,3,3,Offers,Other,https://www.fourseasons.com/nashville/offers/,200,Nashville Hotel Packages & Offers | Four Seasons Hotel Nashville,64,"Discover exclusive hotel packages and offers at Four Seasons Hotel Nashville. Experience luxury in downtown Nashville, right in the heart of Music City.",152,hotel offers nashville | nashville hotel packages,,Nashville Hotel Offers & Packages,Featured Offer,,,Hannah,1,
Nashville,3,2,3,3,Photos & Videos,Other,https://www.fourseasons.com/nashville/photos-and-videos/,200,Photos and Videos | Four Seasons Hotel Nashville,48,See the latest videos and photography of our luxury hotel located in the heart of downtown’s dynamic SoBro area at Four Seasons Hotel Nashville.,144,four seasons hotel nashville photos,,,Hotel Overview,,,Hannah,1,
Nashville,3,2,3,3,Rooftop Pool,Services & Amenities,https://www.fourseasons.com/nashville/services-and-amenities/pools/,200,Rooftop Infinity Pool in Nashville | Four Seasons Hotel Nashville,65,Enjoy our rooftop infinity pool and year-round hot tub on the seventh-level terrace – a perfect downtown Nashville escape for hotel guests and spa visitors.,156,rooftop pool nashville,nashville hotels with rooftop pool | infinity pool nashville,Rooftop Infinity Pool in Nashville,Pool Amenities% HOURS% Services & Amenities% included% Events,1,,Hannah,1,
Nashville,3,2,3,3,Spa & Wellness,"Weddings, Wellness & Dining",https://www.fourseasons.com/nashville/spa/,200,Nashville Spa | Spa Hotel in Downtown Nashville | Four Seasons,62,Escape to luxury at our spa hotel in downtown Nashville. Indulge in rejuvenating treatments and personalized pampering. Book your tranquil retreat now.,151,nashville spa | nashville spa hotel,spa downtown nashville,Nashville Spa,Hours% Favourites% Spa Services% Relaxation Experiences,,,Hannah,1,
Nashville,3,2,3,3,Weddings,"Weddings, Wellness & Dining",https://www.fourseasons.com/nashville/weddings/,200,Nashville Weddings | Four Seasons Hotel Nashville,49,Design your luxury Nashville wedding at Four Seasons. Discover our river-view ballrooms and Southern charm. Start planning your dream wedding today.,148,nashville wedding,,Nashville Weddings% Nashville Weddings,#FSNASHVILLE,,,Hannah,1,
Nashville,3,2,3,3,Weddings,"Weddings, Wellness & Dining",https://www.fourseasons.com/nashville/weddings/honeymoons/,200,Nashville Honeymoons | Four Seasons Hotel Nashville,51,Begin your newlywed adventure with an enchanting Nashville honeymoon. Let us plan every cherished detail. Book your romantic getaway today.,139,nashville honeymoon,,Nashville Honeymoons,,,,Hannah,,
Nashville,3,2,3,3,Weddings,"Weddings, Wellness & Dining",https://www.fourseasons.com/nashville/weddings/venues/,200,Nashville Wedding Venues | Four Seasons Hotel Nashville,55,"Discover our downtown Nashville wedding venues, perfect for grand celebrations with panoramic views or intimate gatherings on our rooftop pool lawn.",148,nashville wedding venues,,Nashville Wedding Venues,Featured Venues% Find a Venue,,,Hannah,,
Naviva,2,2,2,2,Frontpage,Home,https://www.fourseasons.com/naviva/,200,"Boutique Resort in Mexico | Naviva®, A Four Seasons Resort",58,"Find inspiration at Naviva®, A Four Seasons Resort. Experience our luxury tented resort perched along the Pacific coast in Mexico. Book now.",140,boutique resort mexico,,Naviva®% Naviva®% Naviva®% MEXICO: ROOTS & RITUALS% Naviva® by Four Seasons,Experience Effortless Luxury in Harmony with Nature% Discover Naviva®,,,Shruti,,
Naviva,2,2,2,2,Accommodations,Accommodation,https://www.fourseasons.com/naviva/accommodations/,200,"Luxury Tented Bungalows Mexico | Naviva®, A Four Seasons Resort",63,"Experience nature in luxury at Naviva®, a boutique resort immersed in Mexico’s forest offering 15 luxury tented bungalows. Book an all-inclusive stay now.",154,luxury tented bungalows mexico,,Luxury Bungalows Mexico,Ocean-View Grand Bungalow% Ocean-View Bungalow% By Design,,,Shruti,,
Naviva,2,2,2,2,Dining,"Weddings, Wellness & Dining",https://www.fourseasons.com/naviva/dining/,200,Four Seasons Resort Naviva® Punta Mita | All Inclusive Dining,61,"Enjoy all meals, snacks and drinks – including premium wines & spirits, fresh juices and tonics – all day long, at our inclusive resort, Naviva®, By Four Seasons.",162,all inclusive dining punta mita,food included resorts | all meals included resorts,Unique Dining Experiences in Naviva% Unique Dining Experiences in Naviva% Unique Dining Experiences in Naviva,All Food and Drink% Highlight,,,Shruti,,Missing location
Naviva,2,2,2,2,Experiences,Experiences,https://www.fourseasons.com/naviva/experiences/,200,"Discover Unique Experiences at Naviva®, A Four Seasons Resort",61,"Discover Unique Experiences at Naviva®, A Four Seasons Resort",61,naviva experiences,bespoke experiences,Experiences,Wellness% Movement,,,Shruti,,
Naviva,2,2,2,2,Seasonal,Seasonal,https://www.fourseasons.com/naviva/seasonal/,200,"Luxury Adults-Only Holiday | Naviva®, A Four Seasons Resort, Punta Mita",71,"Enjoy an adults-only all-inclusive holiday in Mexico this festive season at Naviva®, with nature-inspired activities & feasts from Mexico’s rich traditions.",156,adults-only holiday | adults-only holidays mexico,,Adults-Only Holidays in Mexico,included% Resort Highlights,,,,,
Naviva,2,2,2,2,Spa & Wellness,"Weddings, Wellness & Dining",https://www.fourseasons.com/naviva/spa/,200,"Wellness Retreat in Mexico | Naviva®, A Four Seasons Resort",59,"Escape to an adults-only all-inclusive bliss at Naviva®, offering unique spa journeys. Book your spa retreat in nature at our wellness resort in Mexico.",152,mexico wellness retreat,adults only wellness resort,Mexico Wellness Retreat% Mexico Wellness Retreat% Mexico Wellness Retreat,Journeys% House of Heat: Temazcal Sessions% Rituals% Spa Pod Retreats% Fitness and Well-being% Hours,,,Shruti,,
Nevis,1,2,2,2,Frontpage,Home,https://www.fourseasons.com/nevis/,200,Nevis Island Resort | St. Kitts & Nevis Luxury Hotel | Four Seasons,67,"Four Seasons Resort Nevis offers a tropical oasis experience with the finest luxury accommodations, villas, dining & more at this crown jewel of the Caribbean.",159,"nevis island resorts, nevis luxury resorts",,"Nevis, West Indies% Nevis, West Indies% Nevis, West Indies% NEVIS BY FOUR SEASONS","Welcome to a Luxurious Nevis Island Resort, Your Beach Getaway% Accommodations% Discover Nevis% On the Dune",,,Katarina,,
Nevis,1,2,2,2,Accommodations,Accommodation,https://www.fourseasons.com/nevis/accommodations/,200,Nevis Accommodations | Villas & Suites in West Indies | Four Seasons,68,"Four Seasons Resort Nevis offers luxurious accommodations, including spacious guest rooms, elegant suites and private villas with stunning views.",145,"nevis accommodations, nevis villas",,Nevis Villas & Accommodations,Ocean-View Room% Ocean-Side Room% Nevis Peak-View Room% Alexander Suite% Chelanii Suite% Kalinago Suite% Poinciana Suite% Indigo Suite% One-Bedroom Stewarts Plunge Pool Studio% Four-Bedroom Pinney's Beach Villa% Three-Bedroom Pinney's Beach Villa% Seven-Bedroom Hill Estate% Five-Bedroom Mahogany Hill Estate% Four-Bedroom Mahogany Hill Estate% Three-Bedroom Stewarts Estate% Two-Bedroom Stewarts Estate% Five-Bedroom Sunset Hill Villa% Four-Bedroom Sunset Hill Villa% Three-Bedroom Sunset Hill Villa% Six-Bedroom Palm Grove Villa% Three-Bedroom Palm Grove Villa% Three-Bedroom Palm Grove Modern Residence% Three-Bedroom Palm Grove Residence with Pool% Three-Bedroom Palm Grove Residence with Plunge Pool% Two-Bedroom Palm Grove Residence with Plunge Pool% Two-Bedroom Palm Grove Residence% By Design,,,Katarina,,
Nevis,1,2,2,2,Dining,"Weddings, Wellness & Dining",https://www.fourseasons.com/nevis/dining/,200,Nevis Restaurants & Bars | Fine Dining | Four Seasons Resort,60,"Explore dining at Four Seasons and discover some of the best Nevis restaurants, from Caribbean flavours to seaside sushi and Mediterranean cuisine.",147,"nevis restaurants, nevis bars",,Nevis Restaurants & Bars% Nevis Restaurants & Bars% Nevis Restaurants & Bars,All Food and Drink% Culinary Activities,,,Katarina,,
Nevis,1,2,2,2,Experiences,Experiences,https://www.fourseasons.com/nevis/experiences/,200,"St Kitts and Nevis Tours, Excursions & Attractions | Four Seasons",65,"Discover St Kitts and Nevis tours, excursions and attractions with Four Seasons Nevis. Explore island culture, nature and unforgettable adventures.",147,"nevis tours, nevis excursions",,Experiences,Local Experiences% Land Pursuits,,,Katarina,,
Nevis,1,2,2,2,Offers,Other,https://www.fourseasons.com/nevis/offers/,200,"Nevis Vacation Packages | Four Seasons Resort Nevis, West Indies",64,"Explore Nevis vacation packages at Four Seasons Resort Nevis, West Indies. Enjoy extended luxury stays, special rates, signature breakfasts and more.",149,nevis vacation packages,,St. Kitts and Nevis Vacation Packages,Featured Offer,,,Katarina,,
Nevis,1,2,2,2,Photos & Videos,Other,https://www.fourseasons.com/nevis/photos-and-videos/,200,Nevis Photos & Videos | West Indies | Four Seasons Resort Nevis,63,"Four Seasons Resort Nevis, a luxury five-star resort in the Caribbean. View photos and videos of this tropical oasis in the West Indies.",136,nevis photos,,Photos & Videos,Hotel Overview% Accommodations% Dining% Resort Activities% Island Activities% Foodie Activities,,,Katarina,,
Nevis,1,2,2,2,Itinerary,Experiences,https://www.fourseasons.com/nevis/saint-kitts-and-nevis-itinerary/,200,Saint Kitts and Nevis Itinerary | Four Seasons Resort Nevis,59,"Experience Saint Kitts and Nevis with our 5-day itinerary featuring wellness by the sea, island adventures and cultural discoveries.",132,saint kitts and nevis itinerary,,Your Saint Kitts and Nevis Itinerary,Experience Saint Kitts and Nevis with Four Seasons% Your 5-Day Itinerary% Signature Experience% Featured Activity,,,Katarina,,
Nevis,1,2,2,2,Christmas,Seasonal,https://www.fourseasons.com/nevis/seasonal/christmas/,#N/A,#N/A,#N/A,#N/A,#N/A,"nevis christmas, st kitts and nevis christmas",,#N/A,#N/A,,,Katarina,,
Nevis,1,2,2,2,Beaches,Services & Amenities,https://www.fourseasons.com/nevis/services-and-amenities/nevis-beaches/,200,Best Nevis Island Beaches & Getaway Ideas | Four Seasons Resort,63,"Discover the best beaches in Nevis and getaway ideas, from Pinney’s Beach villas to beach dining and wellness activities at Four Seasons Resort Nevis.",150,"nevis beaches, nevis beach getaway",,Nevis Island Beaches and Beachfront Experiences,Best beaches in Nevis% Beachfront Dining% Beachfront Wedding Venues% Resort Highlight,,,Katarina,,
Nevis,1,2,2,2,Spa & Wellness,"Weddings, Wellness & Dining",https://www.fourseasons.com/nevis/spa/,200,Caribbean Spa Resort | Massage & Facials | Four Seasons Resort Nevis,68,"The Spa at Four Seasons Resort Nevis offers a rejuvenating menu of luxurious body rituals, massage therapies, facials, salon services and more.",143,nevis spa,,Nevis Spa and Wellness,Hours% Favourites% Spa & Wellness Services% Meet The Team% Relaxation Experiences,,,Katarina,,
Nevis,1,2,2,2,Villas & Residences,Villas & Residences,https://www.fourseasons.com/nevis/villa-residence-rentals/,200,Nevis Villa Rentals | Luxury Vacation Homes | Four Seasons,58,"Enjoy the ultimate in space and privacy with our villa rentals. Wake up to ocean views, relax poolside and find your ideal vacation home in Nevis.",146,"nevis villa rentals, nevis vacation homes",,Villa & Residence Rentals% Villa & Residence Rentals,EXPLORE ACCOMMODATIONS% included% An elevated vacation experience,,,Katarina,,
Nevis,1,2,2,2,Weddings,"Weddings, Wellness & Dining",https://www.fourseasons.com/nevis/weddings/,200,"Nevis Weddings | Four Seasons Resort Nevis, West Indies",55,"Four Seasons Resort Nevis offers a paradise location for your dream wedding, brimming with natural beauty, gorgeous venues, legendary service & more.",149,nevis weddings,,Nevis Weddings% Nevis Weddings,Real Wedding Experiences% Wedding and Vow Renewal Services,,,Katarina,,
New Orleans,3,3,3,3,Frontpage,Home,https://www.fourseasons.com/neworleans/,200,Luxury Hotel French Quarter New Orleans | Four Seasons Hotel,60,"The perfect downtown location. Indulge yourself at Four Seasons luxury hotel in the French Quarter, New Orleans. Overlooking the Mississippi River on Canal Street.",163,"luxury hotels new orleans,luxury hotels french quarter new orleans
",,New Orleans% New Orleans% New Orleans% New Orleans by Four Seasons% New Orleans Residences available for purchase,A Riverfront Luxury Hotel in One of America’s Most Celebrated Cities% Accommodations% Discover New Orleans% STAY IN A NEW ORLEANS LANDMARK,,,Darren,,
New Orleans,3,3,3,3,Accommodations,Accommodation,https://www.fourseasons.com/neworleans/accommodations/,200,New Orleans French Quarter Accommodation | Luxury New Orleans Hotel | Four Seasons,82,Unrivalled riverfront views from our New Orleans French Quarter accommodations. Luxurious room options and personalized service in the heart of NOLA with Four Seasons.,167,"new orleans accommodation
",new orleans accommodation french quarter,New Orleans Accommodation,Superior City-View Room% Deluxe City-View Room% Deluxe River-View Room% Premier City-View Room% Premier River-View Room% City-View Executive Suite% River-View Executive Suite% River-View One-Bedroom Suite% City-View Two-Bedroom Suite% Presidential Suite% Superior Hearing-Accessible Room% Deluxe Hearing-Accessible Room% Deluxe Accessible Room% Deluxe Hearing-Accessible Room with River View% Premier Accessible Room% Premier Hearing-Accessible Room% Premier Accessible Room with River View% Premier Hearing-Accessible Room with River View% City-View Hearing-Accessible Executive Suite% River-View Accessible Executive Suite% River-View Hearing-Accessible One-Bedroom Suite% River-View Accessible One-Bedroom Suite% By Design,,,Darren,,
New Orleans,3,3,3,3,Dining,"Weddings, Wellness & Dining",https://www.fourseasons.com/neworleans/dining/,200,Best Hotel Restaurants in New Orleans | Four Seasons Hotel New Orleans,70,"Savour award-winning dining at Four Seasons Hotel New Orleans, home to two of the city’s top restaurants, Miss River and Chemin à la Mer. Enjoy innovative Southern cuisine, fresh Gulf oysters, perfectly seared steaks and craft cocktails, all in a luxury hotel setting.",268,hotel restaurants new orleans,"hotel dining new orleans, fine dining restaurants in new orleans, fine dining restaurants french quarter",Hotel Restaurants New Orleans% Hotel Restaurants New Orleans% Hotel Restaurants New Orleans,All Food and Drink% Meet the Team,,1,Darren,,
New Orleans,3,3,3,3,Chemin aLa Mer,"Weddings, Wellness & Dining",https://www.fourseasons.com/neworleans/dining/restaurants/cheminalamer/,,,,,,"new orleans Steakhouse,Steakhouse & Seafood",,,,1,,Darren,,
New Orleans,3,3,3,3,Experiences,Experiences,https://www.fourseasons.com/neworleans/experiences/,200,Unique Things to do in New Orleans | Four Seasons New Orleans,61,Explore our range of unique things to do in New Orleans. From a personal Jazz Band concert to a private streetcar tour. Experience the real New Orleans with Four Seasons New Orleans.,182,"New Orleans Experiences,Unique things to do in New Orleans",,Experiences,,,1,Darren,,
New Orleans,3,3,3,3,Staycation,Other,https://www.fourseasons.com/neworleans/landing-pages/property/staycation/,200,Luxury Staycation in New Orleans | Four Seasons Hotel New Orleans,65,"Escape without leaving town. Enjoy a luxurious New Orleans staycation with rooftop pool access, award-winning dining, spa treatments and exclusive offers for locals at Four Seasons Hotel New Orleans.",199,new orleans staycation,,New Orleans Staycation,Local Experiences Reimagined% included% Discover New Orleans% Staycation Ideas for Couples & Families,1,,Darren,,
New Orleans,3,3,3,3,Offers,Other,https://www.fourseasons.com/neworleans/offers/,200,New Orleans Hotel Packages & Offers | Four Seasons New Orleans,62,Discover exclusive New Orleans hotel package at Four Seasons. Experience luxury with our specially designed packages that highlight the best of New Orleans.,156,new orleans hotel packages,,New Orleans Hotel Offers & Packages,Featured Offer,,,Darren,,
New Orleans,3,3,3,3,Photos & Videos,Other,https://www.fourseasons.com/neworleans/photos-and-videos/,200,Photos & Videos of Four Seasons Hotel New Orleans,49,"View the latest photos and videos of Four Seasons Hotel New Orleans including pictures of the luxury accommodations, venues, property and more.",143,new orleans hotel photos,,,Hotel Overview% Accommodations% Dining% Discover New Orleans% Our Rooftop Pool,,,Darren,,
New Orleans,3,3,3,3,Christmas,Seasonal,https://www.fourseasons.com/neworleans/seasonal/christmas/,200,Christmas in New Orleans | Holiday Dining & Events at Four Seasons,66,"Experience Christmas in New Orleans with Four Seasons. Discover festive brunches, Christmas dinners and celebrations near the French Quarter.",141,christmas in new orleans,,Christmas in New Orleans,Christmas Activities% included% Christmas in New Orleans,,,Darren,,
New Orleans,3,3,3,3,Mardi Gras,Other,https://www.fourseasons.com/neworleans/seasonal/mardi-gras/,200,Perfect Location Hotel Near Mardi Gras New Orleans | Four Seasons,65,"Celebrate Mardi Gras in style. Stay at Four Seasons Hotel New Orleans, located near the parades and festivities. Enjoy unmatched luxury and convenience during the city’s biggest celebration.",190,mardi gras hotel new orleans,,Celebrate Mardi Gras at Four Seasons Hotel New Orleans,included,1,,Darren,,
New Orleans,3,3,3,3,New Years,Seasonal,https://www.fourseasons.com/neworleans/seasonal/new-year/,200,"New Year’s Eve 2025/26 New Orleans | Parties, Packages & Dining at Four Seasons",79,"Ring in New Year’s Eve in New Orleans with gourmet dinners, live music and riverfront celebrations at Four Seasons Hotel New Orleans. Welcome 2025 in style.",156,new years eve new orleans,,New Year’s Eve in New Orleans,included% New Year’s Eve Celebrations in New Orleans,,,Darren,,
New Orleans,3,3,3,3,Thanksgiving,Seasonal,https://www.fourseasons.com/neworleans/seasonal/thanksgiving/,200,Thanksgiving in New Orleans | Four Seasons Hotel New Orleans,60,Celebrate Thanksgiving in New Orleans with Four Seasons Hotel New Orleans. Enjoy a Thanksgiving dinner crafted by our award-winning chefs in the heart of the city.,163,thanksgiving in new orleans,,Thanksgiving in New Orleans,included% Hotel Highlights,,,Darren,,
New Orleans,3,3,3,3,Couples,Other,https://www.fourseasons.com/neworleans/services-and-amenities/couples/,200,New Orleans Romantic Getaway | Four Seasons Hotel New Orleans,61,Personalized service with love. Everything except your companion will melt away during a romantic getaway in New Orleans with Four Seasons Hotel NOLA.,150,"romantic hotels new orleans,new orleans romantic getaway","new orleans romantic getaway packages,new orleans resorts for couples,new orleans hotel for couples",New Orleans Romantic Getaway,SET THE MOOD AT FOUR SEASONS HOTEL% Experience New Orleans Together% Hotel Highlights% included% Couples’ Activities,1,,Darren,,
New Orleans,3,3,3,3,Family,Other,https://www.fourseasons.com/neworleans/services-and-amenities/family/,200,Four Seasons Family Friendly Hotel in New Orleans Near Aquarium,63,"Enjoy in-room camping, street car train rides, kid-friendly swimming pools, kids’ activity library and free dining for kids aged five and under. Create family memories the Four Seasons way.",189,family friendly hotels in new orleans,"new orleans hotels for families,kid-friendly hotels new orleans",Family Friendly Hotel in New Orleans,Kid-Friendly Hotel Amenities% New Orleans Activities for Kids% Kids Activities at Four Seasons% Family Experiences% included,1,,Darren,,
New Orleans,3,3,3,3,Pet,Other,https://www.fourseasons.com/neworleans/services-and-amenities/pet-friendly-stays/,200,Pet-Friendly Hotel in New Orleans | Four Seasons Hotel Luxury Stays,67,"Discover Four Seasons New Orleans, a luxury pet-friendly hotel, offering premium amenities for you and your furry friends. Enjoy cozy pet beds, a curated pet menu and 24/7 pet relief areas. Book your stay today.",211,Pet-Friendly Hotel New Orleans,dog friendly hotel new orleans,Luxury Pet-Friendly Hotel in New Orleans,Pet-Friendly Amenities% DOG WALKS NEAR THE FRENCH QUARTER% Pet Policy% Hotel Location,1,,Darren,,
New Orleans,3,3,3,3,Pool,Other,https://www.fourseasons.com/neworleans/services-and-amenities/pools/,200,New Orleans Rooftop Pool with Panoramic Views | Four Seasons Hotel,66,Escape downtown New Orleans at our rooftop pool. Lounge by the heated 75-foot saltwater pool or relax in the spa tub with scenic views.,135,"rooftop pool new orleans, hotels with pools","new orleans hotel with pool,french quarter rooftop pool",Rooftop Pool,Pool HOURS% POOL HIGHLIGHTS% included% Seasonal Promotions% Services & Amenities% Poolside Sips & Bites,1,,Darren,,
New Orleans,3,3,3,3,Spa & Wellness,"Weddings, Wellness & Dining",https://www.fourseasons.com/neworleans/spa/,200,New Orleans Spa | Luxury Hotel Spa | Four Seasons Hotel New Orleans,67,"Indulge in therapeutic massages, relaxing facials and skin treatments, and expert hairstyling from our salon at the Spa at Four Seasons Hotel New Orleans.",154,"new orleans spa,hotel spa new orleans",,New Orleans Spa,Hours% Favourites% Spa Services% Seasonal Promotions% THE ART OF SPA,,,Darren,,
New Orleans,3,3,3,3,Couples Massage,"Weddings, Wellness & Dining",https://www.fourseasons.com/neworleans/spa/couples-massage/,200,Couples Massage | Four Seasons Hotel New Orleans,48,"Experience a Spa de Deux couples' massage at Four Seasons. Enjoy a soothing bath, personalized treatments, and champagne. Book now!",131,"couples massage new orleans, couples spa",,Enjoy a Romantic Couples’ Massage in New Orleans,Ultimate Couples’ Massage Package% Our Couples’ Suite% Romantic Spa Package,1,,Darren,,
New Orleans,3,3,3,3,Suites,Accommodation,https://www.fourseasons.com/neworleans/suites/,200,Luxury Hotel Suites in New Orleans French Quarter | Four Seasons,64,"Luxury in the big easy. Our hotel suites come with city or river views, 24-hour Concierge, coffee machines and more – all in a perfect French Quarter location.",159,hotel suites new orleans,"luxury suites new orleans,hotel suites french quarter",Hotel Suites,Discover Our French Quarter Suites% Amenities% Suite Highlights% Bed & Bath% Entertainment & Technology% Services & Amenities% Our Hotel Location% Suite Highlights,1,,Darren,,
New Orleans,3,3,3,3,Superdome,Other,https://www.fourseasons.com/neworleans/superdome-hotel/,200,Hotel Near the Superdome New Orleans | Four Seasons Luxury Stay,63,"Looking for a hotel near the New Orleans Superdome? Four Seasons Hotel offers luxury accommodations, just minutes from the Superdome, perfect for events, games and concerts.",173,Hotel Near Superdome,Superdome hotel packages,Luxury Hotel Near Caesars Superdome,Transportation & Directions to the Superdome% Hotel Location% Why Stay at FOUR SEASONS HOTEL NEW ORLEANS?,1,,Darren,,
New Orleans,3,3,3,3,Tulane,Other,https://www.fourseasons.com/neworleans/tulane-university/,,,,,,Hotel Near Tulane University,,,,1,,Darren,,
New Orleans,3,3,3,3,Weddings,"Weddings, Wellness & Dining",https://www.fourseasons.com/neworleans/weddings/,200,A Luxury Hotel Wedding Venue in New Orleans | Four Seasons Hotel,64,"Your dream wedding comes to life at one of the finest hotel wedding venues in New Orleans. Experience our legendary service, from second line parades to your perfect happily ever after.",185,hotel wedding venues new orleans,frecnh quarter wedding venues,New Orleans Wedding Hotel% New Orleans Wedding Hotel,Our Hotel Wedding Highlights,,,Darren,,
New Orleans,3,3,3,3,Wedding packages,"Weddings, Wellness & Dining",https://www.fourseasons.com/neworleans/weddings/packages/,200,Luxury New Orleans Wedding Packages | Four Seasons Hotel,56,Explore our New Orleans wedding packages centered around delectable cuisine and gorgeous Four Seasons venues to bring your special day to life.,143,new orleans wedding packages,wedding packages french quarter,New Orleans Wedding Packages,,1,,Darren,,
New York ,,2,2,2,Frontpage,Home,https://www.fourseasons.com/newyork/,200,Luxury Hotel in Midtown Manhattan Near Central Park | Four Seasons,66,"The ""Best Luxury Hotel in New York"" is Four Seasons between Park and Madison Avenues in the heart of Midtown Manhattan, just steps from Central Park.",149,midtown manhattan hotels​ | luxury hotels in midtown manhattan,"hotels near central park
",New York% New York% New York% New York by Four Seasons,Luxury Midtown Manhattan Hotel on 57th Street% Accommodations% Discover New York% Suite in the Sky% #FSNEWYORK,,,Jelena,,
New York ,,2,2,2,Accommodations,Accommodation,https://www.fourseasons.com/newyork/accommodations/,200,Midtown Manhattan Hotel Suites in NYC | Four Seasons,52,Discover refined luxury in our Midtown Manhattan suites at Four Seasons New York. Book your stay today and enjoy timeless elegance and modern amenities.,152,midtown manhattan hotel suites,,ACCOMMODATIONS,Jr. Suite City View% Jr. Suite Central Park View% Jr. Suite City View Upper Floor% Jr. Suite Central Park View Upper Floor% Central Park Suite with Terrace% Central Park Suite% Manhattan Suite% Manhattan Two-Bedroom Suite% Royal Suite% Presidential Suite% Gotham Suite% Ty Warner Penthouse% Jr. Suite City View Accessible% Central Park Suite (Accessible)% By Design,,,Jelena,,
New York ,,2,2,2,Dining,"Weddings, Wellness & Dining",https://www.fourseasons.com/newyork/dining/,200,Midtown Fine Dining Restaurants at Four Seasons Hotel,53,Four Seasons Hotel New York boasts an impressive array of expertly prepared cocktails and cuisines for the finest luxury dining experience in NYC.,146,midtown fine dining restaurants | Fine Dining Midtown Manhattan,,Dining% Dining% Dining,All Food and Drink,,,Jelena,,
New York ,,2,2,2,Offers,Other,https://www.fourseasons.com/newyork/offers/,200,New York Luxury Hotel Packages & Offers | Four Seasons New York,63,Four Seasons Hotel New York offers a variety of packages and offers for your next stay in NYC. Experience the finest luxury accommodations in Manhattan.,152,manhtattan hotel offers | manhattan hotel packages,,Manhattan Hotel Offers & Packages,Featured Offer,,,Jelena,,
New York ,,2,2,2,Photos & Videos,Other,https://www.fourseasons.com/newyork/photos-and-videos/,200,New York City Luxury Hotel Photos & Videos | Four Seasons New York,66,"View photos and videos of Four Seasons Hotel New York, a luxury five-star hotel in Midtown Manhattan between Madison and Park Avenues.",134,"manhattan pictures new york	
",,Photos & Videos,Hotel Overview% Accommodations,,,Jelena,,
New York ,,2,2,2,Spa & Wellness,"Weddings, Wellness & Dining",https://www.fourseasons.com/newyork/spa/,200,Luxury Spa NYC | Massage & Facial | L. RAPHAEL at Four Seasons,62,L.RAPHAEL Beauty Spa at Four Seasons Hotel New York offers a world class spa experience including exclusive treatments from the luxury skincare brand.,150,Spa in Midtown Manhattan,,Spa in Midtown Manhattan,,,,Jelena,,
New York ,,2,2,2,Weddings,"Weddings, Wellness & Dining",https://www.fourseasons.com/newyork/weddings/,200,Four Seasons Hotels and Resorts | Luxury Hotels | Four Seasons | Weddings,73,Weddings,8,manhattan wedding venues,,Weddings% Weddings,Real Wedding Experiences% Wedding and Vow Renewal Services,,,Jelena,,
New York Downtown,2,2,3,3,Frontpage,Home,https://www.fourseasons.com/newyorkdowntown/,200,Luxury 5-Star Hotel Downtown New York | Four Seasons,52,Visit Four Seasons 5-star Hotel in New York Downtown to see the world famous skyline and authentic neighbourhoods that are steps away. Book today.,146,hotel downtown new york,,New York Downtown% New York Downtown% New York Downtown% Downtown New York by Four Seasons,An architectural icon in the Heart of Lower Manhattan% Accommodations% Discover Downtown New York% Custom Family Itineraries% #FSNYDOWNTOWN,,,Alina Ghost,,
New York Downtown,2,2,3,3,Accommodations,Accommodation,https://www.fourseasons.com/newyorkdowntown/accommodations/,200,NYC Luxury Hotel Suites | Four Seasons New York Downtown,56,"Four Seasons New York Downtown provides luxury suites in NYC with panoramic views of the Freedom Tower, Statue of Liberty and the Brooklyn Bridge.",146,new york hotel suites,,Downtown New York Hotel Suites & Rooms,Gotham Terrace Suite% Tribeca Suite% Metropolis Suite% Liberty Suite% Oculus Suite% Gotham Suite% Greenwich Two-Bedroom Suite% Trinity Two-Bedroom Suite% Empire Suite% Brooklyn Room% Manhattan Room% SoHo Premier Room% Hudson Corner Room% Brooklyn Accessible Room% Manhattan Accessible Room% SoHo Premier Accessible Room% Liberty Accessible Suite% Oculus Accessible Suite% BY DESIGN,,,Alina Ghost,,
New York Downtown,2,2,3,3,Dining,"Weddings, Wellness & Dining",https://www.fourseasons.com/newyorkdowntown/dining/,200,"Fine Dining Downtown NYC | Manhattan Steakhouse, CUT| Four Seasons",66,"Four Seasons offers a variety of dining Downtown NYC options, including breakfast, lunch and savoury steak dinners at CUT by Wolfgang Puck. Book today.",151,fine dining downtown NYC,,"Fine Dining New York, Downtown% Fine Dining New York, Downtown% Fine Dining New York, Downtown",All Food and Drink% The Team,,,Alina Ghost,,
New York Downtown,2,2,3,3,Experiences,Experiences,https://www.fourseasons.com/newyorkdowntown/experiences/,200,New York Downtown Experiences & Activities | Four Seasons,57,"Looking for the ultimate Downtown experience? Our team has curated itineraries to make the most of your stay in TriBeCa, Lower Manhattan.",137,new york downtown experiences,,Experiences,Curated Suite Experiences,,,Alina Ghost,,
New York Downtown,2,2,3,3,Offers,Other,https://www.fourseasons.com/newyorkdowntown/offers/,200,NYC Hotel Offers & Packages | Four Seasons Hotel New York Downtown,66,"Discover Downtown NYC hotel offers with luxury stays, fine dining and bespoke experiences in vibrant Lower Manhattan. Browse offers today.",138,NYC hotel offers,,New York Downtown Hotel Offers & Packages,Featured Offer,,,Alina Ghost,,
New York Downtown,2,2,3,3,Photos & Videos,Other,https://www.fourseasons.com/newyorkdowntown/photos-and-videos/,200,Downtown NYC Luxury Hotel Photos & Videos | Four Seasons,56,"View NYC luxury hotel photos & videos in Downtown Manhattan. Discover five-star accommodation, urban surroundings & renowned service. Browse now.",145,nyc luxury hotel photos,,Photos & Videos,Hotel Overview% Destination% Spa and Fitness Facilities% Dining% Accommodations,,,Alina Ghost,,
New York Downtown,2,2,3,3,Spa & Wellness,"Weddings, Wellness & Dining",https://www.fourseasons.com/newyorkdowntown/spa/,200,Luxury Spa & Sauna in Lower Manhattan | Four Seasons New York Downtown,70,Four Seasons offers a first class relaxation experience in lower Manhattan from luxury spa treatments to resident healer sessions & more. Book today.,149,luxury spa,,Luxury Spa New York,HOURS% Favourites% Spa Services% Wellness Experiences,,,Alina Ghost,,Missing location
New York Downtown,2,2,3,3,Weddings,"Weddings, Wellness & Dining",https://www.fourseasons.com/newyorkdowntown/weddings/,200,Luxury New York Hotel Weddings | Four Seasons New York Downtown,63,Invite your guests to a New York hotel wedding in the heart of Lower Manhattan at Four Seasons to get the ultimate urban chic celebration. Book today.,150,new york hotel weddings,,Downtown New York Weddings% Downtown New York Weddings,Real Wedding Experiences in Downtown New York% Wedding and Vow Renewal Services,,,Alina Ghost,,
O'ahu at Ko Olina,2,2,2,2,Frontpage,Home,https://www.fourseasons.com/oahu/,200,Oahu Resort | Luxury Resort on the Beach,40,"Experience luxury at Four Seasons Resort Oahu at Ko Olina, a premier Oahu resort on the beach. Ideal vacation spot for families and couples.",140,"oahu hotel 
oahu resort","oahu hotels on the beach, ko olina hotel, oahu family resorts, ko olina beach resort, oahu hawaii resorts, ",O‘ahu at Ko Olina% O‘ahu at Ko Olina% O‘ahu at Ko Olina% Oahu by Four Seasons,A Luxury Oahu Resort on the Island’s Sunny Western Coast% Accommodations% Discover Oahu% The most coveted view on Oahu% #FSOAHU,,,Chris K,,
O'ahu at Ko Olina,2,2,2,2,Accommodations,Accommodation,https://www.fourseasons.com/oahu/accommodations/,200,Oahu Hotel Rooms | Oahu Suites | Four Seasons Resort Oahu,57,"Four Seasons Resort Oahu at Ko Olina offers stunning panoramic ocean views from our 371 naturally elegant guest rooms, including 55 luxury Oahu suites.",151,"oahu hotel rooms
oahu suites",oahu resort suites,Oahu Resort Suites & Rooms,Club Deluxe Room with Outdoor Spa Tub% Club Oceanfront Room% Club Garden Ocean Room% Club Resort Room% Prime Corner Oceanfront Room% Oceanfront Room% Partial Ocean-View Room% Resort Room% Garden-View Room% Club Prime Oceanfront One-Bedroom Suite% Club Oceanfront One-Bedroom Suite% Club Ocean-View One-Bedroom Suite% Club Oceanfront Studio Suite% Oceanfront One-Bedroom Suite% Ocean-View One-Bedroom Suite% Resort One-Bedroom Suite% Oceanfront Studio Suite% Resort Studio Suite% Penthouse Suite% The Residence% Pacific Suite% Sunset Suite% Club Deluxe Accessible Room with Outdoor Spa Tub% Oceanfront Accessible Room% Partial Ocean-View Accessible Room% Ocean-View One-Bedroom Accessible Suite% Resort One-Bedroom Accessible Suite% Oceanfront Studio Accessible Suite% Interior Design,,,Chris K,,
O'ahu at Ko Olina,2,2,2,2,Dining,"Weddings, Wellness & Dining",https://www.fourseasons.com/oahu/dining/,200,Oahu Restaurants & Lounges | Ko Olina Restaurants | Four Seasons Resort,71,Four Seasons Resort Oahu offers a delicious variety of five Ko Olina restaurants and bars with indoor and outdoor settings 35 minutes from downtown Honolulu.,157,"oahu fine dining, ko olina restaurants",,Ko Olina Restaurants% Ko Olina Restaurants% Ko Olina Restaurants,All Food and Drink% The Team,,1,Chris K,,
O'ahu at Ko Olina,2,2,2,2,Experiences,Experiences,https://www.fourseasons.com/oahu/experiences/,200,Oahu Experiences | Four Seasons Resort Oahu,43,"Discover curated Oahu experiences — aquatic adventures, cultural immersion, guided hikes, romantic escapes and more at Four Seasons Resort Oahu at Ko Olina.",156,"oahu experiences
ko olina experiences",,Experiences,Aquatic Escapades% Land Pursuits% Local Experiences% Facilities & Services,,1,Chris K,,
O'ahu at Ko Olina,2,2,2,2,Offers,Other,https://www.fourseasons.com/oahu/offers/,200,Oahu Hotel Vacation Packages | Four Seasons Resort O‘ahu at Ko Olina,68,"Discover luxury Oahu vacation packages, hotel offers and special rates at Four Seasons Resort O‘ahu at Ko Olina. Book your perfect Ko Olina getaway today.",154,"oahu hotel vacation packages
oahu vacation packages",oahu resort offers,Oahu Resort Offers & Packages,Featured Offer,,1,Chris K,,
O'ahu at Ko Olina,2,2,2,2,Photos & Videos,Other,https://www.fourseasons.com/oahu/photos-and-videos/,200,Oahu Resort Photos & Videos | Four Seasons Oahu at Ko Olina,59,Four Seasons Resort Oahu at Ko Olina presents a collection of photos and videos of this exclusive five-star beach resort. Click to view.,136,"Oahu photos and videos
oahu resort photos and videos",,Photos & Videos,Resort Overview% Services & Amenities% Dining% Accommodations,,1,Chris K,,
O'ahu at Ko Olina,2,2,2,2,Christmas,Seasonal,https://www.fourseasons.com/oahu/seasonal/christmas/,200,Christmas in Oahu | Four Seasons Resort Oahu at Ko Olina,56,"This holiday season, escape the winter chill and indulge in the warm tropical haven of Oahu.",92,christmas in oahu,,Christmas in Oahu,,1,1,Chris K,,
O'ahu at Ko Olina,2,2,2,2,New Years,Seasonal,https://www.fourseasons.com/oahu/seasonal/new-year/,200,New Year's Eve in Oahu | Four Seasons Resort Oahu at Ko Olina,61,Celebrate the new year in paradise at Four Seasons Resort O'ahu at Ko Lina,74,oahu new years eve,thanksgiving in oahu,Thanksgiving in Oahu,,1,1,Chris K,,
O'ahu at Ko Olina,2,2,2,2,Thanksgiving,Seasonal,https://www.fourseasons.com/oahu/seasonal/thanksgiving/,200,Thanksgiving in Oahu | Four Seasons Resort Oahu at Ko Olina,59,Explore Thanksgiving and more holiday activities to celebrate the season at Four Seasons Hotel Resort Oahu Ko Olina.,116,oahu thanksgiving,,New Year in Oahu,,1,1,Chris K,,
O'ahu at Ko Olina,2,2,2,2,Family,Services & amenities,https://www.fourseasons.com/oahu/services-and-amenities/family/,200,Oahu Family Resort | Four Seasons Resort Oahu,45,"Whether travelling with toddlers or teens, our Oahu family resort makes for an easy escape suitable for your children and family.",129,oahu family resort,,Oahu Family Resort,"Kid-Friendly Services% Experience Oahu Together% Fun for the Entire Family% More Seasonal Activities% Complimentary Family Amenities% CONNECTIONS WITH FAMILY, CONNECTIONS WITH NATURE% A sampling of family activities include:% Sample Oahu Itinerary for Families",,,Chris K,,
O'ahu at Ko Olina,2,2,2,2,Spa & Wellness,"Weddings, Wellness & Dining",https://www.fourseasons.com/oahu/spa/,200,Oahu Spa | Ko Olina Luxury Spa | Four Seasons Resort Oahu,57,"Relax, recharge and rejuvenate at the hands of our wellness experts. Book a treatment today at our Oahu spa at Four Seasons Resort Oahu.",136,"oahu spa
ko olina spa","four seasons oahu spa
ko olina luxury spa",Oahu Spa% Oahu Spa% Oahu Spa,Spa Services% Naupaka Hair & Nail Boutique% Relaxation Experiences% Spa Hours,,1,Chris K,,
O'ahu at Ko Olina,2,2,2,2,Weddings,"Weddings, Wellness & Dining",https://www.fourseasons.com/oahu/weddings/,200,Oahu Weddings at Ko Olina Beach | Four Seasons Resort Oahu,58,Bring your Hawaiian wedding dream to life with the experienced team at Four Seasons Resort Oahu at Ko Olina Beach and create unforgettable memories!,148,"oahu weddings
ko olina wedding",,Oahu Weddings% Oahu Weddings,REAL WEDDING EXPERIENCES% WEDDING AND VOW RENEWAL SERVICES,,,Chris K,,
Orlando,3,3,3,3,Frontpage,Home,https://www.fourseasons.com/orlando/,200,Luxury Orlando Resort | Four Seasons at Walt Disney World® Resort,65,"Discover a luxury Orlando resort at Four Seasons near Walt Disney World®. Enjoy world-class dining, pools, spa and family fun in the heart of Central Florida.",158,orlando resort | walt disney world® resort,luxury orlando resort,Orlando at Walt Disney World® Resort% Orlando at Walt Disney World® Resort% Orlando at Walt Disney World® Resort% Orlando by Four Seasons,"Dreams Come True at Our Luxury Orlando Resort% Accommodations% Discover Orlando% Good Morning, Goofy!% #FSORLANDO",,,,,
Orlando,3,3,3,3,Accommodations,Accommodation,https://www.fourseasons.com/orlando/accommodations/,200,Hotel Suites in Orlando | Four Seasons Resort Orlando,53,"Discover luxury hotel suites in Orlando at Four Seasons Resort, offering spacious, family-friendly and romantic accommodations near Walt Disney World®. Book now.",161,"hotel suites in orlando | orlando accommodation 
",hotel rooms in orlando | luxury suites orlando,Orlando Accommodations,Resort Room% Golden Oak View Room% Lake View Room% Park View Room% Golden Oak View Suite% Lake View Deluxe Suite% Park View Suite% Park View Deluxe Suite% Ultimate Suites Experience & Top Floor Buy Out% Grand Suite% Presidential Suite% Royal Suite% Accessible Golden Oak View Room% Accessible Golden Oak View Suite% Safety% By Design,,,,,
Orlando,3,3,3,3,Dining,"Weddings, Wellness & Dining",https://www.fourseasons.com/orlando/dining/,200,Fine Dining Orlando | Orlando Restaurants | Four Seasons,56,"Savour Michelin-star dining, family-friendly restaurants, and vibrant bars at Four Seasons Orlando. Reserve now and elevate your culinary journey.",146, fine dining orlando | luxury restaurants orlando,michelin star restaurants orlando,Fine Dining Orlando% Fine Dining Orlando% Fine Dining Orlando,All Food and Drink% Events% Meet the Team,,,,,
Orlando,3,3,3,3,Brunch in Orlando,"Weddings, Wellness & Dining",https://www.fourseasons.com/orlando/dining/restaurants/brunch/,200,Brunch in Orlando | Plancha at Four Seasons Resort Orlando,58,"Enjoy brunch in Orlando with Latin-inspired dishes, lakeside views, and bottomless drinks at Plancha. Served weekends from 10am–4pm. Reservations recommended.",158,brunch in orlando | orlando brunch,,Brunch in Orlando at Plancha,HOURS% Menu% Signature Dishes% Highlights% Meet the Team% More Dining Options,1,,,,
Orlando,3,3,3,3,Experiences,Experiences,https://www.fourseasons.com/orlando/experiences/,200,Luxury Orlando Experiences at Four Seasons Resort Orlando,57,"Immerse yourself in Orlando experiences at Four Seasons Resort Orlando. Enjoy world‑class spa, golf, cultural tours and family adventures. Book now.",148,orlando experiences | things to do in orlando,,Experiences,Land Pursuits% Facilities & Services,,,,,
Orlando,3,3,3,3,Orlando Country Club,Other,https://www.fourseasons.com/orlando/landing-pages/property/golf-and-sports-club/,200,Orlando Country Club | Four Seasons Seasons Resort Orlando,58,"Discover Four Seasons Golf and Sports Club, a luxury Orlando country club with golf, tennis, fitness and wellness facilities for members and guests.",148,orlando country club,,An Orlando Country Club by Four Seasons,Learn More About Our Country Club,1,,,,
Orlando,3,3,3,3,Offers,Other,https://www.fourseasons.com/orlando/offers/,200,Orlando Resort Packages near Disney World | Four Seasons,56,Explore exclusive Orlando resort packages and special offers at Four Seasons Resort Orlando near Disney World. Book now for a memorable stay.,141,"orlando resort packages, orlando resorts offers",disney orlando packages,Orlando Resort Offers & Packages,Featured Offer,,,,,
Orlando,3,3,3,3,Photos & Videos,Other,https://www.fourseasons.com/orlando/photos-and-videos/,200,Orlando Resort Photos & Videos | Four Seasons at Walt Disney World,66,Four Seasons Resort Orlando at Walt Disney World presents a collection of photos and videos of this exclusive lakeside resort in the heart of Orlando.,150,orlando photos | orlando videos,,Photos & Videos,Resort Overview% Accommodations% Dining% Spa% Water Park,,,,,
Orlando,3,3,3,3,Experiences,Experiences,https://www.fourseasons.com/orlando/services-and-amenities/disney-experiences/,200,Disney Experiences at WALT DISNEY WORLD® with Four Seasons,58,"Disney experiences at Four Seasons Orlando at WALT DISNEY WORLD® Resort: Planning Center, transport and 30‑minute Early Theme Park Entry. Book now.",147,disney experiences,four seasons disney,Disney Experiences,Resort Highlights,,,,,
Orlando,3,3,3,3,Spa & Wellness,"Weddings, Wellness & Dining",https://www.fourseasons.com/orlando/services-and-amenities/wellness/,200,Health & Wellness | Four Seasons Resort Orlando at WALT DISNEY WORLD®,69,Four Seasons Resort Orlando at WALT DISNEY WORLD® Resort offers ways to amplify or maintain your wellness routine with options for active recreation and restorative relaxation.,176,wellness orlando,,Wellness,Health & Well-being% More to Discover,,,,,
Orlando,3,3,3,3,Orlando Water Park,Other,https://www.fourseasons.com/orlando/water-park/,200,Orlando Water Park | Four Seasons Resort Orlando Pools,54,"Discover the ultimate Orlando water park experience at Four Seasons, featuring a lazy river, family-friendly pools and outdoor movies. Book your stay today.",156,"orlando water park​ | orlando resorts with water park
",,Orlando Water Park at Four Seasons,Water Park% Highlights,,,,,
Orlando,3,3,3,3,Weddings,"Weddings, Wellness & Dining",https://www.fourseasons.com/orlando/weddings/,200,Orlando Weddings | Four Seasons Resort Orlando,46,Celebrate your Orlando wedding at Four Seasons. Explore our luxury Resort for an unforgettable celebration. Start planning your dream celebration now.,150,orlando weddings,,Orlando Weddings% Orlando Weddings,Real Orlando Wedding Experiences% Wedding and Vow Renewal Services,,,,,
Osaka,2,3,3,3,Frontpage,Home,https://www.fourseasons.com/osaka/,200,Osaka Luxury Hotel | Four Seasons Hotel Osaka,45,"Experience true luxury at Four Seasons Hotel Osaka, a new icon of style and comfort in the heart of Japan's vibrant commerce and cultural hub. Book today.",154,osaka luxury hotel | osaka hotel,osaka hotel city centre,Osaka% Osaka% Osaka% OSAKA BY FOUR SEASONS,Accommodations% Discover Osaka% Ultimate Tranquillity,,,Emi,,
Osaka,2,3,3,3,Accommodations,Accommodation,https://www.fourseasons.com/osaka/accommodations/,200,Luxury Osaka Accommodation | Four Seasons Hotel Osaka,53,"Discover luxury accommodations at Four Seasons Osaka, from spacious guest rooms to unique GENSUI Ryokan suites, all with stunning city views.",141,osaka hotel rooms | osaka suites,osaka accommodation,Osaka Accommodations,Superior Room% Deluxe Room% Premier Room% Premier Corner Room% Four Seasons Corner Room% Tatami Premier Room% Tatami Corner Suite% Tatami Premier Corner Suite% Grand Tatami Suite% Two-Bedroom Tatami Premier Corner Suite% Studio Suite% Corner Suite% Premier Corner Suite% Dojima Suite% Grand Osaka Suite% Presidential Suite% Two-Bedroom Premier Corner Suite% Two-Bedroom Grand Osaka Suite% Two-Bedroom Presidential Suite% Design & Features,,,Emi,,
Osaka,2,3,3,3,Dining,"Weddings, Wellness & Dining",https://www.fourseasons.com/osaka/dining/,200,Osaka Fine Dining | Four Seasons Hotel Osaka,44,"Experience Osaka fine dining at its peak with sushi, Cantonese cuisine, and cocktails on the 37th floor at Four Seasons Hotel Osaka.",132,osaka fine dining | osaka restaurants,,Osaka Fine Dining% Osaka Fine Dining% Osaka Fine Dining,All Food and Drink% Culinary Activities% MEET THE TEAM,,,Emi,,
Osaka,,,3,3,Afternoon Tea,"Weddings, Wellness & Dining",https://www.fourseasons.com/osaka/dining/restaurants/afternoon-tea/,,,,,,osaka afternoon tea,,,,,,,,
Osaka,2,3,3,3,Experiences,Experiences,https://www.fourseasons.com/osaka/experiences/,200,Four Seasons Hotels and Resorts | Luxury Hotels | Four Seasons | Experiences,76,Experiences,11,osaka experiences | things to do osaka,,Experiences,Aquatic Escapades,,,Emi,,
Osaka,2,3,3,3,Offers,Other,https://www.fourseasons.com/osaka/offers/,200,Osaka Hotel Offers & Packages | Four Seasons Hotel Osaka,56,"Discover Osaka hotel packages, special offers and vacation packages at Four Seasons Hotel Osaka. Enjoy luxury stays and exclusive experiences in Osaka.",151,osaka hotel offers | osaka hotel packages,,Osaka Hotel Offers & Packages,Featured Offer,,,Emi,,
Osaka,,,3,3,Chinese New Year,Other,https://www.fourseasons.com/osaka/seasonal/chinese-new-year/,,,,,,chinese new year osaka,,,,,,,,
Osaka,,,3,3,Festive,Other,https://www.fourseasons.com/osaka/seasonal/festive/,,,,,,christmas osaka | new year osaka,,,,,,,,
Osaka,,,3,3,Cherry Blossom,Other,https://www.fourseasons.com/osaka/seasonal/sakura-season/,,,,,,cherry blossom osaka | cherry blossom season osaka,,,,,,,,
Osaka,,,3,3,Couples,Other,https://www.fourseasons.com/osaka/services-and-amenities/couples/,,,,,,romantic hotels in osaka,,,,,,,,
Osaka,,,3,3,Family,Other,https://www.fourseasons.com/osaka/services-and-amenities/family/,,,,,,osaka family hotel | family friendly hotel osaka,,,,,,,,
Osaka,2,3,3,3,Spa & Wellness,"Weddings, Wellness & Dining",https://www.fourseasons.com/osaka/spa/,200,Osaka Spa and Wellness | Four Seasons Hotel Osaka,49,Experience ultimate relaxation at The Spa at Four Seasons Hotel Osaka with luxurious treatments and traditional Japanese ofuros for a serene escape.,148,osaka spa,,Osaka Spa and Wellness,Hours%  Minimum Age Requirements% Favourites% Osaka Spa Services% Osaka Wellness Services% Events & Promotions% Relaxation Experiences,,,Emi,,
Osaka,2,3,3,3,Weddings,"Weddings, Wellness & Dining",https://www.fourseasons.com/osaka/weddings/,200,Osaka Weddings | Four Seasons Hotel Osaka,41,"Host your dream Osaka wedding at Four Seasons Hotel Osaka. Stunning venues, personalized services, and breathtaking views for an unforgettable celebration.",155,osaka weddings,,Osaka Weddings% Osaka Weddings,Authentic Wedding Experiences% Wedding Services,,,Emi,,
Osaka,,,3,3,Wedding Venues,"Weddings, Wellness & Dining",https://www.fourseasons.com/osaka/weddings/venues/,,,,,,osaka wedding venues,,,,,,,,
Palm Beach,2,2,2,2,Frontpage,Home,https://www.fourseasons.com/palmbeach/,200,Luxury Palm Beach Resort | Four Seasons Resort Palm Beach,57,"Experience a luxury Palm Beach resort on the oceanfront with fine dining, spa, pools and private beach access at Four Seasons Resort Palm Beach. Book now.",154,palm beach resort,"palm beach luxury hotels, palm beach hotels on the beach",Palm Beach% Palm Beach% Palm Beach% Palm Beach By Four Seasons,Palm Beach Luxury Resort on the Island’s Best Beach% Accommodations% Discover Palm Beach% THE ISLAND’S MOST EXPANSIVE BEACH% #FSPALMBEACH,,,Jon,,
Palm Beach,2,2,2,2,Accommodations,Accommodation,https://www.fourseasons.com/palmbeach/accommodations/,200,Hotel Suites West Palm Beach | Four Seasons Resort Palm Beach,61,Four Seasons Resort Palm Beach invites guests to embrace the Palm Beach lifestyle in any of our exceptionally spacious guest rooms and suites.,142,hotel suites west palm beach,,Palm Beach Accommodations,Ocean-View Cabana Terrace Room% Cabana Terrace Room% Ocean-View Room% Resort-View Room% Palm-View Room% Oceanfront One-Bedroom Suite% Ocean-View Studio Suite% Sea Breeze Suite% Providencia Suite% Ocean Terrace Suite% Ocean-View Accessible Room% Palm-View Accessible Room% Ocean Terrace Accessible Suite% Interior Design,,,Jon,,
Palm Beach,2,2,2,2,Dining,"Weddings, Wellness & Dining",https://www.fourseasons.com/palmbeach/dining/,200,Fine Dining West Palm Beach | Four Seasons Resort Palm Beach,60,"Four Seasons Resort Palm Beach offers a variety of fine dining options from  tropical influenced fare to modern Italian cuisine, chic poolside dining and more.",159,"dining in palm beach florida, fine dining palm beach",palm beach restaurants,Fine Dining Palm Beach% Fine Dining Palm Beach% Fine Dining Palm Beach,All Food and Drink% Culinary Activities,,,Jon,,
Palm Beach,2,2,2,2,Experiences,Experiences,https://www.fourseasons.com/palmbeach/experiences/,200,Palm Beach Experiences | Four Seasons Resort Palm Beach,55,"Explore Palm Beach experiences at Four Seasons Resort Palm Beach: oceanfront spa, pools, tennis, biking, cultural outings and family activities. Book now.",154,palm beach experiences,,Experiences,Facilities & Services% Land Pursuits% Local Experiences,,,Jon,,
Palm Beach,2,2,2,2,Offers,Other,https://www.fourseasons.com/palmbeach/offers/,200,West Palm Beach Hotel Deals | Four Seasons Palm Beach,53,"Discover unbeatable West Palm Beach hotel deals. Enjoy exclusive offers, discounts and packages for a perfect stay. Book now for a memorable experience.",152,"palm beach vacation packages, palm beach hotel offers",,Palm Beach Resort Offers & Packages,Featured Offer,,,Jon,,
Palm Beach,2,2,2,2,Photos & Videos,Other,https://www.fourseasons.com/palmbeach/photos-and-videos/,200,Four Seasons Resort Palm Beach | Featured Images & Video,56,"Four Seasons Resort Palm Beach invites you to view our picture & video overview of the resorts luxury accommodations, lavish amenities, fine dining & more.",155,four seasons palm beach photos,,Photos and Videos,Hotel Overview% Services and Amenities% Accommodations% Dining,,,Jon,,
Palm Beach,,2,2,2,New Year's Eve,Other,https://www.fourseasons.com/palmbeach/seasonal/new-year/,200,Palm Beach New Year’s Eve 2025 | Four Seasons Palm Beach,56,"Ring in New Year’s Eve 2025 in Palm Beach with an beachfront stay, festive dining, seasonal events and luxury celebrations at Four Seasons Resort Palm Beach.",157,palm beach new year's eve,,Palm Beach New Year's Eve 2025,Poolside,,,Jon,,
Palm Beach,2,2,2,2,Spring Break,Other,https://www.fourseasons.com/palmbeach/seasonal/spring-break/,,,,,,palm beach spring break,,,,1,,Jon,,
Palm Beach,2,2,2,2,Valentine's Day,Other,https://www.fourseasons.com/palmbeach/seasonal/valentines-day/,,,,,,valentine's day palm beach,,,,1,,Jon,,
Palm Beach,2,2,2,2,Spa & Wellness,"Weddings, Wellness & Dining",https://www.fourseasons.com/palmbeach/spa/,200,Palm Beach Spa | Spa near West Palm Beach | Four Seasons,56,The Spa at Four Seasons Resort Palm Beach offers a variety of massages and spa treatments in a chic sanctuary that reflects the glamour of Palm Beach.,150,palm beach spa,palm beach day spa,Palm Beach Spa,HOURS% Favourites% Spa Services% Events% Relaxation Experiences,,Changed on Dec 4th,Jon,,
Palm Beach,2,2,2,2,Weddings,"Weddings, Wellness & Dining",https://www.fourseasons.com/palmbeach/weddings/,200,Palm Beach Wedding | Four Seasons Resort Palm Beach,51,"Four Seasons Resort Palm Beach offers an unforgettable wedding experience featuring gorgeous venues, exclusive packages, professional planning & more.",150,"palm beach wedding, palm beach wedding venues",palm beach wedding packages,Palm Beach Weddings% Palm Beach Weddings,Wedding and Vow Renewal Services,,,Jon,,
Palo Alto,1,1,1,1,Frontpage,Home,https://www.fourseasons.com/siliconvalley/,200,Palo Alto Luxury Hotel Near Stanford | Four Seasons Silicon Valley,66,"Four Seasons Hotel Silicon Valley at Palo Alto is perfectly located near Stanford, Meta headquarters and Google Mountain View. Book your luxury stay today.",155,palo alto hotels | luxury hotels in palo alto,family hotel Silicon valley | 5 star hotels in palo alto,Silicon Valley at East Palo Alto% Silicon Valley at East Palo Alto% Silicon Valley at East Palo Alto% Silicon Valley by Four Seasons,Your Ultimate Silicon Valley Retreat Near Stanford and Top Tech Destinations% Accommodations% Discover Silicon Valley% Craft Cocktails at Quattro Bar,,,,,
Palo Alto,1,1,1,1,Accommodations,Accommodation,https://www.fourseasons.com/siliconvalley/accommodations/,200,Palo Alto Luxury Hotel Suites & Rooms | Four Seasons Silicon Valley,67,Four Seasons Hotel Silicon Valley offers a variety of luxury suites and rooms combining timeless elegance with thoughtful design & state-of-the-art technology.,159,hotel suites Silicon valley | luxury suites Siliconvalley,accommodation in silicon valley | luxury guest rooms Silicon valley,Palo Alto Accommodations,Presidential Suite% Silicon Valley Signature Suite% Premier One-Bedroom Suite% Deluxe One-Bedroom Suite% Superior One-Bedroom Suite% Premier Room% Deluxe Room% Superior Room% Deluxe Accessible Mobility Room% Deluxe Accessible Room% Deluxe Hearing-Accessible Room% Superior Accessible Mobility Room% Superior Accessible Room with Roll-in Shower% Superior Hearing-Accessible Room,,,,,
Palo Alto,1,1,1,1,Dining,"Weddings, Wellness & Dining",https://www.fourseasons.com/siliconvalley/dining/,200,Fine Dining Palo Alto | Restaurant & Bar | Four Seasons Silicon Valley,70,"Four Seasons Silicon Valley offers an array of options for fine dining in Palo Alto including contemporary cuisine, innovative desserts, cocktails and more.",156,fine dining Silicon valley | Siliconvalley restaurants,italian restaurant silicon valley | romantic restaurant Silicon valley,Palo Alto Fine Dining% Palo Alto Fine Dining% Palo Alto Fine Dining,All Food and Drink% The Team,,,,,
Palo Alto,1,1,1,1,Offers,Other,https://www.fourseasons.com/siliconvalley/offers/,200,Palo Alto Vacation Packages | Four Seasons Hotel Silicon Valley,63,"Explore Palo Alto vacation packages at Four Seasons Hotel Silicon Valley. Enjoy extended luxury stays, special rates, signature breakfasts and more.",148,,,Palo Alto Hotel Offers & Packages,Featured Offer,,,,,Empty field
Palo Alto,1,1,1,1,Photos & Videos,Other,https://www.fourseasons.com/siliconvalley/photos-and-videos/,200,Palo Alto Hotel Pictures & Videos | Silicon Valley | Four Seasons Hotel,71,Four Seasons Hotel Silicon Valley presents a photo and video collection of this spacious luxury hotel in the heart of East Palo Alto.,133,,,Photos & Videos,Hotel Overview% Accommodations% Dining% Spa and Pool,,,,,Empty field
Palo Alto,1,1,1,1,Spa & Wellness,"Weddings, Wellness & Dining",https://www.fourseasons.com/siliconvalley/spa/,200,Palo Alto Spa | Massage & Facials | Four Seasons Silicon Valley,63,"Four Seasons Palo Alto at Silicon Valley offers a range of luxurious spa treatments and therapies from massages to facials, manicures, pedicures and more.",154,luxury spa Silicon valley | palo alto spa,massages Silicon valley | massage palo alto,Palo Alto Spa,Hours% Favourites% Spa Services% Relaxation Experiences,,,,,
Palo Alto,1,1,1,1,Weddings,"Weddings, Wellness & Dining",https://www.fourseasons.com/siliconvalley/weddings/,200,Palo Alto Wedding | Four Seasons Hotel Silicon Valley,53,"Four Seasons Hotel Silicon Valley invites you to celebrate your love at our centrally located urban oasis, featuring the finest venues, menus, amenities & more.",160,,,Silicon Valley Weddings% Silicon Valley Weddings,Real Wedding Experiences% Wedding and Vow Renewal Services,,,,,Empty field
Paris,2,2,3,3,Frontpage,Home,https://www.fourseasons.com/paris/,200,"Luxury Hotel Paris | Five-Star | Four Seasons Hotel George V, Paris",67,"Four Seasons Hotel George V, Paris offers luxury accommodations, Michelin-starred dining, a Spa and more in an art deco landmark just off the Champs-Elysees.",157,luxury hotel paris,,Paris% Paris% Paris% Paris By Four Seasons,An Art Deco Landmark Starring Iconic Views and Michelin-starred Dining% Paris Accommodations% Discover Paris% Culinary Excellence% #FSGEORGEVPARIS,,,Alina Ghost,,
Paris,2,2,3,3,Accommodations,Accommodation,https://www.fourseasons.com/paris/accommodations/,200,Paris Hotel Suites & Accommodations | Luxury Rooms | Four Seasons Hotel,71,"Four Seasons Hotel George V, Paris offers 243 luxury guest rooms & suites featuring unique architectural details, Parisian features & Eiffel Tower views.",153,paris hotel suites,,"Paris Accommodations, Hotel Rooms & Suites",Premier Room% Deluxe Room% Superior Room% Executive Suite% Deluxe Suite% Duplex Suite City View% Premier Suite% Grand Premier Suite% Parisian Suite% Eiffel Tower Suite% Eiffel Parisian Suite% Presidential Suite% The Penthouse% Royal Suite,,,Alina Ghost,,
Paris,2,2,3,3,Dining,"Weddings, Wellness & Dining",https://www.fourseasons.com/paris/dining/,200,Fine Dining Paris Restaurants & Bar | Michelin-Starred Restaurants,66,"If you’re looking for a Paris hotel restaurant, then experience fine dining in Paris at our Four Seasons hotel. Try our Michelin-starred restaurants today.",155,fine dining paris,,Fine Dining Paris% Fine Dining Paris% Fine Dining Paris,All Food and Drink% Culinary Activities% The Team,,,Alina Ghost,,
Paris,2,2,3,3,Experiences,Experiences,https://www.fourseasons.com/paris/experiences/,200,Four Seasons Hotels and Resorts | Luxury Hotels | Four Seasons | Experiences,76,Experiences,11,Paris experiences,,Experiences,,,,Alina Ghost,,
Paris,2,2,3,3,Offers,Other,https://www.fourseasons.com/paris/offers/,200,Paris Hotel Offers & Packages | Four Seasons Hotel George V,59,Discover a variety of luxury hotel offers and packages. Experience the best of Parisian hospitality at this luxurious landmark hotel.,133,paris hotel offers,,Paris Hotel Offers & Packages,Featured Offer,,,Alina Ghost,,
Paris,2,2,3,3,Photos & Videos,Other,https://www.fourseasons.com/paris/photos-and-videos/,200,Paris Luxury Hotel Photos & Videos | Four Seasons Hotel George V,64,"Four Seasons Hotel George V, Paris presents a collection of photos and videos of this luxurious landmark property just off the Champs-Élysées.",142,paris hotel photos,,Photos & Videos,Hotel Overview% Accommodations% Dining,,,Alina Ghost,,
Paris,2,2,3,3,Spa & Wellness,"Weddings, Wellness & Dining",https://www.fourseasons.com/paris/spa/,200,Luxury Spa Hotel Paris | Massages & Treatments | Four Seasons Hotel Paris,73,"The Spa at Four Seasons Hotel George V, Paris offers a menu of luxurious spa services, including body and facial treatments, massages and salon services.",153,hotel and spa paris | spa hotel paris,,Spa Hotel in Paris% Spa Hotel in Paris% Spa Hotel in Paris,Featured Experience% Treatments% Beauty Services & Fitness% Wellness Facilities% Retail Boutique% HOURS,,,Alina Ghost,,
Paris,2,2,3,3,Weddings,"Weddings, Wellness & Dining",https://www.fourseasons.com/paris/weddings/,200,"Paris Wedding | Four Seasons Hotel George V, Paris",50,Experience an unforgettable Paris wedding at Four Seasons Hotel George V and bring your dream celebration to life in the most romantic city in the world.,153,paris wedding,,Paris Weddings% Paris Weddings,Real Wedding Experiences in Paris% Wedding and Vow Renewal Services,,,Alina Ghost,,
Philadelphia at Comcast Center,1,1,3,3,Frontpage,Home,https://www.fourseasons.com/philadelphia/,200,Four Seasons Hotel Philadelphia | Luxury Downtown Hotel,55,"Soaring high above the city skyline, Four Seasons Philadelphia at Comcast center offers luxury accommodations with uninhibited views of the city and more.",154,"hotel in Philadelphia, luxury hotels in Philadelphia",hotels in center city Philadelphia,Philadelphia at Comcast Center% Philadelphia at Comcast Center% Philadelphia at Comcast Center% Philadelphia by Four Seasons,Accommodations% Discover Philadelphia% EPICENTRE OF CULINARY EXCELLENCE% #FSPHILADELPHIA,,,,,
Philadelphia at Comcast Center,1,1,3,3,Accommodations,Accommodation,https://www.fourseasons.com/philadelphia/accommodations/,200,Downtown Philadelphia Rooms & Suites | Luxury Hotel | Four Seasons,66,Peruse our elegant and spacious rooms & suites boasting luxury amenities with stunning views located in the heart of City Centre at Four Seasons Philadelphia.,158,"hotel suites philadelphia, hotel rooms in philadelphia",,Philadelphia at Comcast Centre Accommodations,Premier Cityscape Room% Premier Landmark Room% Grand Cityscape Room% Grand Landmark Room% Sky Garden Room% Grand Sky Garden Room% Premier Landmark Suite% Landmark Suite% Landmark Corner Suite% Cityscape Suite% Sky Garden Suite% Skyline Corner Suite% Sky Terrace Suite% Presidential Suite% Sky Terrace Penthouse Suite% Grand Landmark Accessible Room% Premier Landmark Accessible Room% Sky Garden Accessible Room% Landmark Accessible Suite% Skyline Corner Accessible Suite% By Design,,,,,
Philadelphia at Comcast Center,1,1,3,3,Dining,"Weddings, Wellness & Dining",https://www.fourseasons.com/philadelphia/dining/,200,Fine Dining Philadelphia | Four Seasons Philadelphia,52,Indulge in Michelin starred cuisine from Jean-Georges restaurant & SkyHigh or James Beard award winning dining at our Vernick Fish restaurant.,142,fine dining philadelphia,,Philadelphia Fine Dining% Philadelphia Fine Dining% Philadelphia Fine Dining,All Food and Drink% Culinary Activities% Prix Fixe Menu% Events% included% Meet The Team,,,,,
Philadelphia at Comcast Center,1,1,3,3,Experiences,Experiences,https://www.fourseasons.com/philadelphia/experiences/,200,Four Seasons Hotels and Resorts | Luxury Hotels | Four Seasons | Experiences,76,Experiences,11,,,Experiences,Local Experiences,,,,,Empty field
Philadelphia at Comcast Center,1,1,3,3,Offers,Other,https://www.fourseasons.com/philadelphia/offers/,200,Philadelphia Vacation and Hotel Packages | Four Seasons,55,Enjoy unparalleled luxury and sophistication with carefully curated vacation and hotel packages from Four Seasons while exploring iconic Philadelphia.,150,,,Philadelphia Hotel Offers & Packages,Featured Offer,,,,,Empty field
Philadelphia at Comcast Center,1,1,3,3,Photos & Videos,Other,https://www.fourseasons.com/philadelphia/photos-and-videos/,200,Photos and Video | Four Seasons Hotel at Comcast Center,55,View the latest photos & videos of the luxurious Four Seasons Hotel Philadelphia at Comcast Center and see all the splendor that awaits you on your next visit.,159,,,Photos & Videos,Hotel Overview% Accommodations% Dining% Spa and Salon,,,,,Empty field
Philadelphia at Comcast Center,1,1,3,3,Spa & Wellness,"Weddings, Wellness & Dining",https://www.fourseasons.com/philadelphia/spa/,200,Spa in Center City | Massages | The Spa at Four Seasons Philadelphia,68,Indulge yourself at the Spa & Wellness Centre at Four Seasons Hotel Philadelphia boasting an array of rejuvenating & pampering spa treatments and more.,151,spa in philadelphia| luxury spa philadelphia,massage philadelphia,Philadelphia Spa,Hours% Favourites% Spa Services% Salon Services% Spa Dining Menu% Relaxation Experiences,,,,,
Philadelphia at Comcast Center,1,1,3,3,Weddings,"Weddings, Wellness & Dining",https://www.fourseasons.com/philadelphia/weddings/,200,Philadelphia Weddings | Four Seasons Hotel at Comcast Center,60,"Let us take your wedding to undreamt heights offering elegant venues, award wining cuisine and impeccable planning services at Four Seasons Philadelphia.",153,philadelphia wedding,,Philadelphia Weddings% Philadelphia Weddings,Real Wedding Experiences% Wedding and Vow Renewal Services,,,,,
Prague,2,2,3,3,Frontpage,Home,https://www.fourseasons.com/prague/,200,Luxury 5-Star Hotel in Prague’s Old Town | Four Seasons,55,Four Seasons Hotel Prague interweaves centuries of remarkable history with elegant 5-star accommodations and fine dining with Charles Bridge views near Old Town Square in Prague.,178,"5-star hotel in prague,luxury hotel prague","hotel prague old town,hotels near charles bridge prague",Prague% Prague% Prague% Prague by Four Seasons,"A Luxury Riverside 5-Star Hotel in Prague’s Old Town% Accommodations% Discover Prague% Ultimate Relaxation at Our City Centre Hotel Spa% Riverside Villa, Your private retreat by the Vltava River% #FSPRAGUE",,,Darren,,
Prague,2,2,3,3,Accommodations,Accommodation,https://www.fourseasons.com/prague/accommodations/,200,Luxury Suites & Accommodations in Prague Old Town | Four Seasons Hotel Prague,77,Four Seasons Hotel Prague offers 157 Old Town luxury suites and accommodations that balance modern amenities with interior décor inspired by historic Czech eras.,161,"luxury suites prague,luxury rooms prague","accommodation prague old town,prague accommodation,",Luxury Suites & Rooms in Prague,"Premier River Room% Grand Renaissance Room% Deluxe Room% Superior Room% Modern Room% River Suite% Duplex Suite With Vltava River View% Duplex Suite With Balcony% Renaissance Suite% Charles Bridge Presidential Suite% Prague Castle Presidential Suite% Royal Suite% Riverside Villa% Four Seasons Hotel Prague, by Design",,,Darren,,
Prague,2,2,3,3,Dining,"Weddings, Wellness & Dining",https://www.fourseasons.com/prague/dining/,200,Fine Dining Prague Restaurants with a View | Four Seasons Prague,64,"Four Seasons Hotel Prague offers fine dining in the heart of Old Town Prague through romantic restaurants with a view of Prague, set on the iconic Vltava River.",160,"fine dining Prague,prague restaurants",Prague restaurants with a view ,Fine Dining Prague% Fine Dining Prague% Fine Dining Prague,Where Cuisine Meets Prague’s Finest Views% All Food and Drink% the Team,,,Darren,,
Prague,2,2,3,3,Brunch,Other,https://www.fourseasons.com/prague/dining/restaurants/brunch/,200,Brunch in Prague Old Town | Four Seasons Hotel Prague,53,Experience la dolce vita at CottoCrudo with a lavish Italian Sunday brunch in Prague amid stunning views of the Old Town. Book now.,131,"Brunch in Prague,sunday brunch prague",Prague old town brunch,Sunday Brunch in Prague,Hours% Menus% Four Seasons Prague Brunch Signatures% Brunch Highlights% More Dining Options,1,,Darren,,
Prague,2,2,3,3,Experiences,Experiences,https://www.fourseasons.com/prague/experiences/,200,Unique Experiences in Prague | Four Seasons Prague,50,"Explore unique experiences in Prague with Four Seasons. From private tours to exclusive river cruises, discover unforgettable ways to immerse yourself in the city’s culture and history. Book your personalized Prague adventure today!",232,"unique experiences prague,private tours",,Experiences,Local Experiences% Aquatic Escapades,,,Darren,,
Prague,2,2,3,3,Offers,Other,https://www.fourseasons.com/prague/offers/,200,Prague Hotel Packages & Offers | Four Seasons Prague,52,Discover exclusive Prague hotel offers and packages at Four Seasons. Experience luxury with our specially designed packages that highlight the best of Prague.,158,"prague hotel packages, prague hotel offers","prague hotel special offer,prague vacation packages",Prague Hotel Offers & Packages,Featured Offer,,,Darren,,
Prague,2,2,3,3,Photos & Videos,Other,https://www.fourseasons.com/prague/photos-and-videos/,200,Prague Hotel Photos & Videos | Four Seasons Hotel Prague,56,Four Seasons Hotel Prague presents a collection of photos and videos of this architectural wonder in the heart of vibrant Old Town Prague.,138,prague hotel photos,,Photos & Videos,Hotel Overview% Accommodations% Dining% Spa,,,Darren,,
Prague,2,2,3,3,Christmas,Seasonal,https://www.fourseasons.com/prague/seasonal/christmas/,200,Christmas in Prague | Things to Do in Prague at Christmas,57,"Experience the magic of Christmas in Prague at our Four Seasons Hotel. Delight in festive luxury with enchanting decorations, seasonal dining and unforgettable holiday events in the heart of Prague. Discover our exclusive Christmas offerings and make this holiday season truly memorable.",287,Christmas in Prague,"christmas dinner prague, things to do in prague at christmas, ",Christmas in Prague,Join Us for the Holidays% Menus% Christmas Hotel Highlights% included,1,,,,
Prague,2,2,3,3,Christmas Markets,Seasonal,https://www.fourseasons.com/prague/seasonal/christmasmarkets/,200,Explore Prague’s Christmas Markets with Four Seasons Hotel,58,"Immerse yourself in the charm of Prague’s Christmas Markets with our Four Seasons Hotel. Discover a winter wonderland filled with festive stalls, local crafts and seasonal treats, all just steps away from our luxurious accommodations. Experience the magic of Prague’s holiday season like never before.",301,Prague Christmas Markets,,,Christmas Market Details% From Local Handicrafts to Culinary Treats,1,,,,
Prague,2,2,3,3,New Year,Seasonal,https://www.fourseasons.com/prague/seasonal/new-year/,200,New Year's Eve Prague 25/26 | Four Seasons Hotel Prague,55,Celebrate New Year's Eve 2025/26 at Four Seasons Hotel Prague. Book now to enjoy a luxury hotel stay in the heart of Old Town with sparkling celebrations to start the new year.,176,"new years prague, new years eve prague","new years eve prague, prague new years eve dinner, new years eve party prague, New years eve prague restaurants",New Year’s in Prague,New Year’s Menus% New Year’s Eve Highlights% included,1,,,,
Prague,2,2,3,3,Valentines,Other,https://www.fourseasons.com/prague/seasonal/valentines-day/,,,,,,valentines day prague,,,,1,,Darren,,
Prague,2,2,3,3,Couples,Other,https://www.fourseasons.com/prague/services-and-amenities/couples-experiences/,200,Romantic Hotel Getaway | Things to Do in Prague for Couples | Four Seasons Prague,81,"Let Four Seasons plan the most romantic things for you and your partner to do in Prague. From a private river tour to a romantic sunset dinner on our terrace, we can help you plan the perfect getaway to the Golden City.",219,"Romantic Things to do in Prague,things to do in prague for Couples",romantic hotels prague,A Romantic Getaway: Things to do in Prague for Couples,Romantic Activities in Prague for Couples% Romantic Dining in Prague for Couples% Romantic Highlights at Four Seasons Hotel Prague,1,,Darren,,
Prague,2,2,3,3,Spa & Wellness,"Weddings, Wellness & Dining",https://www.fourseasons.com/prague/spa/,200,Luxury Spa Hotel in Prague | Massages & Facials | Four Seasons Hotel Prague,75,"AVA Spa at Four Seasons Hotel Prague is a modern European spa offering a menu of treatments, combining local traditions with the latest in luxury pampering.",156,"spa prague,spa hotel prague",,Prague Spa,HOURS% Favourites% Spa Services% Wellness Services% Events% Relaxation Experiences,,,Darren,,
Prague,2,2,3,3,Weddings,"Weddings, Wellness & Dining",https://www.fourseasons.com/prague/weddings/,200,Prague Wedding Hotel | Four Seasons Hotel Prague,48,"Set within Prague's Old Town, along the Vltava River and fit for a fairy-tale wedding, Four Seasons Wedding Hotel Prague offers elegant indoor ballrooms and outdoor terraces with stunning castle views.",201,prague weddings,wedding hotel Prague,Prague Weddings% Prague Weddings,Real Wedding Experiences% Wedding & Vow Renewal Services,,,Darren,,
Puerto Rico,,,2,2,Frontpage,Home,https://www.fourseasons.com/puertorico/,#N/A,#N/A,#N/A,#N/A,#N/A,"puerto rico luxury resort, puerto rico resort",,#N/A,#N/A,,,Chris K,,
Puerto Rico,,,2,2,Dining,"Weddings, Wellness & Dining",https://www.fourseasons.com/puertorico/dining/,#N/A,#N/A,#N/A,#N/A,#N/A,fine dining puerto rico,dinner on the beach puerto rico,#N/A,#N/A,,,Chris K,,
Puerto Rico,,,2,2,Experiences,Experiences,https://www.fourseasons.com/puertorico/golf/,#N/A,#N/A,#N/A,#N/A,#N/A,golf resort puerto rico,puerto rico golf vacations,#N/A,#N/A,,,Chris K,,
Puerto Rico,,,2,2,Offers,Other,https://www.fourseasons.com/puertorico/offers/,#N/A,#N/A,#N/A,#N/A,#N/A,"puerto rico packages, puerto rico offers",,#N/A,#N/A,,,Chris K,,Empty field
Puerto Rico,,,2,2,Photos & Videos,Other,https://www.fourseasons.com/puertorico/photos-and-videos/,#N/A,#N/A,#N/A,#N/A,#N/A,puerto rico photos ,,#N/A,#N/A,,,Chris K,,Empty field
Puerto Rico,,,2,2,Spa & Wellness,"Weddings, Wellness & Dining",https://www.fourseasons.com/puertorico/spa/,#N/A,#N/A,#N/A,#N/A,#N/A,spa resort puerto rico,spa puerto rico,#N/A,#N/A,,,Chris K,,
Puerto Rico,,,2,2,Private Retreats,Private Retreats,https://www.fourseasons.com/puertorico/villa-residence-rentals/,#N/A,#N/A,#N/A,#N/A,#N/A,puerto rico vacation villas,puerto rico vacation rentals,#N/A,#N/A,,,Chris K,,
Puerto Rico,,,2,2,Weddings,"Weddings, Wellness & Dining",https://www.fourseasons.com/puertorico/weddings/,#N/A,#N/A,#N/A,#N/A,#N/A,puerto rico wedding,wedding in puerto rico,#N/A,#N/A,,,Chris K,,
Punta Mita,2,2,2,2,Frontpage,Home,https://www.fourseasons.com/puntamita/,200,Punta Mita Luxury 5-Star Resort in Mexico | Four Seasons,56,"Enjoy a luxury getaway at Four Seasons Resort Punta Mita, a 5-star resort in Mexico surrounded by Riviera Nayarit’s turquoise waters and white-sand beaches.",156,punta mita resorts | punta mita resorts 5-star,,Punta Mita% Punta Mita% Punta Mita% PUNTA MITA BY FOUR SEASONS,Open your soul to the heart of Mexico% Accommodations% Discover Punta Mita% Blend Your own Tequila% #FSPUNTAMITA,,,Shruti,,
Punta Mita,2,2,2,2,Accommodations,Accommodation,https://www.fourseasons.com/puntamita/accommodations/,200,"Punta Mita Luxury Villas & Suites | Four Seasons Resort, Mexico",63,"Enjoy a luxury stay at the beachfront accommodations of Four Seasons Resort Punta Mita near Puerto Vallarta with family suites, villas and beach houses.",152,punta mita luxury villas | punta mita suites,,Punta Mita Accommodations,Ocean Plunge Pool Suite (Two Bedroom)% Garden Plunge Pool Suite (Two Bedroom)% Oceanfront Plunge Pool Suite% Ocean Plunge Pool Suite (One Bedroom)% Garden Plunge Pool Suite (One Bedroom)% Oceanfront Plunge Pool Casita% Oceanfront Casita% Ocean Casita% Garden Casita% Two-Bedroom Family Casita% Invierno Ocean-View Villa | Five Bedroom% Luna Ocean-View Villa | Four Bedroom% Otoño Ocean-View Villa | Four Bedroom% Verano Ocean-View Villa | Four Bedroom% Primavera Ocean-View Villa | Four Bedroom% Ocean Penthouse | Four Bedroom% Ocean Residence | Three Bedroom% Cielo Oceanfront Villa | Five Bedroom% Sol Oceanfront Villa | Five Bedroom% Arena Beach House | Five Bedroom% Coral Beach House | Five Bedroom% Marea Beach House | Four Bedroom% Casa Tesoro% Ocean-View Bungalow% Ocean-View Grand Bungalow% REIMAGINED SPACES,,,Shruti,,
Punta Mita,2,2,2,2,Couples,Other,https://www.fourseasons.com/puntamita/couples/,200,Romantic Getaway in Mexico | Four Seasons Resort Punta Mita,59,Escape to Four Seasons Resort Punta Mita for a romantic getaway in Mexico. An ideal destination for couples golf vacations and romantic beachside moments.,154,romantic getaway in mexico,,,included% Resort Highlights,,,,,
Punta Mita,2,2,2,2,Dining,"Weddings, Wellness & Dining",https://www.fourseasons.com/puntamita/dining/,200,Punta Mita Restaurants and Beachfront Dining | Four Seasons,59,"Indulge in beachfront dining at Four Seasons Punta Mita restaurants. Enjoy fresh seafood, modern Mexican cuisine and cocktails at our restaurants and bars.",155,punta mita restaurants,,Fine Dining Restaurants in Punta Mita% Fine Dining Restaurants in Punta Mita% Fine Dining Restaurants in Punta Mita,All Food and Drink% Meet the Team,,,Shruti,,
Punta Mita,2,2,2,2,Experiences,Experiences,https://www.fourseasons.com/puntamita/experiences/,200,Punta Mita Experiences and Activities | Four Seasons Resort,59,"Explore unique activities, local experiences and tropical adventures at Four Seasons Resort Punta Mita, close to Sayulita and Puerto Vallarta in Mexico.",152,punta mita experiences,,Experiences,Aquatic Escapades% Land Pursuits% Local Experiences% Airborne Adventures,,,Shruti,,
Punta Mita,2,2,2,2,Experiences,Experiences,https://www.fourseasons.com/puntamita/golf/,200,Punta Mita Golf Course Mexico​ | Pacifico & Bahia Golf Courses,62,"Unlock exclusive access to the world's top private golf courses in Mexico, Pacifico and Bahia, at Four Seasons Resort Punta Mita, for a luxury golf vacation.",157,punta mita golf,,Punta Mita Golf,Hours% The Courses% Golf Experiences% Services & Amenities% More Services & Amenities% Pricing% HIGH SEASON (NOVEMBER 1–MAY 31)% LOW SEASON (JUNE 1–OCTOBER 31)% PRACTICE FEES AND RENTALS,,,Shruti,,
Punta Mita,2,2,2,2,Offers,Other,https://www.fourseasons.com/puntamita/offers/,200,Punta Mita Resort Packages & Special Offers | Four Seasons,58,"Discover Punta Mita resort packages with luxury stays, dining and exclusive experiences for an unforgettable stay in our Mexican paradise.",138,punta mita packages,punta mita hotel special offers,Punta Mita Vacation Packages,Featured Offer,,,Shruti,,
Punta Mita,2,2,2,2,Photos & Videos,Other,https://www.fourseasons.com/puntamita/photos-and-videos/,200,Punta Mita Resort Photos & Videos | Puerto Vallarta | Four Seasons,66,Four Seasons Resort Punta Mita  offers a photo and video collection of this luxury retreat nestled on the southwest point of Mexico's Riviera Nayarit.,150,punta mita photos | punta mita videos,pictures of punta mita mexico,Photos & Videos,Resort Overview% Dining% Accommodations% Villa & Residence Rentals,,,Shruti,,
Punta Mita,2,2,2,2,Seasonal,Other,https://www.fourseasons.com/puntamita/seasonal/,200,Christmas and New Year Holidays in Punta Mita | Four Seasons,60,"Celebrate Christmas and New Year’s Eve holidays in Punta Mita at Four Seasons Resort this December, with festive dining and Mexican traditions.",143,punta mita new years eve | punta mita holidays,,,Join Us For The Holidays% Resort Highlights,,,,,
Punta Mita,2,2,2,2,Experiences,Experiences,https://www.fourseasons.com/puntamita/services-and-amenities/activities/,200,Things to do in Punta Mita Mexico | Activities at Four Seasons,62,"Discover exciting things to do in Punta Mita, Mexico. Explore local attractions, indulge in wellness activities and thrilling adventures by land or water.",154,things to do in punta mita,,Activities,Foodies% Culture Explorers% For Adults% For Kids% Kids for All Seasons% Punta Mita Adventure Seekers,,,Shruti,,
Punta Mita,2,2,2,2,Spa & Wellness,"Weddings, Wellness & Dining",https://www.fourseasons.com/puntamita/spa/,200,Punta Mita Spa | Four Seasons Resort Punta Mita,47,Indulge in coastal rejuvenation at Apuane Spa in Punta Mita near Puerto Vallarta. Explore locally inspired therapies and luxury amenities. Book now.,148,punta mita spa,,Punta Mita Spa,"HOURS% Favourites% Spa, Salon & Fitness Services% Sacred Journeys",,,Shruti,,
Punta Mita,2,2,2,2,Private Retreats,Private Retreats,https://www.fourseasons.com/puntamita/villa-residence-rentals/,200,Luxury Punta Mita Villa & Vacation Rentals | Four Seasons Resort,64,"Discover luxury villa and vacation rentals at Four Seasons Punta Mita, Mexico with beachfront houses, breathtaking ocean views and private pools.",145,punta mita vacation rentals | punta mita villa rentals,,Villa & Residence Rentals% Villa & Residence Rentals,EXPLORE ACCOMMODATIONS% included% An elevated vacation experience,,,Shruti,,
Punta Mita,2,2,2,2,Weddings,"Weddings, Wellness & Dining",https://www.fourseasons.com/puntamita/weddings/,200,Punta Mita Destination Weddings | Four Seasons Resort Punta Mita,64,"Plan your beach destination wedding at Four Seasons Resort Punta Mita, near Puerto Vallarta, offering stunning wedding venues and authentic Mexican charm.",154,punta mita wedding | punta mita destination wedding,,Punta Mita Weddings% Punta Mita Weddings,Real Wedding Experiences% Punta Mita Wedding and Vow Renewal Services,,,Shruti,,
"Rabat, Morocco",1,1,1,1,Frontpage,Home,https://www.fourseasons.com/rabat/,200,Rabat Luxury Hotel | Four Seasons Hotel Rabat at Kasr Al Bahr,61,"Stay at a luxury hotel in Rabat – Four Seasons Hotel Rabat at Kasr Al Bahr, a restored 18th-century palace with sweeping oceanfront views.",138,luxury hotels in rabat morocco| rabat luxury hotels,,Rabat at Kasr Al Bahr% Rabat at Kasr Al Bahr% Rabat at Kasr Al Bahr% Rabat by Four Seasons,"A MAJESTIC ESCAPE IN THE HEART OF THE ROYAL CAPITAL% Accommodations% Discover Rabat% The Palace by the Sea, Reimagined",,,,,
"Rabat, Morocco",1,1,1,1,Accommodations,Accommodation,https://www.fourseasons.com/rabat/accommodations/,200,Luxurious Rabat Accommodations: Hotel Rooms & Suites | Four Seasons,67,Discover luxurious Rabat accommodations at Four Seasons Hotel Rabat at Kasr Al Bahr. Stay in elegant rooms and suites with ocean views and historic charm.,154,accomodation in rabat morocco| rabat accomodation,,"Rabat, Morocco Accommodations",Superior Room% Deluxe Room% Premier Room% Executive Suite% One-Bedroom Suite% Deluxe One-Bedroom Suite% Premier One-Bedroom Suite% Luxury Ocean-View Suite% Azur Ocean-View Suite with Plunge Pool% Courtyard Suite% Turquoise Ocean-View Suite% Moulay Slimane Presidential Suite% Sultan’s Riad% Accessible Deluxe Room% Accessible Premier Room% By Design,,,,,
"Rabat, Morocco",1,1,1,1,Dining,"Weddings, Wellness & Dining",https://www.fourseasons.com/rabat/dining/,200,Four Seasons Hotels and Resorts | Luxury Hotels | Four Seasons | Dining,71,Dining,6,rabat restaurants| restaurants in rabat,,Rabat Fine Dining% Rabat Fine Dining% Rabat Fine Dining,All Food and Drink% The Team,,,,,
"Rabat, Morocco",1,1,1,1,Offers,Other,https://www.fourseasons.com/rabat/offers/,200,Hotel Offers & Packages | Four Seasons Hotel Rabat at Kasr Al Bahr,66,"Discover hotel offers and packages at Four Seasons Hotel Rabat at Kasr Al Bahr. Enjoy luxury stays with dining credits, spa treatments and more.​",145,,,Rabat Hotel Offers & Packages,Featured Offer,,,,,Empty field
"Rabat, Morocco",1,1,1,1,Photos & Videos,Other,https://www.fourseasons.com/rabat/photos-and-videos/,200,Four Seasons Hotels and Resorts | Luxury Hotels | Four Seasons | Photos and Videos,82,Photos and Videos,17,,,,Hotel Overview,,,,,Empty field
"Rabat, Morocco",1,1,1,1,Spa & Wellness,"Weddings, Wellness & Dining",https://www.fourseasons.com/rabat/spa/,200,Luxury Spa & Wellness Experiences | Four Seasons Hotel Rabat,60,"Relax at our hotel spa in Rabat, offering luxury wellness experiences at Four Seasons. Unwind with rejuvenating treatments in a serene, elegant setting.",152,spa hotel rabat,massage spa rabat,Rabat Spa,Hours% Favourites% Spa Services% Relaxation Experiences,,,,,
"Rabat, Morocco",1,1,1,1,Weddings,"Weddings, Wellness & Dining",https://www.fourseasons.com/rabat/weddings/,200,Luxury Wedding Venues | Four Seasons Hotel Rabat at Kasr Al Bahr,64,"Celebrate your dream wedding in Rabat at Four Seasons Hotel Rabat at Kasr Al Bahr, offering oceanfront venues, palace gardens and expert planning services.",155,,,Rabat Weddings% Rabat Weddings,Wedding Highlights,,,,,Empty field
Red Sea,,,2,2,Frontpage,Homepage,https://www.fourseasons.com/redseashuraisland/,200,Four Seasons Red Sea | Luxury Resort at Shura Island ,53,"Discover the Four Seasons Resort at Shura Island, a luxury destination in the Red Sea. Explore our beachfront villas, fine dining, and pristine beaches. ",153,four seasons red sea,"four seasons saudi arabia, luxury resorts in saudi arabia","Red Sea at Shura Island, SHURA ISLAND BY FOUR SEASONS
","Opening Early 2026,  Accommodations, ADVENTURE AND DISCOVERY ON SHURA ISLAND, Privacy Preference Center",,,Maurício ,,
Red Sea,,,2,2,Accommodations,Accommodations,https://www.fourseasons.com/redseashuraisland/accommodations/,200,"Luxury Rooms, Suites & Villas | Four Seasons Red Sea ",53,"Explore our collection of luxury accommodations at Four Seasons Red Sea, from beachfront rooms to spacious suites with stunning sea views. ",139,luxury suites in red sea,,Accommodations,"Garden-View Room, Sea-View Room, Beachfront Room, Sea-View Suite, Premier Sea-View Suite, Grand Sea-View Suite, Presidential Suite, Garden-View Accessible Room, Sea-View Accessible Room, By Design, Privacy Preference Center",,,Maurício ,,
Red Sea,,,2,2,Dining,Dining Hub,https://www.fourseasons.com/redseashuraisland/dining/,200,Not Implemented yet,,Not Implemented yet,,red sea restaurants,,"Dining
","All Food and Drink, Privacy Preference Center",,,Maurício ,,
Red Sea,,,2,2,Offers,Offers,https://www.fourseasons.com/redseashuraisland/offers/,200,Not Implemented yet,,Not Implemented yet,,hotel offers in amaala,,Offers & Packages,"Featured Offer, Privacy Preference Center",,,Maurício ,,
Red Sea,,,2,2,Spa & Wellness,Spa,https://www.fourseasons.com/redseashuraisland/spa/,200,Not Implemented yet,,Not Implemented yet,,spa resort in saudi arabia,,Spa and Wellness,"Relaxation Experiences, Privacy Preference Center",,,Maurício ,,
Riyadh,1,1,2,2,Frontpage,Home,https://www.fourseasons.com/riyadh/,200,Luxury Hotel Riyadh | 5-Star | Four Seasons Riyadh at Kingdom Centre,68,"Four Seasons Hotel Riyadh at Kingdom Centre offer luxury accommodations, exceptional views and contemporary cuisine enhanced by Arabic hospitality.",147,luxury hotels in riyadh| luxury riyadh hotels,,Riyadh at Kingdom Centre% Riyadh at Kingdom Centre% Riyadh at Kingdom Centre% Riyadh by Four Seasons,An Iconic Luxury Retreat in Riyadh’s Kingdom Tower% Accommodations% Discover Riyadh% #FSRIYADH,,,,,
Riyadh,1,1,2,2,Accommodations,Accommodation,https://www.fourseasons.com/riyadh/accommodations/,200,Riyadh Hotel Suites & Luxury Rooms | Four Seasons Hotel Riyadh,62,"Four Seasons Hotel Riyadh at Kingdom Centre offers 276 spacious guest rooms including luxury suites, each equally suited to work or relaxation.",143,hotel rooms in riyadh| accomodation in riyadh,,Riyadh Accommodations,Deluxe Room% Premium Room% Superior Room% Superior Suite% Executive Suite% Kingdom Suite% Royal Suite% Presidential Suite% Interior Design,,,,,
Riyadh,1,1,2,2,Dining,"Weddings, Wellness & Dining",https://www.fourseasons.com/riyadh/dining/,200,Restaurants in Riyadh | Fine Dining | Four Seasons Hotel Riyadh,63,"Four Seasons Hotel Riyadh offers a variety of fine dining options from prime meats and seafood to the best dishes from China, Japan, India & the Middle East.",157,fine dining riyadh| luxury restaurants in riyadh,,Riyadh Fine Dining% Riyadh Fine Dining% Riyadh Fine Dining,All Food and Drink% Private Dining% Meet the Team,,,,,
Riyadh,1,1,2,2,Offers,Other,https://www.fourseasons.com/riyadh/offers/,200,Saudi Arabia Holiday Packages in Riyadh | Four Seasons,54,Experience thoughtfully curated Riyadh holiday packages at Four Seasons. Enjoy unparalleled comfort and sophistication in the heart of this iconic city.,152,,,Riyadh Hotel Offers & Packages,Featured Offer,,,,,Empty field
Riyadh,1,1,2,2,Photos & Videos,Other,https://www.fourseasons.com/riyadh/photos-and-videos/,200,Riyadh Hotel Photos & Videos | Four Seasons Hotel at Kingdom Center,67,Four Seasons Hotel Riyadh at Kingdom Centre presents a collection of photos and videos of our luxury Hotel in Saudi Arabia's most spectacular property.,151,,,Photos & Videos,Hotel Overview% Accommodations% Dining% Services & Amenities% Location,,,,,Empty field
Riyadh,1,1,2,2,Spa & Wellness,"Weddings, Wellness & Dining",https://www.fourseasons.com/riyadh/spa/,200,Spa in Riyadh | Men's Spa | Four Seasons at Kingdom Centre,58,"Four Seasons Hotel Riyadh is home to the area's first all men's spa, offering a comforting and inviting space to experience a variety of luxury treatments.",155,spa hotel riyadh| massage spa in riyadh,,Riyadh Spa,HOURS% Favourites% Spa Services% Wellness Services% Events% Relaxation Experiences,,,,,
Riyadh,1,1,2,2,Weddings,"Weddings, Wellness & Dining",https://www.fourseasons.com/riyadh/weddings/,200,Four Seasons Hotels and Resorts | Luxury Hotels | Four Seasons | Weddings,73,Weddings,8,,,Riyadh Weddings% Riyadh Weddings,REAL WEDDING EXPERIENCES% WEDDING SERVICES,,,,,Empty field
San Francisco,1,1,3,3,Frontpage,Home,https://www.fourseasons.com/sanfrancisco/,200,Luxury Downtown San Francisco Hotel on Market Street | Four Seasons,67,"Experience luxury at Four Seasons Hotel San Francisco, located downtown on Market Street with city views and modern interiors, steps from the Moscone Center.",157,luxury hotel san francisco | downtown san francisco hotel,"hotels on market street san francisco
hotels near moscone center",San Francisco% San Francisco% San Francisco% San Francisco by Four Seasons,A Modern Luxury Hotel on Market Street% Accommodations% Discover San Francisco% Craft Cocktails% #FSSANFRANCISCO,,,,,
San Francisco,1,1,3,3,Accommodations,Accommodation,https://www.fourseasons.com/sanfrancisco/accommodations/,200,San Francisco Accommodations | Luxury Hotel Rooms & Suites,58,"Experience spacious rooms and luxury suites in downtown San Francisco with floor-to-ceiling views, modern interiors and access to the Equinox Sports Club.",154,hotel suites san francisco | hotel rooms san francisco,san francisco accommodation,Luxury Hotel Rooms and Suites in San Francisco,Premier Room% Deluxe-View Room% Deluxe Room% Superior Room% Deluxe Suite% One-Bedroom Suite% Superior Executive Suite% Executive Suite% Presidential Suite% Premier Suite% Deluxe-View Accessible Room% Deluxe-View Hearing-Accessible Room% Deluxe Accessible Room% Deluxe Hearing-Accessible Room% One-Bedroom Accessible Suite% One-Bedroom Hearing Accessible Suite% Superior Accessible Executive Suite% Interior Design,,,,,
San Francisco,1,1,3,3,Dining,"Weddings, Wellness & Dining",https://www.fourseasons.com/sanfrancisco/dining/,200,Hotel Restaurants in San Francisco | Fine Dining Near Union Square,66,"Discover hotel restaurants and fine dining at Four Seasons Hotel San Francisco in Union Square, offering refined Californian cuisine near the Moscone Center.",157,san francisco fine dining | restaurants san francisco,fine dining near union square,San Francisco Fine Dining% San Francisco Fine Dining% San Francisco Fine Dining,All Food and Drink% Prix Fixe Menu% Meet The Team,,,,,
San Francisco,1,1,3,3,Brunch,"Weddings, Wellness & Dining",https://www.fourseasons.com/sanfrancisco/dining/restaurants/brunch/,,,,,,brunch san francisco | weekend brunch san francisco,,,,,,,,
San Francisco,1,1,3,3,Offers,Other,https://www.fourseasons.com/sanfrancisco/offers/,200,San Francisco Hotel Special Offers | Four Seasons,49,Experience San Francisco’s prime location with exclusive Four Seasons hotel offers providing tailored stays and unforgettable experiences in the heart of the city.,163,san francisco hotel offers | san francisco hotel packages,,San Francisco Hotel Offers & Packages,Featured Offer,,,,,
San Francisco,1,1,3,3,Photos & Videos,Other,https://www.fourseasons.com/sanfrancisco/photos-and-videos/,200,San Francisco Luxury Hotel Photos & Videos | Four Seasons Hotel,63,Four Seasons Hotel San Francisco presents a collection of photos and videos of this five-star urban oasis in the heart of SoMa.,127,san francisco photos | san francisco videos,,Photos & Videos,Hotel Overview% Accommodations% Dining,,,,,
San Francisco,1,1,3,3,Christmas,Other,https://www.fourseasons.com/sanfrancisco/seasonal/christmas/,,,,,,christmas san francisco | christmas events san francisco,,,,,,,,
San Francisco,1,1,3,3,New Years,Other,https://www.fourseasons.com/sanfrancisco/seasonal/new-years/,,,,,,new years san francisco | new years events san francisco,,,,,,,,
San Francisco,1,1,3,3,Thanksgiving,Other,https://www.fourseasons.com/sanfrancisco/seasonal/thanksgiving/,,,,,,thanksgiving san francisco,,,,,,,,
San Francisco,1,1,3,3,Valentine's Day,Other,https://www.fourseasons.com/sanfrancisco/seasonal/valentines-day/,,,,,,valentine's day san francisco,,,,,,,,
San Francisco,1,1,3,3,Pet-Friendly Stays,Other,https://www.fourseasons.com/sanfrancisco/services-and-amenities/pet-friendly-stays/,,,,,,pet friendly hotel san francisco,dog friendly hotel san francisco,,,,,,,
San Francisco,1,1,3,3,Spa & Wellness,"Weddings, Wellness & Dining",https://www.fourseasons.com/sanfrancisco/spa/,200,Luxury Spa San Francisco | Four Seasons Hotel,45,"Indulge in luxury spa access at Four Seasons Hotel San Francisco. Treat yourself to massages, facials, aromatherapy and more. Book your relaxation now.",151,san francisco spa,hotel spa san francisco,San Francisco Spa,HOURS% Favourites% Spa Services% Relaxation Experiences,,,,,
San Francisco,1,1,3,3,Weddings,"Weddings, Wellness & Dining",https://www.fourseasons.com/sanfrancisco/weddings/,200,San Francisco Wedding Venues | Four Seasons Hotel,49,Experience chic California elegance in San Francisco's SoMa district. Let our expert team bring your wedding dreams to life. Book now.,134,san francisco weddings | hotel san francisco weddings,,San Francisco Weddings% San Francisco Weddings,REAL WEDDING EXPERIENCES% WEDDING AND VOW RENEWAL SERVICES,,,,,
San Francisco at Embarcadero,1,1,2,2,Frontpage,Home,https://www.fourseasons.com/embarcadero/,200,San Francisco Luxury Hotel | Bay Area | Four Seasons at Embarcadero,67,"Four Seasons Hotel San Francisco at Embarcadero provides breathtaking panoramas of the city and Bay, just steps from Union Square and Fisherman's Wharf.",152,san francisco luxury hotel,,San Francisco at Embarcadero% San Francisco at Embarcadero% San Francisco at Embarcadero% San Francisco by Four Seasons,A sky-high urban retreat reimagined with panoramic Bay views% Accommodations% Discover San Francisco% Savouring San Francisco,,,,,
San Francisco at Embarcadero,1,1,2,2,Accommodations,Accommodation,https://www.fourseasons.com/embarcadero/accommodations/,200,San Francisco Luxury Hotel Rooms & Suites | Bay Area | Four Seasons,67,"Four Seasons San Francisco at Embarcadero offers a variety of guest rooms and suites featuring iconic views, sophisticated interiors and thoughtful amenities.",158,san francisco luxury hotel rooms & suites,,San Francisco Embarcadero Accommodations,Superior Skyline-View Room% Superior Bay-View Room% Deluxe Skyline-View Room% Deluxe Bay-View Room% Premier Bridge-View Room% Bay-View Studio Suite% Golden Gate-View Studio Suite% Bridge-View One-Bedroom Suite% Golden Gate-View One-Bedroom Suite% Embarcadero Suite% Embarcadero Terrace Suite% Golden Gate Terrace Suite% Superior Skyline-View Hearing-Accessible Room% Superior Skyline-View Mobility-Accessible Room% Superior Bay-View Mobility-Accessible Room% Deluxe Skyline-View Mobility- and Hearing-Accessible Room% Deluxe Skyline-View Mobility-Accessible Room% Deluxe Bay-View Hearing-Accessible Room% Premier Bridge-View Mobility- and Hearing-Accessible Room% Golden Gate-View Mobility-Accessible Studio Suite% Bridge-View One-Bedroom Mobility-Accessible Suite% By Design,,,,,
San Francisco at Embarcadero,1,1,2,2,Dining,"Weddings, Wellness & Dining",https://www.fourseasons.com/embarcadero/dining/,200,"Dining, Lounge & Bar At Four Seasons Hotel Embarcadero",54,"Located on the Lobby Level, The Lounge & Bar offers breakfast, lunch, dinner and space for intimate semi-private gatherings at Four Seasons Embarcadero.",152,fine dining san francisco,,San Francisco Embarcadero Dining% San Francisco Embarcadero Dining% San Francisco Embarcadero Dining,All Food and Drink% Exceptional Dining% The Team,,,,,
San Francisco at Embarcadero,1,1,2,2,Experiences,Experiences,https://www.fourseasons.com/embarcadero/experiences/,200,Four Seasons Hotels and Resorts | Luxury Hotels | Four Seasons | Experiences,76,Experiences,11,san francisco experiences,,Experiences,Facilities & Services% Land Pursuits,,,,,keyword doesn't align with the page
San Francisco at Embarcadero,1,1,2,2,Offers,Other,https://www.fourseasons.com/embarcadero/offers/,200,Vacation Packages & Offers | Four Seasons Hotel San Francisco Embarcadero,73,"Discover exclusive vacation packages and hotel offers at Four Seasons Hotel San Francisco at Embarcadero. Enjoy luxurious stays, fine dining and more.",150,san francisco luxury hotel offers,,San Francisco Embarcadero Hotel Offers & Packages,Featured Offer,,,,,
Santa Fe,1,2,2,2,Frontpage,Home,https://www.fourseasons.com/santafe/,200,"Santa Fe Luxury Resort | Four Seasons Rancho Encantado, New Mexico",66,"Four Seasons Resort Rancho Encantado Santa Fe offers premium casita accommodations, a luxury Spa, fine dining and more in the Sangre de Cristo foothills.",153,"santa fe luxury resorts, new mexico luxury resort",,Santa Fe% Santa Fe% Santa Fe% Santa Fe by Four Seasons,A high-desert haven of luxury in America’s Land of Enchantment% Discover Santa Fe% Itinerary by Four Seasons Resort Santa Fe% #FSSANTAFE,,,Katarina,,
Santa Fe,1,2,2,2,Accommodations,Accommodation,https://www.fourseasons.com/santafe/accommodations/,200,Santa Fe Accommodations: Casita Rooms & Suites | Four Seasons,61,"Discover luxury accommodations at Four Seasons Santa Fe, offering 65 casita guest rooms and suites in Southwest style, with fireplaces and stunning views.​",155,"casitas santa fe, santa fe suites",,Santa Fe Accommodations,Patio Casita% Deluxe Casita% Deluxe Two-Queen Casita% Vista Casita% Two Bedroom Interconnecting Deluxe Casita% Two-Bedroom Interconnecting Premier Casita% Encantado Suite% Rancho Suite% Accessible Two-Bedroom Interconnecting Deluxe Casita% Accessible Deluxe Two-Queen Casita% Accessible Patio Casita% Accessible Encantado Suite% Interior Design,,,Katarina,,
Santa Fe,1,2,2,2,Dining,"Weddings, Wellness & Dining",https://www.fourseasons.com/santafe/dining/,200,Santa Fe Dining | Four Seasons Resort Rancho Encantado Santa Fe,63,"Experience Santa Fe dining at our signature restaurant and bar at Rancho Encantado. Enjoy regional flavours, global influences and sweeping mountain views.",155,santa fe dining,,Santa Fe Dining% Santa Fe Dining% Santa Fe Dining,All Food and Drink,,,Katarina,,
Santa Fe,1,2,2,2,Experiences,Experiences,https://www.fourseasons.com/santafe/experiences/,200,Santa Fe Experiences | Four Seasons Resort Rancho Encantado,59,Discover unique Santa Fe experiences at Four Seasons Resort Rancho Encantado – from immersive local adventures to soothing wellness sessions.,141,santa fe experiences,,Experiences,Local Experiences% Land Pursuits,,,Katarina,,
Santa Fe,1,2,2,2,Offers,Other,https://www.fourseasons.com/santafe/offers/,200,Santa Fe Vacation Hotel Packages and Offers | Four Seasons,58,"Explore Four Seasons hotel vacation packages in Santa Fe, discover the undeniably romantic Rancho Encantado and create unforgettable memories.",142,"santa fe vacation packages, santa fe offers",,Santa Fe Vacation Packages & Offers,Featured Offer,,,Katarina,,
Santa Fe,1,2,2,2,Photos & Videos,Other,https://www.fourseasons.com/santafe/photos-and-videos/,200,Santa Fe Resort Photos & Videos | Luxury Hotel | Four Seasons,61,Four Seasons Resort Santa Fe Rancho Encantado presents a photo and video collection of this one-of-a-kind luxury getaway in the heart of New Mexico.,148,santa fe resort photos ,,Photos & Videos,Hotel Overview% Accommodations% Dining% Adventure Center% Weddings% Spa,,,Katarina,,
Santa Fe,1,2,2,2,Christmas,Seasonal,https://www.fourseasons.com/santafe/seasonal/christmas/,200,"Santa Fe Christmas Vacation | Things to Do, Dining | Four Seasons",65,"Celebrate Christmas in Santa Fe with Four Seasons. Enjoy festive events, holiday dining and seasonal activities for a memorable winter escape.",142,santa fe christmas,,Christmas in Santa Fe,Join Us for the Holidays% Resort Highlights,,,Katarina,,
Santa Fe,1,2,2,2,New Year,Seasonal,https://www.fourseasons.com/santafe/seasonal/new-year/,200,New Year Celebrations & Events | Dinner | Four Seasons Santa Fe,63,"Start the new year in style at Four Seasons Santa Fe with a festive dinner and unforgettable celebrations for families, friends and couples.",140,"santa fe new years, santa fe new years celebration",,New Year’s in Santa Fe,Celebrate with Us% Resort Highlights,,,Katarina,,
Santa Fe,1,2,2,2,Spring,Seasonal,https://www.fourseasons.com/santafe/seasonal/spring-activities/,,,,,,"santa fe in spring, new mexico spring",,,,,,Katarina,,
Santa Fe,1,2,2,2,Thanksgiving,Seasonal,https://www.fourseasons.com/santafe/seasonal/thanksgiving/,200,"Santa Fe Thanksgiving at Four Seasons | Events, Things to Do, Dinner",68,"Escape for a Thanksgiving getaway to Four Seasons Resort Santa Fe, where festive dining, seasonal events and unforgettable holiday activities await.",148,"santa fe thanksgiving, santa fe thanksgiving events",,Thanksgiving in Santa Fe,Give Thanks with Us% Resort Highlights,,,Katarina,,
Santa Fe,1,2,2,2,Winter,Seasonal,https://www.fourseasons.com/santafe/seasonal/winter-activities/,200,Santa Fe Winter Vacation Activities & Things to Do | Four Seasons,65,"Discover the best things to do in Santa Fe this winter. From snow adventures to cozy indoor activities, plan your perfect winter vacation at Four Seasons.",154,"winter activities santa fe, santa fe winter vacation",,Santa Fe Winter Activities,included% Santa Fe Winter Vacation% Featured Accommodations,,,Katarina,,
Santa Fe,1,2,2,2,Couples,Services & Amenities,https://www.fourseasons.com/santafe/services-and-amenities/couples/,200,Santa Fe Couples’ Resort & Hotel | Romantic Getaway | Four Seasons,66,"Plan a Santa Fe romantic getaway at our couples’ resort in New Mexico. Discover things to do for couples, including massages, romantic dining and more.",151,"santa fe romantic getaway, santa fe couples resort",,Santa Fe Couples’ Resort,Things to do in Santa Fe for couples% Your Santa Fe Romantic Getaway% Santa Fe Romantic Dining,,,Katarina,,Second keyword missing location
Santa Fe,1,2,2,2,Spa & Wellness,"Weddings, Wellness & Dining",https://www.fourseasons.com/santafe/spa/,200,Santa Fe Luxury Spa | Wellness Retreat | Four Seasons Spa Resort,64,"Discover a Santa Fe luxury spa at Four Seasons Resort Rancho Encantado, offering regionally inspired treatments, massages and bodywork in Southwest style.",154,"santa fe luxury spa, santa fe spa resort",,Santa Fe Luxury Spa Resort,Hours% Favourites% Spa Services% Seasonal Promotions% Wellness Experiences,,,Katarina,,
Santa Fe,1,2,2,2,Itinerary,Experiences,https://www.fourseasons.com/santafe/three-day-itinerary/,200,Santa Fe 3-Day Itinerary | Plan Your Vacation with Four Seasons,63,"Discover the best of Santa Fe with our 3-day itinerary. From mountain adventures to Southwestern cuisine and relaxation, plan your perfect desert escape.",153,"santa fe itinerary, santa fe 3 day itinerary",,Your Santa Fe 3-Day Itinerary,Plan your Santa Fe Vacation with Four Seasons% 3 Days in Santa Fe% Signature Moment,,,Katarina,,
Santa Fe,1,2,2,2,Weddings,"Weddings, Wellness & Dining",https://www.fourseasons.com/santafe/weddings/,200,Santa Fe Wedding | Four Seasons Resort Rancho Encantado Santa Fe,64,"Create lasting memories with a Santa Fe wedding at Four Seasons. Say “I do” surrounded by desert beauty, personalized touches and sweeping mountain views.",154,santa fe wedding,,Santa Fe Weddings% Santa Fe Weddings,Real Wedding Experiences in Santa Fe% Wedding and Vow Renewal Services,,,Katarina,,
Scottsdale,1,2,3,3,Frontpage,Home,https://www.fourseasons.com/scottsdale/,200,"Luxury Resort in Scottsdale, AZ | Four Seasons",46,"Four Seasons Resort Scottsdale is a luxury hotel nestled in the foothills of Pinnacle Peak amid towering cacti, enriched with outstanding design and talent.",156,"
two bedroom suites
",,Scottsdale at Troon North% Scottsdale at Troon North% Scottsdale at Troon North% Scottsdale by Four Seasons,Desert romance meets outdoor adventure% Accommodations% Discover Scottsdale% Troon North Golf Club% #FSSCOTTSDALE,,,Mauricio,,
Scottsdale,1,2,3,3,Accommodations,Accommodation,https://www.fourseasons.com/scottsdale/accommodations/,200,Luxury Hotel Suites and Rooms in Scottsdale at Four Seasons Resort,66,Four Seasons Scottsdale offers a variety of casitas and suites featuring magnificent desert views and furnishings which blend naturally into the environment.,157,hotel suites scottsdale | hotel rooms in scottsdale az,accommodation scottsdale arizona,Scottsdale Suites & Rooms,Pinnacle Three-Bedroom Suite% Plunge Pool Suite (Two Bedroom)% Jerome Two-Bedroom Suite% Kiva Plunge Pool Suite (One Bedroom)% Oasis Plunge Pool Suite (One Bedroom)% Desert Garden One-Bedroom Suite% Reata Pass One-Bedroom Suite% PURE Wellness Casita% Patio Firepit Casita Room% Vista Casita Room% Premier Casita Room% Deluxe Casita Room% Oasis Accessible Plunge Pool Suite (One Bedroom)% Premier Casita Accessible Room% Deluxe Casita Accessible Room% Interior Design,,,Mauricio,,
Scottsdale,1,2,3,3,Dining,"Weddings, Wellness & Dining",https://www.fourseasons.com/scottsdale/dining/,200,Best Restaurants in Scottsdale - Fine Dining at Four Seasons,60,Four Seasons Scottsdale dining offers a variety of inviting restaurants featuring sweeping desert views & American cuisine shaped by flavours of the Southwest.,159,restaurants in scottsdale | best restaurants in scottsdale,fine dining scottsdale,Scottsdale Restaurants% Scottsdale Restaurants% Scottsdale Restaurants,All Food and Drink% Culinary Activities% Exceptional Dining% Private Dining,,,Mauricio,,
Scottsdale,1,2,3,3,Experiences,Experiences,https://www.fourseasons.com/scottsdale/experiences/,200,Four Seasons Hotels and Resorts | Luxury Hotels | Four Seasons | Experiences,76,Experiences,11,scottsdale activities | scottsdale experiences,,Experiences,Local Experiences% Facilities & Services% Airborne Adventures% Wellness Activities,,,Mauricio,,
Scottsdale,1,2,3,3,Offers,Other,https://www.fourseasons.com/scottsdale/offers/,200,Scottsdale Resort Special Offers and Packages | Four Seasons,60,Four Seasons Resort Scottsdale presents a gallery of photos and videos of our luxury Sonoran Desert resort in Troon North.,#REF!,scottsdale vacation packages,,Scottsdale Vacation Packages,Featured Offer,,,Mauricio,,
Scottsdale,1,2,3,3,Photos & Videos,Other,https://www.fourseasons.com/scottsdale/photos-and-videos/,200,Scottsdale Resort Photos & Videos | Four Seasons Resort Scottsdale,66,,122,"scottsdale photos
pictures scottsdale arizona",,Photos & Videos,Hotel Overview% Accommodations% Dining,,,Mauricio,,
Scottsdale,1,2,3,3,Couples,Other,https://www.fourseasons.com/scottsdale/services-and-amenities/couples/,200,Luxury Scottsdale Resort for Couples | Four Seasons,51,"Four Seasons Resort Scottsdale is among the best Scottsdale resorts for couples, offering luxury spa experiences, starlit dining and romantic Sonoran Desert escapes.",165,scottsdale resorts for couples​,resorts in arizona for couples​,Scottsdale Resort for Couples,Services and Amenities% included% Resort Highlight,,,Mauricio,,
Scottsdale,1,2,3,3,Family,Other,https://www.fourseasons.com/scottsdale/services-and-amenities/family/,200,Scottsdale Resort for Families | Four Seasons Resort Scottsdale,63,Four Seasons Resort Scottsdale invites you to hike and stargaze with your children or take advantage of our babysitting and Kids For All Seasons services.,154,scottsdale resorts for families,family resorts scottsdale | family resorts in scottsdale az​,Scottsdale Resort for Families,included% A Scottsdale Family Getaway% Family Experiences% Complimentary Kids For All Seasons% Nearby Excursions% Complimentary Family Amenities,,,Mauricio,,
Scottsdale,1,2,3,3,Spa & Wellness,"Weddings, Wellness & Dining",https://www.fourseasons.com/scottsdale/spa/,200,Luxury Spa and Wellness Resort in Scottsdale | Four Seasons,59,"The Spa at Four Seasons Resort Scottsdale offers a full range of skin, body, and salon services inspired by the spirit and ingredients of the desert.",149,scottsdale spa resort | scottsdale wellness resort,,Scottsdale Spa Resort,HOURS% Favourites% Spa Facility Inclusions% Spa Services% Relaxation Experiences,,,Mauricio,,
Scottsdale,1,2,3,3,Weddings,"Weddings, Wellness & Dining",https://www.fourseasons.com/scottsdale/weddings/,200,"Luxury Wedding Venues in Scottsdale, AZ | Four Seasons Resort",61,"Luxury Wedding Venues in Scottsdale, AZ | Four Seasons Resort",61,scottsdale wedding venues | scottsdale resort weddings,,Scottsdale Weddings% Scottsdale Weddings,Real Wedding Experiences% Wedding and Vow Renewal Services,,,Mauricio,,
Seattle,1,2,2,2,Frontpage,Home,https://www.fourseasons.com/seattle/,200,Luxury Hotel in Seattle | Downtown Seattle Hotel | Four Seasons,63,"Book your stay at Four Seasons, a luxury hotel in Seattle with waterfront views of Elliott Bay, an infinity-edge pool, and elevated dining in downtown Seattle.",159,luxury hotels in seattle | seattle luxury hotels,,Seattle% Seattle% Seattle% Seattle by Four Seasons,Our Luxury Hotel in Seattle Offers a Waterfront Retreat with Sleek Northwest Vibes% Accommodations% Discover Seattle% Urban escape% #FSSEATTLE,,,Chris K,,
Seattle,1,2,2,2,Accommodations,Accommodation,https://www.fourseasons.com/seattle/accommodations/,200,Luxury Hotel Suites and Rooms in Seattle Downtown | Four Seasons,64,"Stay at our boutique Seattle hotel with luxury suites, Northwest décor, and stunning waterfront views. Book your perfect getaway now.",133,hotel suites seattle | seattle hotel rooms,,Hotel Suites & Rooms Seattle,Corner Deluxe Bay-View Room% Deluxe Bay-View Room% Partial Bay-View Room% Seattle-View Room% Superior King Room% Two-Bedroom Deluxe Elliott Bay Suite% Corner Elliott Bay Suite% Deluxe Elliott Bay Suite% Presidential Suite% Governor's Suite% Deluxe Bay-View Accessible Room% Seattle-View Accessible Room% Seattle-View Hearing-Deluxe Accessible Room% Interior Design,,,Chris K,,
Seattle,1,2,2,2,Dining,"Weddings, Wellness & Dining",https://www.fourseasons.com/seattle/dining/,200,Fine Dining in Seattle | Restaurants in Seattle at Four Seasons,63,"Enjoy authentic fine dining at Four Seasons Hotel Seattle, featuring fresh, local ingredients and simple preparations. Book your experience now.",144,fine dining seattle | fine dining restaurants in seattle,,Fine Dining in Seattle% Fine Dining in Seattle% Fine Dining in Seattle,All Food And Drink% Events,,,Chris K,,
Seattle,1,2,2,2,Experiences,Experiences,https://www.fourseasons.com/seattle/experiences/,200,Four Seasons Hotels and Resorts | Luxury Hotels | Four Seasons | Experiences,76,Experiences,11,seattle experiences | unique seattle experiences,,Experiences,,,,Chris K,,
Seattle,1,2,2,2,Offers,Other,https://www.fourseasons.com/seattle/offers/,200,Seattle Hotel Packages and Special Offers at Four Seasons,57,Discover Seattle’s waterfront Four Seasons retreat with thoughtfully curated Seattle hotel special offers and packages.,119,seattle hotel packages | seattle hotel special offers,,Seattle Hotel Offers & Packages,Featured Offer,,,Chris K,,
Seattle,1,2,2,2,Photos & Videos,Other,https://www.fourseasons.com/seattle/photos-and-videos/,200,Downtown Seattle Hotel Photos & Videos | Four Seasons Hotel Seattle,67,Four Seasons Hotel Seattle presents a collection of photos and videos of this sophisticated luxury haven in the heart of downtown Seattle.,138,seattle hotel photos,,Photos & Videos,Hotel Overview% Accommodations% Dining% Spa,,,Chris K,,
Seattle,1,2,2,2,Couples,Other,https://www.fourseasons.com/seattle/services-and-amenities/couples-experiences/,200,"Romantic Hotel in Seattle, Downtown | Four Seasons Seattle",58,"Discover Four Seasons Hotel Seattle, a romantic hotel in Seattle downtown with curated couples’ experiences for a perfect getaway.",130,romantic hotels in seattle,,Romantic Hotel in Seattle,included% Hotel Highlights,,,Chris K,,
Seattle,1,2,2,2,Pool,Other,https://www.fourseasons.com/seattle/services-and-amenities/pool/,200,Downtown Seattle Hotel with Outdoor Pool | Four Seasons,55,Experience the only infinity-edge hotel pool in Seattle at Four Seasons Hotel and enjoy panoramic views of Elliott Bay and the Olympic Mountains.,145,seattle hotels with pools,downtown seattle hotels with outdoor pools​ | seattle hotels with pools​,Seattle Hotel with Pool,Hours% Pool Amenities% Summer Pop-Up Series% included,,,Chris K,,
Seattle,1,2,2,2,Spa & Wellness,"Weddings, Wellness & Dining",https://www.fourseasons.com/seattle/spa/,200,Luxury Spa in Seattle at Four Seasons Hotel,43,"Revitalize at The Spa at Four Seasons Seattle: massages, facials, manicures and body treatments. Book your appointment today.",125,luxury spa seattle | spas in seattle ,,Seattle Spa,Hours% Favourites% Spa Services% Meet the Team% Relaxation Experiences,,,Chris K,,
Seattle,1,2,2,2,Sports & Entertainment,Other,https://www.fourseasons.com/seattle/sports-and-entertainment/,200,Hotel near Lumen Field and Climate Pledge Arena | Four Seasons,62,"Elevate your Seattle event. Our luxury hotel is a short walk to Lumen Field, Climate Pledge Arena and T-Mobile Park, the premier choice for sports & concerts.",158,seattle hotels near lumen field,seattle hotel near lumen field​,Sports and Entertainment,Hotel Highlights% Steps from the City’s Entertainment Scene% Luxury Hotel Near Seattle’s Iconic Stadiums% Featured Accommodations,,,Chris K,,
Seattle,1,2,2,2,Weddings,"Weddings, Wellness & Dining",https://www.fourseasons.com/seattle/weddings/,200,Four Seasons Hotels and Resorts | Luxury Hotels | Four Seasons | Weddings,73,Weddings,8,seattle wedding venues | wedding hotel seattle,,Seattle Weddings% Seattle Weddings,Real Wedding Experiences% Wedding and Vow Renewal Services,,,Chris K,,
Seoul,2,3,3,3,Frontpage,Home,https://www.fourseasons.com/seoul/,200,Seoul Luxury Hotel | 5-Star Hotel in Seoul | Four Seasons Hotel Seoul,69,"Experience unparalleled luxury at Four Seasons Hotel Seoul. Plan your getaway in South Korea at our 5-Star Hotel in Gwanghwamun, in the heart of Seoul.",151,seoul luxury hotel | 5-star hotel in seoul,,Seoul% Seoul% Seoul% Seoul by Four Seasons,Stylish elegance in the very heart of Seoul% Accommodations% Discover Seoul% The Spa% #FSSEOUL,,,Shruti,,
Seoul,2,3,3,3,Accommodations,Accommodation,https://www.fourseasons.com/seoul/accommodations/,200,Luxury Hotel Accommodations in Seoul | Four Seasons Seoul,57,"Discover some of Seoul’s largest luxury hotel accommodations at Four Seasons with impressive views, spacious rooms and suites, and personalized service.",152,seoul accommodations,,Accommodations,Deluxe Room% Premier Room% Premier Family Room% Corner Premier Room% Accessible Deluxe Room% Grand Family Room% Club Room% City-View Executive Suite% Palace-View Executive Suite% Ambassador One-Bedroom Suite% Sejong Two-Bedroom Suite% Presidential Three-Bedroom Suite% Interior Design,,,Shruti,,
Seoul,2,3,3,3,Dining,"Weddings, Wellness & Dining",https://www.fourseasons.com/seoul/dining/,200,Fine Dining Seoul | Restaurants in Seoul | Four Seasons Hotel Seoul,67,Four Seasons Hotel Seoul offers a variety of fine dining options from Michelin-starred Cantonese cuisine to an international buffet and a stylish wine bar.,155,fine dining seoul,,Fine Dining Seoul% Fine Dining Seoul% Fine Dining Seoul,All Food and Drink% Meet the team% Events,,,Shruti,,
Seoul,2,3,3,3,Experiences,Experiences,https://www.fourseasons.com/seoul/experiences/,200,Things to do in Seoul | Four Seasons Hotel Seoul,48,"Offering a vast array of experiences including a Dior Seongsu Tour and an exclusive Nami Island Escape, explore things to do in Seoul with Four Seasons.",152,things to do in seoul,,Experiences,Local Experiences,,,Shruti,,
Seoul,2,3,3,3,Offers,Other,https://www.fourseasons.com/seoul/offers/,200,Seoul Vacation Packages & Offers | Four Seasons Hotel Seoul,59,Explore Seoul vacation packages and hotel offers at Four Seasons Hotel Seoul. Unwind at the spa and savour gourmet cuisine. Book your stay now.,143,seoul vacation packages,,Seoul Hotel Offers & Packages,Featured Offer,,,Shruti,,
Seoul,2,3,3,3,Photos & Videos,Other,https://www.fourseasons.com/seoul/photos-and-videos/,200,Seoul Luxury Hotel Photos & Videos | Four Seasons Hotel Seoul,61,"View photos and videos of Four Seasons Hotel Seoul, a luxury five-star hotel in Gwanghwamun, in the heart of Seoul.",115,seoul photo | seoul videos,,Photos & Videos,Hotel Overview% Accommodations% Dining% Services & Amenities,,,Shruti,,
Seoul,,,3,3,Seasonal,Other,https://www.fourseasons.com/seoul/seasonal/,200,Korean Christmas and New Year’s Eve in Seoul | Four Seasons,59,"This holiday season, celebrate a Korean Christmas and New Year’s Eve in Seoul at Four Seasons with a Christmas market, as well as festive buffets, brunches & dinners.",166,holidays in seoul,,Where Seoul Shines Bright This Holiday Season,included% A Seoul-ful Holiday Season,,,Shruti,,
Seoul,2,3,3,3,Couples,Other,https://www.fourseasons.com/seoul/services-and-amenities/couples/,200,Romantic Destination in Seoul | Four Seasons Hotel Seoul,56,"Discover some of the best of romantic activities in Seoul, couples’ spa experience & unforgettable dinner dates at Four Seasons Hotel Seoul.",140,romantic seoul,,Couple-Friendly Hotel in Seoul​,Explore Seoul together% included% Just the two of you% Intimate dining for two% More for couples,,,Shruti,,
Seoul,2,3,3,3,Spa & Wellness,"Weddings, Wellness & Dining",https://www.fourseasons.com/seoul/spa/,200,Korean Luxury Spa & Massages in Seoul | Four Seasons Hotel Seoul,64,"Experience our Korean-inspired Spa in Seoul with luxury massages, sauna, indoor pool and hammam. Your tranquil escape awaits at Four Seasons Hotel Seoul.",153,spa seoul | korean spa seoul,,Korean Spa in Seoul,Hours% Favourites% Spa Services% Relaxation Experiences,,,Shruti,,
Seoul,2,3,3,3,Weddings,"Weddings, Wellness & Dining",https://www.fourseasons.com/seoul/weddings/,200,Seoul Wedding | Korea Destination Wedding Venues | Four Seasons Hotel,69,"Elevate your Seoul wedding at Four Seasons, where luxury meets love in elegant venues with impeccable service. Plan your Korean destination wedding now.",152,seoul weddings,seoul wedding venues,Seoul Weddings% Seoul Weddings,REAL WEDDING EXPERIENCES% WEDDING AND VOW RENEWAL SERVICES,,,Shruti,,
Serengeti,1,1,,1,Frontpage,Home,https://www.fourseasons.com/serengeti/,200,"Serengeti, Tanzania Safari Lodge | Four Seasons Safari Lodge",60,"Experience thrilling Serengeti game drives and then return to the lodge for a luxurious respite at Four Seasons Safari Lodge Serengeti, Tanzania.",145,luxury hotels in serengeti,hotels in serengeti national park tanzania,Serengeti% Serengeti% Serengeti% Serengeti by Four Seasons,"Your Sanctuary in the Savannah% Accommodations% Hello, Neighbour% #FSSERENGETI",,,,,
Serengeti,1,1,,1,Accommodations,Accommodation,https://www.fourseasons.com/serengeti/accommodations/,200,"Serengeti, Tanzania Suites & Villas | Four Seasons Safari Lodge",63,"Four Seasons Safari Lodge Serengeti offers secluded and spacious luxury guest rooms, suites & villas all with captivating views of the Serengeti & local wildlife.",162,serengeti accommodation tanzania,serengeti safari lodge,Serengeti Accommodations,Horizon Room Water Hole View% Horizon Room% Savannah Room Water Hole View% Savannah Room% Terrace Suite Water Hole View% Terrace Suite% Presidential Villa% Two-Bedroom Villa% One-Bedroom Villa% Interior Design,,,,,
Serengeti,1,1,,1,Dining,"Weddings, Wellness & Dining",https://www.fourseasons.com/serengeti/dining/,200,"Serengeti, Tanzania Restaurants | Four Seasons Safari Lodge Serengeti",69,"Dine at Four Seasons Safari Lodge Serengeti, Tanzania – where you can share your adventures with fellow adventurers in various venues throughout the lodge.",155,serengeti restaurants,restaurants in tanzania africa,Serengeti Fine Dining% Serengeti Fine Dining% Serengeti Fine Dining% Culinary Experiences,All Food and Drink,,,,,
Serengeti,1,1,,1,Offers,Other,https://www.fourseasons.com/serengeti/offers/,200,Luxury Serengeti Vacation Packages in Tanzania | Four Seasons,61,"Book luxurious Serengeti vacation packages at Four Seasons featuring safari adventures and retreats, couples’ getaways, animal sightings and more.",146,,,Serengeti Offers & Packages,Featured Offer,,,,,Empty field
Serengeti,1,1,,1,Photos & Videos,Other,https://www.fourseasons.com/serengeti/photos-and-videos/,200,"Serengeti, Tanzania Lodge Photos & Videos | Four Seasons Safari Lodge",69,"View photos and videos of Four Seasons Safari Lodge Serengeti, Tanzania, a luxury safari lodge located in Tanzania's Serengeti.",127,,,Photos & Videos,Lodge Overview% Accommodations% Dining,,,,,Empty field
Serengeti,1,1,,1,Spa & Wellness,"Weddings, Wellness & Dining",https://www.fourseasons.com/serengeti/spa/,200,"Serengeti Spa | Four Seasons Safari Lodge Serengeti, Tanzania",61,"After long days of air travel and hot, dusty game drives, come to the Spa at Four Seasons Safari Lodge to rehydrate, restore and re-energize.",141,serengeti spa| hotel spa tanzania,,Serengeti Spa,Hours% Favourites% Spa Services% Wellness Services% Meet the team% Relaxation Experiences,,,,,
Serengeti,1,1,,1,Weddings,"Weddings, Wellness & Dining",https://www.fourseasons.com/serengeti/weddings/,200,Serengeti Wedding | Four Seasons Safari Lodge Serengeti,55,Four Seasons Safari Lodge Serengeti offers a wildly romantic wedding experience in the heart of one of nature's most celebrated and compelling sites.,149,,,Weddings% Weddings,Real wedding experiences% Wedding and Vow Renewal Services,,,,,Empty field
Seychelles,1,2,,2,Frontpage,Home,https://www.fourseasons.com/seychelles/,200,Seychelles Beach Resort | Mahé Island Luxury Resort | Four Seasons,66,"Four Seasons Resort Seychelles offers enchanting villas and suites, fine dining, a luxury Spa and more in a secluded tropical setting along Petite Anse bay.",156,seychelles resort,seychelles beach resort,Seychelles% Seychelles% Seychelles% SEYCHELLES BY FOUR SEASONS,A Luxury Beach Resort Hideaway in Seychelles on Mahé Island% Accommodations% Discover Seychelles% Love Grows Beautiful Things% #FSSEYCHELLES,,,GG,,
Seychelles,1,2,,2,Accommodations,Accommodation,https://www.fourseasons.com/seychelles/accommodations/,200,Seychelles Luxury Resort | Beach Villas & Ocean Suites | Four Seasons,69,Four Seasons Resort Seychelles invites you to experience solitude and serenity in one of our 67 luxury resort villas with idyllic Indian Ocean views & more.,156,"seychelles villas, seychelles luxury villas",seychelles beach villa,"Seychelles Accommodation, Villas & Suites",Serenity Villa% Hilltop Ocean-View Villa% Ocean-View Villa% Garden-View Villa% Three-Bedroom Royal Suite% Three-Bedroom Presidential Suite% Two-Bedroom Hilltop Ocean-View Suite% Two-Bedroom Ocean-View Suite% Eight-Bedroom Residence Villa% Seven-Bedroom Residence Villa% Four-Bedroom Residence Villa% Three-Bedroom Residence Villa% Welcome Home,,,GG,,
Seychelles,1,2,,2,Dining,"Weddings, Wellness & Dining",https://www.fourseasons.com/seychelles/dining/,200,Seychelles Restaurants | Fine Dining | Four Seasons Resort Seychelles,69,"Four Seasons Resort Seychelles captures the diverse flavours of the Seychelles at our two fine dining and cocktail outlets, located hillside and beachside.",155,"seychelles restaurants, dining seychelles",mahe restaurants,Seychelles Restaurants% Seychelles Restaurants% Seychelles Restaurants,All Food and Drink% Exceptional Dining% Prix Fixe Menus% Breakfast% Customized Menus% The Team% Events,,,GG,,
Seychelles,1,2,,2,Experiences,Experiences,https://www.fourseasons.com/seychelles/experiences/,200,Seychelles Activities & Excursions | Four Seasons Resort Seychelles,67,Discover curated Mahé activities and refined excursions at Four Seasons Resort Seychelles. Immerse yourself in exclusive island experiences. Book today.,152,"seychelles activities, seychelles excursions",seychelles experiences,Experiences,Aquatic Escapades% Local Experiences% Airborne Adventures% Land Pursuits% Wellness Activities,,,GG,,
Seychelles,1,2,,2,Offers,Other,https://www.fourseasons.com/seychelles/offers/,200,Seychelles Vacation Packages in Mahé | Four Seasons,51,Discover featured offers and vacation packages at Four Seasons Resort Seychelles and make the most of your Seychelles experience.,129,"seychelles vacation packages, seychelles packages",seychelles resort deals ,Seychelles Vacation Packages,Featured Offer,,,GG,,
Seychelles,1,2,,2,Photos & Videos,Other,https://www.fourseasons.com/seychelles/photos-and-videos/,200,Seychelles Photos & Videos | Four Seasons Resort Seychelles,59,"View photos and videos of Four Seasons Resort Seychelles, a luxury 5-star resort on the island of Seychelles in the Indian Ocean.",129,"seychelles photos, seychelles videos",mahe photos ,Photos & Videos,Resort Overview% Services & Amenities% Accommodations% Dining% Le Syel Spa,,,GG,,
Seychelles,1,2,,2,Spa & Wellness,"Weddings, Wellness & Dining",https://www.fourseasons.com/seychelles/spa/,200,Seychelles Spa Resort | Massage & Facials | Four Seasons Seychelles,67,"The Spa at Four Seasons Resort Seychelles offers a variety of spa treatments, including massages, body and facial treatments, yoga, junior spa and more.",152,"seychelles spa, seychelles spa resort",spa resort in seychelles,Seychelles Spa,HOURS% Favourites% Spa Services% Wellness Services% Fitness and Retail% Seasonal Promotions% Meet The Team,,,GG,,
Seychelles,1,2,,2,Private Retreats,Private Retreats,https://www.fourseasons.com/seychelles/villa-residence-rentals/,200,Seychelles Vacation Rentals | Villa Rental l Four Seasons Resort,64,"Footsteps from the idyllic waters of the Indian Ocean or perched on the hillside among the lush forest, our spacious private villas are the ideal vacation setting.",163,"seychelles vacation rentals, seychelles villa rental ",,Villa & Residence Rentals% Villa & Residence Rentals% Explore accommodations,included% An elevated vacation experience,,,GG,,
Seychelles,1,2,,2,Weddings,"Weddings, Wellness & Dining",https://www.fourseasons.com/seychelles/weddings/,200,Seychelles Island Wedding | Four Seasons Resort Seychelles,58,Four Seasons Resort Seychelles offers the ideal setting for an unforgettable wedding celebration at this lush tropical hideaway in the secluded Petite Anse bay.,160,"seychelles wedding, seychelles destination wedding",wedding resort seychelles,Seychelles Weddings% Seychelles Weddings,Wedding and Vow Renewal Services,,,GG,,
Seychelles,1,2,,2,Weddings,"Weddings, Wellness & Dining",https://www.fourseasons.com/seychelles/weddings/venues/,,,,,,seychelles wedding venues,,,,,,GG,,
Seychelles Desroches,1,2,,2,Frontpage,Home,https://www.fourseasons.com/seychellesdesroches/,200,Seychelles Luxury Resort on Desroches Island | Four Seasons,59,"Escape to our Seychelles luxury resort on Desroches Island. Private castaway villas, pristine beaches and turquoise waters create the ultimate island retreat.",158,"seychelles luxury resort, seychelles resort",seychelles beach resort,Seychelles at Desroches Island% Seychelles at Desroches Island% Seychelles at Desroches Island% Desroches Island by Four Seasons,Your own private paradise on a lush coral island% Accommodations% Discover Desroches Island% Endless Beaches% #FSDESROCHES,,,GG,,
Seychelles Desroches,1,2,,2,Accommodations,Accommodation,https://www.fourseasons.com/seychellesdesroches/accommodations/,200,Seychelles Luxury Villas & Suites | Four Seasons at Desroches Island,68,"Four Seasons Seychelles at Desroches Island offers a variety of luxurious suites and villas featuring premium amenities, utmost privacy, ocean views and more.",158,"seychelles luxury villas, seychelles villas",seychelles beach villa,Accommodation in Seychelles Desroches,Ocean-View Pool Villa% Beach Pool Villa% Sunset-View Pool Villa% Two-Bedroom Presidential Villa% Three-Bedroom Presidential Villa% Five-Bedroom Presidential Villa% Seven-Bedroom Presidential Villa% Five-Bedroom Royal Villa% Sunset Beach Suite% Desroches Two-Bedroom Suite% Two-Bedroom Residence Villa% Three-Bedroom Residence Villa% Four-Bedroom Residence Villa% Five-Bedroom Residence Villa% ELEVATE YOUR SEYCHELLES ISLAND ESCAPE% included,,,GG,,
Seychelles Desroches,1,2,,2,Couples,Other,https://www.fourseasons.com/seychellesdesroches/couples/,,,,,,seychelles couples resort ,,,,,,GG,,
Seychelles Desroches,1,2,,2,Dining,"Weddings, Wellness & Dining",https://www.fourseasons.com/seychellesdesroches/dining/,200,"Seychelles Fine Dining | Restaurant, Deli & Bar | Four Seasons Resort",69,"Four Seasons Resort Seychelles offers dining options ranging from French & Italian specialties at Claudine to takeaway cuisine at The Deli, and a poolside bar.",159,seychelles dining,"seychelles restaurants, seychelles fine dining",Seychelles Dining% Seychelles Dining% Seychelles Dining,All Food and Drink% Exceptional Dining% Private Dining% Culinary Activities% Customized Menus% The Team% Events,,,GG,,
Seychelles Desroches,1,2,,2,Experiences,Experiences,https://www.fourseasons.com/seychellesdesroches/experiences/,200,Things to Do in Seychelles | Excursions & Experiences | Four Seasons,68,Things to Do in Seychelles | Excursions & Experiences | Four Seasons,68,"seychelles tours, seychelles activities",seychelles excursions,Experiences,Aquatic Escapades% Local Experiences% Land Pursuits,,,GG,,
Seychelles Desroches,1,2,,2,Offers,Other,https://www.fourseasons.com/seychellesdesroches/offers/,200,Seychelles Packages | Four Seasons Resort at Desroches Island,61,"Experience tailored Seychelles packages at Four Seasons Desroches Island, where curated stays and personal touches elevate your island escape.",142,seychelles packages,seychelles vacation packages,Seychelles Packages,Featured Offer,,,GG,,
Seychelles Desroches,1,2,,2,Photos & Videos,Other,https://www.fourseasons.com/seychellesdesroches/photos-and-videos/,200,Desroches Island Resort Photo Gallery | Four Seasons Seychelles,63,Four Seasons Resort Seychelles extends access to our gallery of stunning photos for you to explore the vast beauty of our Resort on Desroches Island.,149,"desroches island photos, seychelles photos ",,Photos & Videos,Resort Overview% Accommodations% Dining% Circle of Connection Spa,,,GG,,
Seychelles Desroches,1,2,,2,Spa & Wellness,"Weddings, Wellness & Dining",https://www.fourseasons.com/seychellesdesroches/spa/,200,Spa in Seychelles | Massage & Facial | Four Seasons Desroches Island,68,"The Spa at Four Seasons Resort Seychelles at Desroches Island allows guests to indulge in natural treatments like massages, facials, and body treatments.",153,seychelles spa,"seychelles spa resort, spa resort in seychelles",Spa in Seychelles,Hours% Favourites% Spa Services% Wellness Services,,,GG,,
Seychelles Desroches,1,2,,2,Private Retreats,Private Retreats,https://www.fourseasons.com/seychellesdesroches/villa-residence-rentals/,200,Seychelles Villa & Vacation Rentals | Four Seasons Resort,57,Explore Seychelles vacation rentals at Four Seasons Resort Seychelles at Desroches Island. Stay in luxury villas on pristine beaches.,133,"seychelles villa rental, seychelles vacation rentals",,Villa & Residence Rentals% Villa & Residence Rentals% Explore accommodations,included% An elevated vacation experience,,,GG,,
Seychelles Desroches,1,2,,2,Weddings,"Weddings, Wellness & Dining",https://www.fourseasons.com/seychellesdesroches/weddings/,200,Seychelles Wedding Destination Resort | Four Seasons Resort Seychelles,70,"Discover a wedding resort in the Seychelles like no other. Four Seasons offers a castaway, remote island setting with barefoot luxury and destination appeal.",157,"wedding resort seychelles, seychelles wedding",seychelles destination wedding,Desroches Island Weddings% Desroches Island Weddings,Real Wedding Experiences% Wedding and Vow Renewal Services,,,GG,,
Seychelles Desroches,1,2,,2,Weddings,"Weddings, Wellness & Dining",https://www.fourseasons.com/seychellesdesroches/weddings/honeymoon/,,,,,,seychelles honeymoon,seychelles honeymoon package,,,,,GG,,
Sharm El Sheikh,2,2,,2,Frontpage,Home,https://www.fourseasons.com/sharmelsheikh/,200,Luxury Resort in Sharm El Sheikh by the Red Sea | Four Seasons,62,"Discover one of the best resorts in Sharm El Sheikh – a Red Sea resort offering luxury suites, fine dining, diving and more.",124,luxury resort in Sharm El Sheikh ,,Sharm El Sheikh% Sharm El Sheikh% Sharm El Sheikh% Sharm el Sheikh by Four Seasons% Residences available for purchase,A luxurious oasis between the desert and the reef% Accommodations% Discover Sharm El Sheikh% The Perfect Suite for Your Stay,,,Alina Ghost,,
Sharm El Sheikh,2,2,,2,Accommodations,Accommodation,https://www.fourseasons.com/sharmelsheikh/accommodations/,200,Sharm El Sheikh Suites & Rooms | Egypt Accommodations | Four Seasons,68,"Discover luxury Egypt accommodations with Four Seasons – find Sharm El Sheikh rooms, suites & villas along the shores of the Red Sea. Book today.",145,sharm el sheikh suites ,,Sharm El Sheikh Rooms & Suites,Superior Palm-View Room% Deluxe Sea-View Room% Premier Island-View Room% Premier Sea-View Room% Two-Bedroom Residential Suite Palm View% Two-Bedroom Residential Suite Sea View% Four-Bedroom Villa% One-Bedroom Suite% One-Bedroom Suite with Plunge Pool% Premier Suite% Premier Suite with Pool% Imperial Suite% Imperial Suite with Pool% Presidential Suite% Royal Suite% The Palace,,,Alina Ghost,,
Sharm El Sheikh,2,2,,2,Dining,"Weddings, Wellness & Dining",https://www.fourseasons.com/sharmelsheikh/dining/,200,Fine Dining in Sharm El Sheikh | Restaurants & Bars | Four Seasons,66,"Discover fine dining in Sharm El Sheikh, Egypt where Four Seasons offers 12 restaurants and bars to savour authentic cuisines from around the world.",148,fine dining in sharm el sheikh ,,Restaurants in Sharm El Sheikh% Restaurants in Sharm El Sheikh% Restaurants in Sharm El Sheikh,All Food and Drink% Meet the team% Events,,,Alina Ghost,,
Sharm El Sheikh,2,2,,2,Offers,Other,https://www.fourseasons.com/sharmelsheikh/offers/,200,Sharm El Sheikh Vacation Packages & Offers | Four Seasons,57,"Uncover luxury beachfront vacation packages and hotel offers at Four Seasons Resort Sharm El Sheikh, Egypt. Plan your perfect Red Sea retreat today.",148,sharm el sheikh vacation packages ,,Sharm El Sheikh Resort Offers & Packages,Featured Offer,,,Alina Ghost,,
Sharm El Sheikh,2,2,,2,Photos & Videos,Other,https://www.fourseasons.com/sharmelsheikh/photos-and-videos/,200,Sharm El Sheikh Photos & Videos | Photos of Egypt | Four Seasons,64,"View Four Seasons Sharm El Sheikh photos and videos, a luxury resort in Egypt. Book your stay today.",100,sharm el sheikh photos,,Photos & Videos,Hotel Overview% Accommodations% Services & Amenities% Dining,,,Alina Ghost,,
Sharm El Sheikh,2,2,,2,Spa & Wellness,"Weddings, Wellness & Dining",https://www.fourseasons.com/sharmelsheikh/spa/,200,"Massages in Sharm El Sheikh, Hydrafacials & More | Four Seasons",63,"Discover Sharm El Sheikh Spa, one of the best luxury spas in Egypt, offering massages, hydrafacials, outdoor yoga, salon services & more. Book today.",149,sharm el sheikh spa,,Sharm El Sheikh Luxury Spa,HOURS% Favourites% Spa & Wellness Services% Relaxation Experiences,,,Alina Ghost,,
Sharm El Sheikh,2,2,,2,Private Retreats,Private Retreats,https://www.fourseasons.com/sharmelsheikh/villa-residence-rentals/,200,"Villas in Sharm el-Sheikh, Egypt | Luxury Rentals & Residences",62,"Elevate your vacation with a stay at one of our luxury chalets & villas, offering ample space for entertaining and more at Four Seasons Resort Sharm el Sheikh.",159,villas in sharm el sheikh,,Villa & Residence Rentals% Villa & Residence Rentals% Explore accommodations,included% An elevated vacation experience,,,Alina Ghost,,
Sharm El Sheikh,2,2,,2,Weddings,"Weddings, Wellness & Dining",https://www.fourseasons.com/sharmelsheikh/weddings/,200,Weddings in Egypt | Sharm El Sheikh Weddings | Four Seasons,59,Weddings in Egypt | Sharm El Sheikh Weddings | Four Seasons,59,Sharm El Sheikh Weddings,,Sharm El Sheikh Weddings% Sharm El Sheikh Weddings,REAL WEDDING EXPERIENCES% WEDDING AND VOW RENEWAL SERVICES,,,Alina Ghost,,
Shenzhen,1,2,,2,Frontpage,Home,https://www.fourseasons.com/shenzhen/,200,Shenzhen Luxury Hotel | Futian District Hotel | Four Seasons,60,"Discover luxury at Four Seasons Hotel Shenzhen, with serene terraces, elegant venues and indoor-outdoor pools in Futian’s vibrant business district.",148,"shenzhen luxury hotel, shenzhen futian hotel",shenzhen hotel ,Shenzhen% Shenzhen% Shenzhen% Shenzhen by Four Seasons,A Luxurious Hotel Oasis in Shenzhen’s Futian District% Accommodations% Discover Shenzhen% A Culinary Journey Through Shenzhen,,,GG,,
Shenzhen,1,2,,2,Accommodations,Accommodation,https://www.fourseasons.com/shenzhen/accommodations/,200,Shenzhen Suites & Hotel Rooms | Luxury Accommodation | Four Seasons,67,"Discover luxurious Shenzhen suites and hotel rooms at Four Seasons, featuring premium accommodations with stunning city views and exceptional service. Book your stay today.",172,"shenzhen suites, shenzhen hotel rooms",shenzhen accommodation,Shenzhen Suites & Hotel Rooms,Premier Room% Deluxe Room% Four Seasons Room% Club Room% Grand Four Seasons Room% Club Grand Room% Deluxe Suite% Executive Suite% Presidential Suite% Ambassador Suite% Interior Design,,,GG,,
Shenzhen,1,2,,2,Dining,"Weddings, Wellness & Dining",https://www.fourseasons.com/shenzhen/dining/,200,Shenzhen Restaurants | Fine Dining | Four Seasons,49,"Explore fine Shenzhen restaurants at Four Seasons, where exquisite dining, Cantonese cuisine and elegant buffets offer a taste of luxury.",137,"shenzhen restaurants, shenzhen dining ",shenzhen dining,Shenzhen Restaurants% Shenzhen Restaurants% Shenzhen Restaurants,All Food and Drink% Meet the Team,,,GG,,
Shenzhen,1,2,,2,Experiences,Experiences,https://www.fourseasons.com/shenzhen/experiences/,200,Shenzhen Activities and Experiences | Four Seasons,50,"Uncover some of the best Shenzhen experiences and activities with Four Seasons. From tranquil gardens to art villages and city adventures, explore it all in style.",163,"shenzhen activities, shenzhen experiences", things to do in shenzhen,Experiences,,,,GG,,
Shenzhen,1,2,,2,Offers,Other,https://www.fourseasons.com/shenzhen/offers/,200,Shenzhen Staycation & Packages | Hotel Offers | Four Seasons,60,Four Seasons Hotel Shenzhen offers luxury hotel packages with tailored experiences for an unforgettable stay in the heart of the city. Enjoy comfort and elegance.,162,"shenzhen packages, shenzhen hotel offers ",shenzhen staycation,Shenzhen Hotel Offers & Packages,Featured Offer,,,GG,,
Shenzhen,1,2,,2,Photos & Videos,Other,https://www.fourseasons.com/shenzhen/photos-and-videos/,200,Shenzhen Luxury Hotel Photos & Videos | Four Seasons Shenzhen,61,"Four Seasons Hotel Shenzhen invites you to view photos and videos of our luxurious Hotel, ideally located in Shenzhen's Futian Central Business District.",153,"shenzhen photos, shenzhen video",,Photos & Videos,Hotel Overview% Accommodations% Dining,,,GG,,
Shenzhen,1,2,,2,Fitness,Other,https://www.fourseasons.com/shenzhen/services-and-amenities/fitness/,,,,,,shenzhen gym,,,,,,GG,,
Shenzhen,1,2,,2,Spa & Wellness,"Weddings, Wellness & Dining",https://www.fourseasons.com/shenzhen/spa/,200,Shenzhen Spa Hotel | Luxury Day Spa | Four Seasons Shenzhen,59,"Four Seasons Shenzhen extends access to our luxurious Spa, featuring a variety of massages, facial treatments, body wraps, wellness services and more.",150,shenzhen spa,shenzhen spa hotel,Shenzhen Spa,Hours% Favourites% Spa Services% Wellness Services% Relaxation Experiences,,,GG,,
Shenzhen,1,2,,2,Massages,"Weddings, Wellness & Dining",https://www.fourseasons.com/shenzhen/spa/massages/,,,,,,shenzhen massage,,,,,,GG,,
Shenzhen,1,2,,2,Weddings,"Weddings, Wellness & Dining",https://www.fourseasons.com/shenzhen/weddings/,200,Shenzhen Weddings | Wedding Hotel Shenzhen | Four Seasons Hotel Shenzhen,72,Four Seasons Hotel Shenzhen offers a prestigious location for your wedding event featuring elegant venues and bespoke packages set in the bustling Futian district.,163,shenzhen wedding,,Shenzhen Weddings% Shenzhen Weddings,Real Wedding Experiences% Wedding and Vow Renewal Services,,,GG,,
Shenzhen,1,2,,2,Facial Treatments ,Spa & Wellness,https://www.fourseasons.com/shenzhen/spa/facial-treatments/,,,,,,"shenzhen facial, shenzhen facial treatments ",,,,,,GG,,
Singapore,2,2,,2,Frontpage,Home,https://www.fourseasons.com/singapore/,200,Luxury Hotel Singapore | Four Seasons Singapore,47,Four Seasons Hotel Singapore is a luxury hotel located along Orchard Boulevard featuring indulging amenities like Michelin-starred dining & more.,145,singapore luxury hotel,,Singapore% Singapore% Singapore% Singapore by Four Seasons% AN EXCLUSIVE JET JOURNEY,An Urban Sanctuary on Orchard Boulevard% Accommodations% Discover Singapore% A Taste of Singapore% #FSSINGAPORE,,,Shruti,,
Singapore,2,2,,2,Accommodations,Accommodation,https://www.fourseasons.com/singapore/accommodations/,200,Luxury Hotel Rooms and Suites Singapore | Four Seasons Hotel Singapore,70,Step into luxurious hotel rooms and suites at Four Seasons Singapore along Orchard Road. Surround yourself with sweeping views of the city and beyond.,150,hotel rooms singapore | hotel suites singapore,,Singapore Luxury Hotel Rooms & Suites,Premier King Room% Premier Family Room% Boulevard Room% Deluxe Room% Deluxe Hypoallergenic Room% Club Room% One-Bedroom Club Suite% Premier Suite% Two-Bedroom Club Suite% Presidential Suite% Royal One-Bedroom Suite% Ambassador One-Bedroom Suite% Governor One-Bedroom Suite% By Design,,1,Shruti,,
Singapore,2,2,,2,Dining,"Weddings, Wellness & Dining",https://www.fourseasons.com/singapore/dining/,200,Singapore Fine Dining Restaurants & Bars | Four Seasons,55,"Discover the some of the best fine dining restaurants and bars on Orchard Road at Four Seasons Hotel Singapore, offering a variety of cuisines.",143,fine dining singapore | singapore restaurants,,Singapore Restaurants & Fine Dining% Singapore Restaurants & Fine Dining% Singapore Restaurants & Fine Dining,All Food and Drink% Meet the Team,,1,Shruti,,
Singapore,2,2,,2,Offers,Other,https://www.fourseasons.com/singapore/offers/,200,Singapore Hotel Packages & Special Offers | Four Seasons,56,"Discover Singapore hotel offers encompassing luxury accommodations, fine dining and bespoke experiences in this dynamic and vibrant city.",137,singapore hotel packages | singapore hotel offers,,Singapore Hotel Offers & Packages,Featured Offer,,1,Shruti,,
Singapore,2,2,,2,Photos & Videos,Other,https://www.fourseasons.com/singapore/photos-and-videos/,200,Singapore Hotel Photos & Videos | Four Seasons Hotel Singapore,62,"View photos and videos of Four Seasons Hotel Singapore, a luxury five-star hotel on tree-lined Orchard Boulevard in Singapore.",126,singapore hotel photos,,Photos & Videos,Hotel Overview% Accommodations% Dining% Destination% Weddings% Meetings & Events,,1,Shruti,,
Singapore,2,2,,2,Family,Other,https://www.fourseasons.com/singapore/services-and-amenities/family-at-four-seasons/,200,Family-Friendly Hotel Singapore | Four Seasons Hotel Singapore,62,"Discover our family-friendly hotel in Singapore with spacious suites, curated activities & things to do with kids. Plan your family holiday with Four Seasons.",158,family hotel singapore,,Family at Four Seasons,Family Activities in Singapore% Hotel Highlights% included% THINGS TO DO IN SINGAPORE WITH FAMILY AND KIDS% More for Kids,,,Shruti,,
Singapore,2,2,,2,Spa & Wellness,"Weddings, Wellness & Dining",https://www.fourseasons.com/singapore/spa/,200,Luxury Spa in Singapore | Four Seasons Hotel Singapore,54,Unwind at our luxury Spa at Four Seasons Hotel Singapore. Indulge in bespoke massages and holistic treatments at our wellness spa in Singapore.,143,luxury spa singapore,,Luxury Spa Singapore,A LUXURY SPA EXPERIENCE IN SINGAPORE% Hours% Favourites% Spa & Wellness Services% Highlights,,1,Shruti,,
Singapore,2,2,,2,Weddings,"Weddings, Wellness & Dining",https://www.fourseasons.com/singapore/weddings/,200,Singapore Wedding | Four Seasons Hotel Singapore,48,"Four Seasons Hotel Singapore offers an unforgettable wedding experience featuring one-of-a-kind venues, Michelin-starred cuisine expert planning & more.",152,singapore wedding,,Singapore Weddings% Singapore Weddings,Real Wedding Experiences% Wedding and Vow Renewal Services,,1,Shruti,,
Singapore,2,2,,2,Christmas,Other,https://www.fourseasons.com/singapore/seasonal/christmas/,200,A Christmas Holiday in Singapore | Four Seasons Hotel Singapore,63,"Experience a dazzling Christmas holiday in Singapore at Four Seasons, with lavish dinners, Christmas lights and traditional celebrations along Orchard Road.",156,christmas in singapore | singapore christmas,,Christmas,included% Christmas Highlights% Featured Accommodation,,,Shruti,,
Singapore,2,2,,2,New Year,Other,https://www.fourseasons.com/singapore/seasonal/new-year/,200,Celebrate the New Year in Singapore | Four Seasons,50,"Celebrate the new year at Four Seasons Hotel Singapore with exceptional dining, luxurious stays and unforgettable moments in the heart of the city.",147,new year in singapore | singapore new year,,New Year’s Celebrations in Singapore,included% New Year Highlights% Featured Accommodation,,,Shruti,,
St Louis,2,2,,2,Frontpage,Home,https://www.fourseasons.com/stlouis/,200,Luxury Hotel Downtown St. Louis | Four Seasons Hotel St. Louis,62,"Discover luxury at Four Seasons St. Louis, a downtown St. Louis hotel by the Mississippi River. Book now for breathtaking views and unmatched hospitality.",154,luxury hotels in st louis,downtown st louis hotels,St. Louis% St. Louis% St. Louis% St. Louis by Four Seasons,An Urban Oasis in Downtown St. Louis% Accommodations% Discover St. Louis% Ramsay’s Kitchen by Gordon Ramsay% #FSSTLOUIS,,,Hannah,,"[HR] I'm intrigued to know how the body copy scores in this instance as its 'Experience Four Seasons Hotel St. Louis, a luxury hotel'"
St Louis,2,2,,2,Accommodations,Accommodation,https://www.fourseasons.com/stlouis/accommodations/,200,Hotel Rooms in Downtown St Louis | Four Seasons St Louis,56,Discover luxury accommodation at Four Seasons with our downtown St Louis hotel rooms and suites. Book now for comfort and privacy in the heart of the city.,155,hotel rooms in st louis | st louis hotel rooms,hotel rooms downtown st louis,Hotel Rooms & Suites in St. Louis,Premier Arch-View Room% Arch-View Room% Grand Premier City-View Room% City-View Room% Four Seasons Riverfront Room% Arch One-Bedroom Suite% Presidential Suite% One-Bedroom Luxury Suite% Premier Arch-View Accessible Room% Grand Premier City-View Accessible Room% City-View Accessible Room% City-View Accessible Room with Roll-in Shower% Arch One-Bedroom Accessible Suite with Roll-in Shower% Arch One-Bedroom Accessible Suite,,1,Hannah,,"CG - Signed off keywords, working around scoring bug"
St Louis,2,2,,2,Suite Experience,Accommodation,https://www.fourseasons.com/stlouis/accommodations/suite-experience/,200,Luxury Hotel Suites in Downtown St. Louis | Four Seasons St. Louis,66,Discover luxury hotel suites at Four Seasons St. Louis with exclusive amenities and services through our Suite Experience. Book now for a tailored stay.,152,hotel suites st louis,"st louis suites, luxury suites in st louis",The St. Louis Suite Experience,Inclusions% Guests of Presidential and Luxury Suites will enjoy:% Guests of Arch One-Bedroom Suites will enjoy:% FEATURED SUITES,,,Hannah,,
St Louis,2,2,,2,Dining,"Weddings, Wellness & Dining",https://www.fourseasons.com/stlouis/dining/,200,Restaurants Downtown St Louis | Fine Dining | Four Seasons,58,Discover fine dining in Downtown St Louis at Four Seasons. Book now for a taste of Midwest cuisine or pub fare in a setting of warmth and elegance.,147,restaurants downtown st louis | fine dining st louis,st louis restaurants,St Louis Restaurants & Bars% St Louis Restaurants & Bars% St Louis Restaurants & Bars,All Food and Drink% Meet The Team% Events,,,Hannah,,
St Louis,2,2,,2,Offers,Other,https://www.fourseasons.com/stlouis/offers/,200,St. Louis Hotel Packages and Offers | Four Seasons Hotel St. Louis,66,Discover exclusive hotel packages and offers at Four Seasons Hotel St. Louis. Book now for a luxurious stay with stunning views of the iconic Gateway Arch.,155,st louis hotel packages,hotel offers st louis,Hotel Offers & Packages,Featured Offer,,,Hannah,,
St Louis,2,2,,2,Photos & Videos,Other,https://www.fourseasons.com/stlouis/photos-and-videos/,200,Photos & Videos | Four Seasons Hotel St. Louis,46,Four Seasons Hotel St. Louis presents a photo and video collection of this luxury retreat in the heart of downtown’s entertainment district.,140,four seasons hotel st. louis photos,,Photos & Videos,Hotel Overview% Services & Amenities% Accommodations,,,Hannah,,
St Louis,2,2,,2,Couples,Services & Amenities,https://www.fourseasons.com/stlouis/services-and-amenities/couples/,200,Couples Getaway | Retreat in St. Louis | Four Seasons Hotel St. Louis,69,"Retreat to Four Seasons Hotel St. Louis for a perfect couples’ getaway. Enjoy spa treatments, resort-style amenities and curated culinary experiences.",150,st louis couples getaway,,Couples Getaway in St. Louis,Couple Activities% included,,,Hannah,,
St Louis,2,2,,2,Pet Friendly Hotels,Services & Amenities,https://www.fourseasons.com/stlouis/services-and-amenities/pet-friendly-stays/,200,Pet Friendly Hotel in St. Louis | Four Seasons St. Louis,56,"Enjoy a luxurious, pet-friendly stay in St. Louis with thoughtful amenities, gourmet pet dining and nearby parks. Cats and dogs are welcome. Book today.",152,pet friendly hotels st louis,,Pet-Friendly Hotel in St. Louis,Hotel Highlight% Pet-Friendly Hospitality% HOTEL STAYS WITH YOUR PET% Pet Policy and Terms & Conditions,1,,Hannah,,
St Louis,2,2,,2,Pool,Services & Amenities,https://www.fourseasons.com/stlouis/services-and-amenities/pool/,200,Rooftop Pool in Downtown St. Louis | Four Seasons Hotel St. Louis,65,"Soak up the views from our rooftop outdoor pool and Sky Terrace, complete with a hot tub and private cabanas at Four Seasons Hotel St. Louis. Book now.",151,rooftop pool st louis,,Rooftop Pool St. Louis,Hours% Pool Amenities,,,Hannah,,
St Louis,2,2,,2,Spa & Wellness,"Weddings, Wellness & Dining",https://www.fourseasons.com/stlouis/spa/,200,Spa in St. Louis | Luxury Spa Hotel | Four Seasons St. Louis,60,Relax and rejuvenate at Four Seasons Spa in St. Louis. Enjoy luxury treatments and wellness in our resort-style hotel. Book your spa day today.,143,spa st louis | st louis spa,luxury spa st louis | spa hotel st louis,St. Louis Spa,Please Note% HOURS% Spa Services% Wellness Services,,,Hannah,,"CG - Signed off keywords, working around scoring bug"
St Louis,2,2,,2,Weddings,"Weddings, Wellness & Dining",https://www.fourseasons.com/stlouis/weddings/,200,St. Louis Weddings | Four Seasons Hotel St. Louis,49,"Celebrate your St. Louis wedding at Four Seasons with breathtaking views, luxury amenities, live music, fireworks and more. Book your dream wedding today.",154,st louis wedding,,St. Louis Weddings% St. Louis Weddings,Wedding and Vow Renewal Services,,,Hannah,,
St Louis,2,2,,2,Weddings,"Weddings, Wellness & Dining",https://www.fourseasons.com/stlouis/weddings/honeymoon/,200,St. Louis Honeymoon | Four Seasons Hotel St. Louis,50,"Four Seasons St. Louis offers the ultimate honeymoon experience at our urban oasis featuring luxe accommodations, romantic activities, fine dining and more.",156,st louis honeymoon,,St. Louis Honeymoons,,,,Hannah,,
St Louis,2,2,,2,Weddings,"Weddings, Wellness & Dining",https://www.fourseasons.com/stlouis/weddings/venues/,200,St. Louis Wedding Venues | Four Seasons Hotel St. Louis,55,"Choose the perfect St. Louis venue at Four Seasons, from our Sky Terrace overlooking the Mississippi to our elegant Ballroom. Book your dream venue today.",154,wedding venues st louis,,St. Louis Wedding Venues,Featured Venues% Find a Venue,,,Hannah,,
Surf Club,3,3,,3,Frontpage,Home,https://www.fourseasons.com/surfside/,200,Luxury Miami Beach Hotel | Four Seasons Hotel at The Surf Club,62,"Stay at Four Seasons Hotel at The Surf Club, a luxury hotel in Miami Beach. Enjoy oceanfront views, award-winning dining, and exceptional world-class service.",158,"luxury hotel miami beach
miami beach hotel
",,"at The Surf Club, Surfside, Florida% at The Surf Club, Surfside, Florida% at The Surf Club, Surfside, Florida% An Iconic Miami Beach Hotel by Four Seasons% Residences available for purchase",Oceanfront Elegance Within an Iconic Miami Beach Club Setting% Accommodations% Discover Miami Beach% A Culinary Journey in an Inviting Ambiance% #FSSURFSIDE,,,Jon,,
Surf Club,3,3,,3,Accommodations,Accommodation,https://www.fourseasons.com/surfside/accommodations/,200,Miami Beach Accommodation | Four Seasons The Surf Club,54,"Discover Miami Beach accommodation at Four Seasons Hotel at The Surf Club, with luxury guest rooms, beachfront cabana suites and private residences by the ocean.",161,miami beach accommodation ,,Miami Beach Accommodation,Surf Club Room% City-View Room% Deluxe Surfside Room% Ocean Bungalow% Surfside Corner Room% Ocean-View Corner Room% Oceanfront Room% Surf Club One Bedroom Suite% Bay-View One-Bedroom Suite% Oceanfront One Bedroom Suite% City-View Two-Bedroom Suite% Bay-View Two-Bedroom Suite% Oceanfront Two Bedroom Suite% Oceanfront Four-Bedroom Suite% Marybelle Penthouse Suite% Beach Villa at The Surf Club% City-View Accessible Room% Accessible Ocean Bungalow% Oceanfront Accessible Room% Accessible Bay-View One-Bedroom Suite% Accessible Ocean Front One Bedroom Suite% Interior Design,,,Jon,,
Surf Club,3,3,,3,Dining,"Weddings, Wellness & Dining",https://www.fourseasons.com/surfside/dining/,200,"Miami Beach Restaurants | Fine Dining at The Surf Club, Four Seasons",68,"Discover Miami Beach fine dining at Four Seasons Hotel at The Surf Club, offering exquisite culinary experiences at Lido Restaurant, Champagne Bar and more.",156,"Miami Beach restaurants
Miami Beach fine dining",,Miami Beach Dining% Miami Beach Dining% Miami Beach Dining,All Food and Drink% Private Dining,,,Jon,,
Surf Club,3,3,,3,Brunch in Miami Beach,"Weddings, Wellness & Dining",https://www.fourseasons.com/surfside/dining/restaurants/brunch/,200,Brunch in Miami Beach | The Terrace at Four Seasons Surf Club,61,"Join us for a sun-soaked Sunday brunch in Miami Beach at The Terrace. Enjoy à la carte dishes, ocean views, and a vibrant atmosphere at Four Seasons Hotel at The Surf Club.",172,"brunch in miami beach, miami beach brunch",,Brunch in Miami Beach,Hours% Miami Beach Brunch Menu% Brunch Menu Highlights% The Team% More Dining Options,,,Jon,,
Surf Club,3,3,,3,Experiences,Experiences,https://www.fourseasons.com/surfside/experiences/,200,Miami Beach Experiences | Key West & Everglades Tours and more,62,"Discover Miami Beach experiences by Four Seasons Hotel at The Surf Club, from Key West tours to Everglades adventures. Experience South Florida's beauty.",153,miami beach experiences,,Experiences,Aquatic Escapades% Airborne Adventures,,,Jon,,
Surf Club,3,3,,3,Offers,Other,https://www.fourseasons.com/surfside/offers/,200,Miami Beach Hotel Offers & Packages | Four Seasons Surf Club,60,Unlock luxury with Miami Beach vacation packages and hotel offers at Four Seasons Surf Club. Enjoy exclusive deals on luxury stays and amenities. Book today!,157,miami beach hotel offers and packages,,Miami Beach Hotel Offers & Packages,Featured Offer,,,Jon,,
Surf Club,3,3,,3,Photos & Videos,Other,https://www.fourseasons.com/surfside/photos-and-videos/,200,Four Seasons Hotel at The Surf Club | Miami Beach Hotel Photos,62,"Explore stunning photos and videos from Four Seasons Hotel at The Surf Club. Discover the luxury, elegance and beauty of this iconic Miami Beach destination.",157,"miami beach hotel photos
surf club photos",,Photos & Videos,Hotel Overview% Services and Amenities% Accommodations% Dining,,,Jon,,
Surf Club,,3,,3,Christmas,Other,https://www.fourseasons.com/surfside/seasonal/christmas/,200,Christmas in Miami Beach | Four Seasons at The Surf Club,56,"Celebrate Christmas in Miami Beach with a luxury stay at Four Seasons at The Surf Club. Enjoy festive dining, kids activities and seasonal events by the sea.",157,christmas in miami beach,,Christmas in Miami Beach,Christmas by the Sea in Miami Beach,,,Jon,,
Surf Club,,3,,3,New Year's Eve,Other,https://www.fourseasons.com/surfside/seasonal/new-year/,200,Miami Beach New Year’s Eve 2025 | Four Seasons The Surf Club,60,"Celebrate New Year’s Eve 2025 in Miami Beach with a stay at Four Seasons at The Surf Club, featuring festive dining, seasonal events & oceanfront celebrations.",159,miami beach new year's eve,,Miami Beach New Year's Eve 2025,Miami Beach New Year Escape,,,Jon,,
Surf Club,3,3,,3,Spring Break,Other,https://www.fourseasons.com/surfside/seasonal/spring-break/,,,,,,miami beach spring break,,,,1,,Jon,,
Surf Club,,3,,3,Thanksgiving,Other,https://www.fourseasons.com/surfside/seasonal/thanksgiving/,200,Thanksgiving in Miami Beach | Four Seasons at The Surf Club,59,"Spend Thanksgiving in Miami Beach with a refined stay at Four Seasons at The Surf Club. Enjoy holiday dining, family celebrations and oceanfront relaxation.",156,"miami beach thanksgiving, miami beach festive brunch",,Thanksgiving in Miami Beach,Miami Beach Thanksgiving Escape,,,Jon,,
Surf Club,3,3,,3,Valentine's Day,Other,https://www.fourseasons.com/surfside/seasonal/valentines-day/,,,,,,valentine's day miami beach,valentine's day,,,1,,Jon,,
Surf Club,3,3,,3,Spa & Wellness,"Weddings, Wellness & Dining",https://www.fourseasons.com/surfside/spa/,200,Luxury Miami Beach Spa | Four Seasons Hotel at The Surf Club,60,"Discover real tranquillity at our Miami Beach spa, Four Seasons. Indulge in luxury massages, wellness treatments and facials. Book your serene escape today.",156,miami beach spa,surfside spa,Miami Beach Spa at The Surf Club,Hours% Favourites at our Miami Beach Spa% Spa Services% Fitness & Wellness Practices% Fitness & Wellness Experiences,,,Jon,,
Surf Club,3,3,,3,Private Retreats,Private Retreats,https://www.fourseasons.com/surfside/villa-residence-rentals/,200,Luxury Miami Beach Vacation Rentals | Four Seasons Surf Club,60,"Escape to Four Seasons Surf Club, offering luxury Surfside vacation rentals on Miami Beach. Glamorous oceanview suites and exclusive beach access. Book today.",158,miami beach vacation rentals,,Villa & Residence Rentals% Villa & Residence Rentals% Explore accommodations,included% An elevated vacation experience,,,Jon,,
Surf Club,3,3,,3,Weddings,"Weddings, Wellness & Dining",https://www.fourseasons.com/surfside/weddings/,200,Miami Beach Wedding Packages | Four Seasons Hotel at The Surf Club,66,"Plan your dream Miami Beach wedding at Four Seasons Hotel at The Surf Club, with customizable wedding packages and stunning event spaces for a perfect day.",155,"miami beach weddings
miami beach wedding packages",surfside weddings,Miami Beach Weddings% Miami Beach Weddings,A PRIVATE MIAMI BEACH WEDDING EXPERIENCE AT AN ICONIC OCEANFRONT DESTINATION% MIAMI BEACH WEDDING EXPERIENCES% WEDDING AND VOW RENEWAL SERVICES% Weddings at The Surf Club Are Exclusively Yours,,,Jon,,
Suzhou,1,1,2,2,Frontpage,Home,https://www.fourseasons.com/suzhou/,200,Luxury Hotel Suzhou | Four Seasons Hotel Suzhou,47,Experience the renowned beauty of Suzhou in an unforgettable location. Our private island retreat on Jinji Lake offers dramatic lake views.,139,luxury hotel suzhou,,Suzhou% Suzhou% Suzhou% SUZHOU BY FOUR SEASONS,Accommodations% Discover Suzhou% The Essentials% THE ULTIMATE URBAN ESCAPE,,,Shruti,,
Suzhou,1,1,2,2,Accommodations,Accommodation,https://www.fourseasons.com/suzhou/accommodations/,200,Suzhou Accommodation | Four Seasons Hotel Suzhou,48,"From luxury villas to suites and guest rooms, Four Seasons Hotel Suzhou offers plenty of luxury accommodation types for your stay in Suzhou.",140,hotel suzhou,,Suzhou Accommodations,Deluxe Garden-View Room% Garden Terrace Room% Deluxe Lake-View Room% Premier Lake View Room% Executive Lake-View Room% Deluxe Lake-View Suite% Premier Garden Terrace Suite% Suzhou Heritage Suite% Penthouse Suite% One Bedroom Garden Villa% Two Bedroom Garden Villa% Two Bedroom Grand Villa with Pool% By Design,,,Shruti,,
Suzhou,1,1,2,2,Dining,"Weddings, Wellness & Dining",https://www.fourseasons.com/suzhou/dining/,200,Suzhou Restaurants | Four Seasons Hotel Suzhou,46,"Whether you're looking for traditional pan-Chinese cuisine or local delicacies from Suzhou's Jiangsu province, Four Seasons Hotel Suzhou offers plenty of fine-dining options.",174,restaurants suzhou,,Suzhou Fine Dining% Suzhou Fine Dining% Suzhou Fine Dining,All Food and Drink% Prix Fixe Menu% Meet the Team,,,Shruti,,
Suzhou,1,1,2,2,Experiences,Experiences,https://www.fourseasons.com/suzhou/experiences/,200,Four Seasons Hotels and Resorts | Luxury Hotels | Four Seasons | Experiences,76,Experiences,11,things to do in suzhou,,Experiences,Aquatic Escapades% Local Experiences% Wellness Activities% Learn More About Suzhou from Our Team,,,Shruti,,
Suzhou,1,1,2,2,Offers,Other,https://www.fourseasons.com/suzhou/offers/,200,Luxury Hotel Offers and Packages in Suzhou | Four Seasons,57,Explore Four Seasons Hotel Suzhou’s luxury offers and packages designed to make your private island retreat an unforgettable experience.,136,hotel offers in suzhou,,Suzhou Hotel Offers & Packages,Featured Offer,,,Shruti,,
Suzhou,1,1,2,2,Spa & Wellness,"Weddings, Wellness & Dining",https://www.fourseasons.com/suzhou/spa/,200,Suzhou Spa | Four Seasons Hotel Suzhou,38,"Reflecting Suzhou’s rich heritage and culture, our spa welcomes you into a sunken courtyard that ensconces you in an aura of calm.",130,suzhou spa,suzhou massage spa,Suzhou Spa,Hours% Favourites% Spa Services% Wellness% Fitness,,,Shruti,,
Suzhou,1,1,2,2,Weddings,"Weddings, Wellness & Dining",https://www.fourseasons.com/suzhou/weddings/,200,Suzhou Weddings | Four Seasons Hotel Suzhou,43,"Infuse your wedding day with enchantment and elegance amid the lush surroundings of our private island retreat, just minutes from the centre of Suzhou.",151,suzhou wedding,,Suzhou Weddings% Suzhou Weddings,Real Wedding Experiences% Wedding and vow renewal services,,,Shruti,,
Sydney,3,3,,3,Frontpage,Home,https://www.fourseasons.com/sydney/,200,Luxury Hotel in Sydney | Circular Quay CBD Hotel | Four Seasons,63,"Escape to Four Seasons Hotel Sydney, an award-winning luxury hotel in Sydney CBD with Harbour Bridge views, close to Circular Quay, Opera House & The Rocks.",156,hotels sydney cbd | luxury hotels sydney,"sydney hotels with harbour views
",Sydney% Sydney% Sydney% Sydney By Four Seasons,Luxury Views From the Harbour’s Edge% Accommodations% Discover Sydney% The Flavours of Australia% #FSSYDNEY,,,Shruti,,
Sydney,3,3,,3,Accommodations,Accommodation,https://www.fourseasons.com/sydney/accommodations/,200,Luxury Accommodation in Sydney CBD | Hotel Suites | Four Seasons Hotel Sydney,77,"Four Seasons offers luxury hotel accommodation in Sydney CBD with stunning harbour views, premium furnishings and amenities. Book your Sydney suite today.",154,luxury accommodation sydney,hotel suites sydney | sydney suites | hotel room sydney,Luxury Accommodations in Sydney CBD,Deluxe Partial Harbour Room% Deluxe Full Harbour Room% Deluxe City Room% Superior City Room% Sydney City Studio Suite% Sydney Partial Harbour Studio Suite% Sydney Opera Studio Club Suite% Sydney Harbour Studio Club Suite% One-Bedroom City Club Suite% One-Bedroom Opera Club Suite% One-Bedroom Full Harbour Club Suite% One-Bedroom City Royal Suite% One-Bedroom Opera Royal Suite% One-Bedroom Presidential Suite% Two-Bedroom Presidential Suite% Deluxe Full Harbour Accessible Room% Deluxe City Accessible Room% Superior City Accessible Room% Sydney Opera Studio Club Accessible Suite% Interior Design,,,Shruti,,
Sydney,3,3,,3,Dining,"Weddings, Wellness & Dining",https://www.fourseasons.com/sydney/dining/,200,Fine Dining Sydney | Circular Quay Restaurants | Four Seasons,61,Delight your taste buds with Four Seasons Hotel Sydney’s range of fine dining restaurants and bars. Embark on an extraordinary journey into Australian cuisine. Book now.,169,fine dining sydney | fine dining restaurants sydney,sydney fine dining | places to eat circular quay,Fine-Dining Restaurants in Sydney% Fine-Dining Restaurants in Sydney% Fine-Dining Restaurants in Sydney,All Food and Drink% Prix Fixe Menus,,,Shruti,,
Sydney,3,3,,3,Offers,Other,https://www.fourseasons.com/sydney/offers/,200,Sydney Vacation Packages & Offers | Four Seasons Hotel Sydney,61,"Discover exclusive hotel offers and Sydney vacation packages at Four Seasons Hotel Sydney, perfect for luxury romantic stays and family holidays.",145,hotel offers sydney,,Sydney Hotel Offers & Packages,Featured Offer,,,Shruti,,
Sydney,3,3,,3,Photos & Videos,Other,https://www.fourseasons.com/sydney/photos-and-videos/,200,Sydney Luxury Hotel Photos & Videos | Four Seasons Sydney,57,"View photos and videos of Four Seasons Hotel Sydney, a luxury five-star hotel in The Rocks district in Sydney, Australia.",121,hotel sydney photos,,Photos & Videos,Hotel Overview% Accommodations% Dining,,,Shruti,,
Sydney,3,3,,3,Seasonal,Other,https://www.fourseasons.com/sydney/seasonal/,200,"Thanksgiving, Christmas and New Year Celebrations in Sydney | Four Seasons",74,"Celebrate Christmas and New Year’s Eve at Four Seasons Hotel Sydney with luxurious stays, harbourfront views, festive dining and holiday events.",144,celebrations in sydney,,Festive Events in Sydney,included% Hotel Highlights,,,Shruti,,
Sydney,3,3,,3,Executive Club,Other,https://www.fourseasons.com/sydney/services-and-amenities/executive-club/,200,Executive Club Lounge | Four Seasons Sydney,43,Our Executive Club Lounge provides exclusive privileges for guests booking a Club Room or a Club Suite.  Find out more and book your luxury stay now.,149,executive club lounge,sydney hotels with executive lounge,Four Seasons Executive Club Lounge Sydney,Hours% An Exclusive Retreat% included% Club Service and Amenities,,,Shruti,,Keyword missing location
Sydney,3,3,,3,Family,Other,https://www.fourseasons.com/sydney/services-and-amenities/family/,200,Luxury Family and Kid-Friendly Hotel in Sydney | Four Seasons,61,"Enjoy family-friendly hotel accommodations in Sydney at Four Seasons. Book a perfect family holiday with special amenities, dining and activities for kids.​",156,family friendly hotel in sydney,family friendly accommodation sydney city,Family-Friendly Hotel Sydney,Family Activities in Sydney% included% More for Kids,,,Shruti,,
Sydney,3,3,,3,Fitness,Other,https://www.fourseasons.com/sydney/services-and-amenities/fitness/,200,Luxury Gym & Fitness Centre Sydney CBD | Four Seasons,53,"Elevate your fitness ritual in our luxury gym in the CBD at Four Seasons Hotel Sydney, featuring premium equipment, a sauna and an outdoor swimming pool.",153,sydney gym,luxury gym sydney,Sydney Gym,Hours% Fitness Services and Amenities,,,Shruti,,
Sydney,3,3,,3,Pool,Other,https://www.fourseasons.com/sydney/services-and-amenities/pool/,200,Sydney Hotel with Pool | Four Seasons Hotel Sydney,50,"Spend a relaxing afternoon swimming in one of Sydney’s largest heated outdoor hotel pools at Four Seasons, complemented by a poolside beverage.",143,sydney hotel with pool,hotel with pool sydney | best hotel pools sydney,Sydney Hotel With Pool,Hours% Pool Highlights% Pool Services & Amenities,,,Shruti,,
Sydney,3,3,,3,Spa & Wellness,"Weddings, Wellness & Dining",https://www.fourseasons.com/sydney/spa/,200,Luxury Day Spa Sydney | Spa Treatments | Four Seasons Hotel Sydney,66,Four Seasons Endota Day Spa Sydney offers all-Australian spa treatments such as healing massages and facials that will rejuvenate body and mind.,144,spa sydney,,Endota Spa Sydney,Hours% Favourites% Spa Services% Relaxation Experiences,,,Shruti,,
Sydney,3,3,,3,Weddings,"Weddings, Wellness & Dining",https://www.fourseasons.com/sydney/weddings/,200,Sydney Weddings | Luxury Weddings With Four Seasons,51,Host your dream Sydney wedding at Four Seasons Hotel Sydney by the Harbour. Every detail is perfected for your special day. Reserve your date today.,148,sydney weddings,wedding venue in sydney,Sydney Weddings% Sydney Weddings,REAL Sydney WEDDING EXPERIENCES% WEDDING AND VOW RENEWAL SERVICES,,,Shruti,,
Tamarindo,2,3,,3,Frontpage,Home,https://www.fourseasons.com/tamarindo/,200,Tamarindo Luxury Beach Resort | Four Seasons Resort,51,"Escape to our luxury beach and golf resort at Four Seasons Tamarindo, México. Explore nature's beauty by the Pacific. Book your secluded retreat now.",149,tamarindo luxury resort,tamarindo resorts,"Tamarindo, México% Tamarindo, México% Tamarindo, México% MEXICO: ROOTS & RITUALS% TAMARINDO BY FOUR SEASONS","A beachfront resort on the Pacific Coast of Mexico, set within a private nature reserve% Accommodations% Discover Tamarindo% AN UNDISCOVERED NATURE RESERVE% #FSTAMARINDO",,,Shruti,,
Tamarindo,2,3,,3,Accommodations,Accommodation,https://www.fourseasons.com/tamarindo/accommodations/,200,Tamarindo Luxury Villas | Four Seasons Resort Tamarindo,55,"Explore our luxury villas, beach houses, and vacation rentals in Tamarindo at Four Seasons. Your perfect getaway in Mexico awaits. Book now.",140,tamarindo luxury villas,tamarindo beach house | tamarindo vacation rentals,Tamarindo Accommodations,Cliffside Panoramic One-Bedroom Suite with Infinity Pool% Cliffside Ocean-View One-Bedroom Suite with Infinity Pool% Cliffside One-Bedroom Suite with Infinity Pool% Beachfront One-Bedroom Suite with Infinity Pool% Beachfront Two-Bedroom Outer-Connected Suite with Infinity Pool% Oceano Beachfront Two-Bedroom Suite with Infinity Pool% Beachfront Room% Premium Beachfront Room% Nature Room% Tamarindo Panoramic Five-bedroom Villa With Infinity Pool% Pacifico Three-Bedroom Villa With Infinity Pool% Four-Bedroom Ocean-View House with Pool% Six-Bedroom Beach House with Pool,,,Shruti,,
Tamarindo,2,3,,3,Dining,"Weddings, Wellness & Dining",https://www.fourseasons.com/tamarindo/dining/,200,Tamarindo Restaurants and Bars | Four Seasons Tamarindo,55,Savour authentic Mexican flavours at our Tamarindo restaurants. Experience culinary excellence crafted with locally sourced ingredients. Reserve now.,149,tamarindo restaurants,tamarindo beach restaurants | bars in tamarindo,Restaurants in Tamarindo% Restaurants in Tamarindo% Restaurants in Tamarindo,All Food and Drink% Culinary Activities% Exceptional Dining% Breakfast,,,Shruti,,
Tamarindo,2,3,,3,Experiences,Experiences,https://www.fourseasons.com/tamarindo/experiences/,200,"Curated Experiences in Costalegre, Mexico | Four Seasons Tamarindo",66,"Discover curated activities at Four Seasons Tamarindo, Mexico. Enjoy nature hikes, culinary classes and ocean adventures, and bask in serene spa treatments.",156,tamarindo activities | mexico experiences​,,Experiences,Local Experiences% Wellness Activities% Aquatic Escapades% Land Pursuits% Airborne Adventures% Facilities & Services,,,Shruti,,
Tamarindo,2,3,,3,Offers,Other,https://www.fourseasons.com/tamarindo/offers/,200,Tamarindo Resort Packages & Special Offers | Four Seasons,57,"Explore Tamarindo resort offers with luxury stays, dining and unforgettable experiences in this Mexican coastal paradise.",121,tamarindo packages | tamarindo offers,,Tamarindo Mexico Resort Offers & Packages,Featured Offer,,,Shruti,,
Tamarindo,2,3,,3,Photos & Videos,Other,https://www.fourseasons.com/tamarindo/photos-and-videos/,200,Four Seasons Resort Tamarindo | Resort Overview,47,See how the contemporary architecture and thoughtful interior design blend with the natural surroundings and showcase local materials and textiles.,147,tamarindo mexico,,,Resort Overview% Accommodations% Tamarindo Adventures% Golf% Dining% Events,,,Shruti,,
Tamarindo,,3,,3,Festive,Other,https://www.fourseasons.com/tamarindo/seasonal/festive/,200,"Thanksgiving, Christmas & New Year Holidays | Four Seasons Resort Tamarindo",75,"Escape to Four Seasons Resort Tamarindo, Mexico for the holidays to celebrate Christmas & New Year's Eve surrounded by nature with sustainable family activities.",161,christmas resort | holiday in mexico,,"Holiday Season at Four Seasons Resort Tamarindo, Mexico",Join Us for the Holidays% Something for Everyone% Holiday Resort Highlights,,,Shruti,,First keyword missing location
Tamarindo,,3,,3,Summer,Other,https://www.fourseasons.com/tamarindo/seasonal/summer/,200,"Summer Beach Vacation | Four Seasons Resort Tamarindo, Mexico",61,"Discover the best of summer in Mexico at Four Seasons Resort Tamarindo. Plan your summer beach vacation with golf, water sports and unique activities.",150,summer vacation mexico,,Summer in Tamarindo,Join Us in Summer% Tamarindo Dining% Resort Highlights% included,,,Shruti,,
Tamarindo,,3,,3,Discover Costalegre,Other,https://www.fourseasons.com/tamarindo/services-and-amenities/discover-costalegre/,200,"A Costalegre Resort | Four Seasons Resort Tamarindo, México",59,"Discover the Costalegre of Mexico when visiting Four Seasons Resort Tamarindo. Embrace slow travel surrounded by pristine beaches, lush jungles and rich culture.",161,costalegre resort,costalegre mexico resorts | costa alegre mexico resorts,Discover Costalegre,Destination Highlights% Puro Talento Mexicano,,,Shruti,,
Tamarindo,,3,,3,Family,Other,https://www.fourseasons.com/tamarindo/services-and-amenities/family/,200,Family Vacations in Mexico | Four Seasons Resort Tamarindo,58,Plan your ultimate family vacation in Mexico at Four Seasons Resort Tamarindo. Enjoy a curated family trip with kids' programs and teen-friendly activities.,156,family vacation in mexico,mexico family resorts | mexico family vacations,Tamarindo with Family and Kids% Discover your Tamarindo journey,Resort Highlights% Featured Activity% Family-Friendly Activities% More To Explore Together,,,Shruti,,
Tamarindo,,3,,3,Tamarindo Adventures,Experiences,https://www.fourseasons.com/tamarindo/services-and-amenities/tamarindo-adventures/,200,Things to Do in Tamarindo | Activities at Four Seasons,54,Discover top Tamarindo activities and things to do in our vast nature reserve. Explore pristine coastlines and curated experiences. Book your adventure today.,158,things to do in tamarindo,,Plan Your Tamarindo Activities% Discover your Tamarindo journey,Where nature replenishes the soul and inspires new things to do in Tamarindo% Unforgettable Experiences% A Taste of Tamarindo at Rancho Lola% Savour the Sea% Private Dinner and Small Wonders Night Exploration% Hike and Picnic at Dorada Beach% Spa Under the Stars% Discover More% For Kids and Teens% Meet the Team,,,Shruti,,
Tamarindo,2,3,,3,Spa & Wellness,"Weddings, Wellness & Dining",https://www.fourseasons.com/tamarindo/spa/,200,Spa Tamarindo | Four Seasons Resort Tamarindo,45,"Experience the essence of relaxation at Four Seasons Tamarindo Spa. Surrounded by the jungle, unwind in our tranquil cabins. Book your spa retreat now.",151,spa tamarindo,tamarindo retreat,Spa and Wellness in Tamarindo,Hours% Favourites% Spa Services% Relaxation Experiences,,,Shruti,,
Tamarindo,2,3,,3,Weddings,"Weddings, Wellness & Dining",https://www.fourseasons.com/tamarindo/weddings/,200,Tamarindo Wedding | Four Seasons Resort Tamarindo,49,Plan your dream wedding at Four Seasons Tamarindo. Experience natural beauty and sophistication in a serene Mexican setting. Contact us now.,140,tamarindo wedding,tamarindo wedding venues,Tamarindo Weddings% Tamarindo Weddings,Discover the Magic% Wedding Highlights% Your FS Events in Tamarindo,,,Shruti,,
Taormina,3,3,,3,Frontpage,Home,https://www.fourseasons.com/taormina/,200,"Luxury 5 Star Hotel in Taormina, Sicily | Four Seasons Taormina at San Domenico Palace",86,"Discover Four Seasons Taormina at San Domenico Palace, a luxury Five-Star Hotel offering breathtaking sea views of the Mediterranean, world-class amenities and personalized service in the heart of Sicily. Experience the finest in comfort and elegance at this iconic retreat.",274,"luxury hotel Taormina,5-star hotel in Taormina",,"San Domenico Palace, Taormina% San Domenico Palace, Taormina% San Domenico Palace, Taormina% TAORMINA BY FOUR SEASONS",Unparalleled Luxury at Our Five-Star Hotel in Taormina with Stunning Sea Views% Accommodations% Discover Taormina% Our Botanica Spa,,,Darren,,
Taormina,3,3,,3,Accommodations,Accommodation,https://www.fourseasons.com/taormina/accommodations/,200,"Luxury Accommodations Taormina, Sicily | Four Seasons at San Domenico Palace",76,"See our luxury accommodations, including sea-view deluxe rooms and elegant and spacious private pool suites at Four Seasons Taormina at San Domenico Palace.",156,"luxury accommodation taormina
",luxury accommodation in sicily,Luxury Accommodation in Taormina,"Superior Room% Deluxe Room% Sea-View Deluxe Room% Sea-View Premium Room% Sea-View Premium Room with Terrace% Convento Studio Suite with Terrace% Sea-View Studio Suite% Sea-View Studio Suite with Plunge Pool% Sea-View Executive Suite% Executive Suite Plunge Pool, Sea-View% Etna Suite% Teatro Suite% Princess Cecilie Suite% San Domenico Suite% Royal Suite",,,Darren,,
Taormina,3,3,,3,Dining,"Weddings, Wellness & Dining",https://www.fourseasons.com/taormina/dining/,200,Best Taormina Restaurant with a View | Four Seasons at San Domenico Palace,74,"Enjoy our Taormina restaurants with a sea view while indulging in culinary excellences at our signature restaurant Principe Cerami, or enjoy a light meal or bespoke cocktail at one of our open-air bars and lounges.",214,"Taormina restaurant with a view,taormina restaurant",,Taormina Restaurants% Taormina Restaurants% Taormina Restaurants,All Food and Drink,,,Darren,,
Taormina,3,3,,3,Breakfast,"Weddings, Wellness & Dining",https://www.fourseasons.com/taormina/dining/restaurants/breakfast/,200,Taormina Breakfast with a View | Four Seasons San Domenico Palace,65,Savour mornings with Sicilian delicacies. Breakfast is served in our bright restaurant or on our iconic terrace with breathtaking views of Mount Etna and Taormina Bay.,167,taormina breakfast,taormina breakfast with a view,Breakfast,Hours% Menu% Highlight% Signature Dishes% More Dining Options,1,,Darren,,
Taormina,3,3,,3,Experiences,Experiences,https://www.fourseasons.com/taormina/experiences/,200,Experience Unique Sicilian Excursions & Day Trips From Taormina,63,"Experience the best day trips from Taormina: Mount Etna Tour, The Godfather Tour, Private City and wine trips make the perfect Sicilian adventure.",146,"day trips from taormina,taormina tours",,Experiences,Local Experiences% Airborne Adventures,,,Darren,,
Taormina,3,3,,3,Etna,Other,https://www.fourseasons.com/taormina/mount-etna-tours/,200,Mount Etna Tours from Taormina | Private Luxury Excursions by Four Seasons,74,"Embark on unforgettable Mount Etna tours from Taormina with Four Seasons. Enjoy private helicopter rides, vineyard dinners and expert-led volcano adventures in style.",166,"mount etna tours from taormina,etna excursions",,Mount Etna Tours from Taormina,Majesty of Mount Etna% included% Our Etna Trips% Mount Etna Wine Tours% Wine Tasting Experiences,1,,Darren,,
Taormina,3,3,,3,Offers,Other,https://www.fourseasons.com/taormina/offers/,200,Sicily Hotel Packages & Offers | Four Seasons Sicily,52,Discover exclusive Sicily hotel offers and packages at Four Seasons. Experience luxury with our specially designed packages that highlight the best of Sicily.,158,"Taormina Hotel Offers,Taormina hotel packages",sciliy hotel packages,Taormina Hotel Offers & Packages,Featured Offer,,,Darren,,
Taormina,3,3,,3,Photos & Videos,Other,https://www.fourseasons.com/taormina/photos-and-videos/,200,Sicily Hotel Photos & Video | Four Seasons at San Domenico Palace,65,Peruse photos and videos of our luxury hotel Four Seasons Taormina at San Domenico Palace.,90,"Sicily Hotel Photos,Four Seasons Taormina photos",,,Hotel Overview% Accommodations% Taormina Restaurants% Botanica Spa% Taormina Wedding Venue% Hotel Pool% Taormina Beaches,,,Darren,,
Taormina,3,3,,3,Boat Tours,Other,https://www.fourseasons.com/taormina/services-and-amenities/boat-tours/,200,Private Luxury Boat Tours from Taormina | Four Seasons,54,"Discover exclusive private boat tours from San Domenico Palace, Taormina, A Four Seasons Hotel. Explore Isola Bella, Aeolian Islands and the Cyclops Coast in luxury. Half-day, full-day and sunset cruises are available.",218,Boat Tours from Taormina,,Luxury Private Boat Tours from Taormina,included% Water Journeys from Taormina,1,,Darren,,
Taormina,3,3,,3,Pool,Other,https://www.fourseasons.com/taormina/services-and-amenities/pools/,200,Luxury Taormina Hotel with Cliffside Infinity Swimming Pool | Four Seasons,74,"Discover breathtaking cliffside views at Four Seasons Taormina’s luxurious infinity pool. Relax and unwind at one of the top hotels in Taormina with a stunning swimming pool, offering serene settings and unparalleled vistas over the Mediterranean.",247,"taormina hotel pool,Infinity Pool",infinity pool sicily,Infinity Pool,Pool Hours% Infinity Pool Highlights% Services & Amenities% Poolside Restaurant & Bar% Spa Pool% Suites with Pool & Sea Views,1,,Darren,,
Taormina,3,3,,3,Beaches,Other,https://www.fourseasons.com/taormina/services-and-amenities/taormina-beaches/,200,"Beautiful Taormina Beaches Near San Domenico Palace, A Four Seasons Hotel | Best Beaches in Sicily",98,"Explore the best Taormina beaches, from iconic Isola Bella and hidden coves to beach clubs, photo spots and seaside dining.",123,taormina beaches,,Discover Beautiful Taormina Beaches,Best Beaches in Taormina% Hidden Beaches & Secluded Coves% Taormina Beach Clubs & Activities,1,,Darren,,
Taormina,3,3,,3,Spa & Wellness,"Weddings, Wellness & Dining",https://www.fourseasons.com/taormina/spa/,200,Taormina Spa Hotel Sicily | Four Seasons San Domenico Palace,60,"Indulge in revitalizing treatments, including soothing massages, healing skincare treatments, facials and more. Discover our five treatment rooms, indoor pool, sauna and Turkish bath while taking in the Etna views.",214,"hotel spa taormina,spa taormina",,BOTANICA SPA TAORMINA,Hours% Favourites% Spa Services% Wellness Centre,,,Darren,,
Taormina,3,3,,3,Itinerary,Other,https://www.fourseasons.com/taormina/three-day-itinerary/,,,,,,3 Days in Taormina,taormina itinerary,,,1,,Darren,,
Taormina,3,3,,3,Weddings,"Weddings, Wellness & Dining",https://www.fourseasons.com/taormina/weddings/,200,Taormina Wedding Venue | Four Seasons Hotel at San Domenico Palace Taormina,75,"Discover the perfect wedding venues at Four Seasons Taormina. Set against stunning coastal and mountain views, our luxurious spaces offer an unforgettable backdrop for your wedding day in Sicily. Let us create your dream wedding with personalized services and breathtaking locations.",283,taormina wedding venue,Sicily wedding venue,Taormina Wedding Venues% Taormina Wedding Venues,Our Wedding Venues% Wedding Highlights,,,Darren,,
"The Nam Hoi, Hoi An",2,2,2,2,Frontpage,Home,https://www.fourseasons.com/hoian/,200,"Forbes 5-Star Luxury Beach Resort in Hoi An, Vietnam | Four Seasons",67,"Escape to Four Seasons The Nam Hai, a Forbes 5-Star luxury beach resort in Hoi An, Vietnam. Experience tranquillity and world-class amenities. Book now.",152,vietnam luxury resort | vietnam resorts 5 star,vietnam beach resorts | hoi an beach resort | vietnam luxury beach resorts | hoi an resort | hoi an resorts 5-star,"The Nam Hai, Hoi An, Vietnam% The Nam Hai, Hoi An, Vietnam% The Nam Hai, Hoi An, Vietnam% Hoi An by Four Seasons",A luxury Forbes 5-Star beach resort in Vietnam’s heartland% Accommodations% Discover Hoi An% Sound & Breath% #FSNAMHAI,,,Becky,,
"The Nam Hoi, Hoi An",2,2,2,2,Accommodations,Accommodation,https://www.fourseasons.com/hoian/accommodations/,200,"Luxury Villas with Private Pools in Hoi An, Vietnam | Four Seasons",66,"Experience 5-star luxury villas with private pools in Hoi An, Vietnam. Enjoy ocean views, tranquil gardens and world-class service at Four Seasons.",147,vietnam villas | luxury villas hoi an,luxury villas hoi an | private pool villa vietnam,Luxury Villas in Hoi An,One-Bedroom Villa% One-Bedroom Ocean-View Villa% One-Bedroom Beachfront Villa% Family Villa% One-Bedroom Pool Villa% One-Bedroom Garden Pool Villa% Two-Bedroom Pool Villa% Two-Bedroom Garden Pool Villa% Three-Bedroom Garden Pool Villa% Three-Bedroom Ocean-View Pool Villa% Three-Bedroom Beachfront Pool Villa% Four-Bedroom Pool Villa% Five-Bedroom Beachfront Pool Villa% Your Stay,,,Becky,,
"The Nam Hoi, Hoi An",2,2,2,2,Dining,"Weddings, Wellness & Dining",https://www.fourseasons.com/hoian/dining/,200,Hoi An Restaurants | Fine Dining in Vietnam | Four Seasons,58,"Discover fine dining in Hoi An and the wider Da Nang region at Four Seasons, where Vietnamese-inspired cuisine and elegant restaurants showcase local flavours.",159,restaurants hoi an | vietnam fine dining,,Hoi An Restaurants% Hoi An Restaurants% Hoi An Restaurants,All Food and Drink% Culinary Activities% Meet the Team,,,Becky,,
"The Nam Hoi, Hoi An",2,2,2,2,Experiences,Experiences,https://www.fourseasons.com/hoian/experiences/,200,Things to Do in Hoi An & Da Nang | Vietnam Experiences | Four Seasons,69,"Discover some of the best things to do in Hoi An and Da Nang with Four Seasons, from immersive cultural experiences and guided tours to local attractions and outdoor activities.",177,vietnam experiences | things to do in hoi an,things to do da nang,Experiences,Local Experiences% Wellness Activities% Aquatic Escapades% Land Pursuits,,,Becky,,
"The Nam Hoi, Hoi An",2,2,2,2,Offers,Other,https://www.fourseasons.com/hoian/offers/,200,Vietnam Resort Offers & Packages | Four Seasons Hoi An,54,Discover exclusive offers and packages at Four Seasons Resort The Nam Hai in Hoi An. Book now for a luxurious stay in Vietnam’s historic town.,142,vietnam resort packages,,Resort Offers & Packages,Featured Offer,,,Becky,,
"The Nam Hoi, Hoi An",2,2,2,2,Photos & Videos,Other,https://www.fourseasons.com/hoian/photos-and-videos/,200,"Photos & Videos | Four Seasons Resort The Nam Hai, Hoi An, Vietnam",66,"Explore photos and videos of Four Seasons Resort The Nam Hai in Hoi An. Discover the beauty, luxury experiences and serene escape that await you in Vietnam.",156,hoi an photos | hoi an videos,,Photos & Videos,Resort Overview% Accommodations% Dining,,,Becky,,
"The Nam Hoi, Hoi An",2,2,2,2,Easter,Other,https://www.fourseasons.com/hoian/seasonal/easter/,,,,,,easter vietnam,,,,,,Becky,,
"The Nam Hoi, Hoi An",2,2,2,2,Lunar New Year,Other,https://www.fourseasons.com/hoian/seasonal/lunar-new-year/,,,,,,lunar new year hoi an | lunar new year vietnam,,,,,,Becky,,
"The Nam Hoi, Hoi An",2,2,2,2,Couples,Other,https://www.fourseasons.com/hoian/services-and-amenities/couples-experiences/,,,,,,vietnam beach resorts for couples,,,,,,Becky,,keyword doesn't align with the page (family/couples)
"The Nam Hoi, Hoi An",2,2,2,2,Family,Other,https://www.fourseasons.com/hoian/services-and-amenities/family/,,,,,,vietnam beach resort for families | vietnam family beach resorts,,,,,,,,
"The Nam Hoi, Hoi An",2,2,2,2,Spa & Wellness,"Weddings, Wellness & Dining",https://www.fourseasons.com/hoian/spa/,200,"Luxury Spa & Wellness in Hoi An, Vietnam | Four Seasons The Nam Hai",67,"Indulge in serene bliss at our luxury spa in Hoi An, Vietnam. Elevate your well-being with rejuvenating spa and wellness treatments. Book your escape now.",154,spa hoi an | spa vietnam,luxury spa vietnam,Hoi An Spa & Wellness,Awards% Hours% Our well-being virtues% Favourites% Spa Services% Wellness Services% Meet the team% More Experiences,,,Becky,,
"The Nam Hoi, Hoi An",2,2,2,2,Villa Residence Rentals,Private Retreats,https://www.fourseasons.com/hoian/villa-residence-rentals/,200,Private Villas & Residences | Vietnam Holiday Rentals | Four Seasons,68,Escape to Hoi An with private villa and residence rentals at Four Seasons – a luxury Vietnam retreat ideal for family holidays or peaceful getaways.,148,vietnam holiday rentals | vietnam vacation rentals,,Villa & Residence Rentals% Villa & Residence Rentals% Explore accommodations,included% An elevated vacation experience,,vietnam holiday rentals,Becky,,
"The Nam Hoi, Hoi An",2,2,2,2,Weddings,"Weddings, Wellness & Dining",https://www.fourseasons.com/hoian/weddings/,200,Vietnam Weddings | Destination Wedding in Hoi An | Four Seasons,63,"Celebrate your wedding at Four Seasons The Nam Hai on one of Vietnam’s most celebrated beaches, with seaside pools, tropical gardens and more. Inquire today.",157,vietnam wedding | destination wedding in vietnam,destination wedding in vietnam,Vietnam Weddings% Vietnam Weddings,Real Wedding Experiences% Wedding and Vow Renewal Services,,,Becky,,
"The Nam Hoi, Hoi An",2,2,2,2,Weddings,"Weddings, Wellness & Dining",https://www.fourseasons.com/hoian/weddings/packages/,200,"Vietnam Wedding Packages | Four Seasons Resort The Nam Hai, Hoi An",66,"Four Seasons Resort The Nam Hai, Hoi An, offers a variety of wedding packages that weave in romantic local traditions & more to bring your dream wedding to life.",161,vietnam wedding packages,,Vietnam Wedding Packages,,,,Becky,,
"The Nam Hoi, Hoi An",2,2,2,2,Weddings,"Weddings, Wellness & Dining",https://www.fourseasons.com/hoian/weddings/venues/,200,"Wedding Venues in Hoi An, Vietnam | Four Seasons Resort The Nam Hai",67,"Four Seasons Resort The Nam Hai, Hoi An, offers a variety of wedding venues that captures the spirit of Vietnam, from secluded beaches and lawns to pavilions and more.",167,vietnam wedding venues | hoi an wedding venue,hoi an wedding venues,Wedding Venues in Hoi An,Featured Wedding Venues% Find a Venue,,,Becky,,
Tokyo at Marunouchi,2,2,2,2,Frontpage,Home,https://www.fourseasons.com/tokyo/,200,Luxury Boutique Hotel Near Tokyo Station | Four Seasons Tokyo at Marunouchi,75,"Discover Four Seasons, a luxury boutique hotel in Marunouchi, Tokyo, with spacious suites, Michelin-starred dining and impeccable service near Tokyo Station.",157,luxury hotel tokyo | boutique hotel tokyo,hotel tokyo station,Tokyo at Marunouchi% Tokyo at Marunouchi% Tokyo at Marunouchi% A LUXURY TOKYO HOTEL BY FOUR SEASONS,A Contemporary Manor Steps from Tokyo Station% Accommodations% Discover Tokyo,,,Emi,1,
Tokyo at Marunouchi,2,2,2,2,Accommodations,Accommodation,https://www.fourseasons.com/tokyo/accommodations/,200,"Luxury Accommodations in Marunouchi, Tokyo | Four Seasons",57,"Discover luxury accommodations in Marunouchi, Tokyo, where spacious, residential-style suites and city views meet the intimacy of a boutique hotel near Tokyo Station.",166,tokyo luxury accommodation | marunouchi accommodation,,"Luxury Accommodations in Marunouchi, Tokyo",Eki Room% Marunouchi Room% Ginza Room% Corner Ginza Room% Four Seasons Room% Marunouchi Suite% One-Bedroom Suite% SÉZANNE Suite% Tokyo Manor Suite,,,Emi,1,
Tokyo at Marunouchi,2,2,2,2,Dining,"Weddings, Wellness & Dining",https://www.fourseasons.com/tokyo/dining/,200,"Hotel Restaurants & Bar in Marunouchi, Tokyo | Four Seasons",59,"Dine at Four Seasons Hotel Tokyo in Marunouchi, home to a Michelin-starred restaurant, Parisian-style bistro and stylish bar with city views.",141,marunouchi restaurants | marunouchi bars,tokyo dining,"Restaurants & Bars in Marunouchi, Tokyo% Restaurants & Bars in Marunouchi, Tokyo% Restaurants & Bars in Marunouchi, Tokyo",All Food and Drink% Prix Fixe Menus% Meet the Team,,,Emi,1,
Tokyo at Marunouchi,2,2,2,2,Experiences,Experiences,https://www.fourseasons.com/tokyo/experiences/,200,Tokyo Experiences | By Four Seasons,35,"Explore luxury Tokyo experiences at Four Seasons: cultural tours, exclusive activities, culinary delights and unique adventures in Japan’s vibrant capital.",155,tokyo experiences,,Experiences,Local Experiences% More Tokyo Experiences From Our Team,,,Emi,1,
Tokyo at Marunouchi,2,2,2,2,Offers,Other,https://www.fourseasons.com/tokyo/offers/,200,Tokyo Hotel Packages & Deals | Four Seasons Hotel Tokyo at Marunouchi,69,Explore Tokyo hotel packages and special offers at Four Seasons Hotel Tokyo at Marunouchi. Enjoy luxury stays and exclusive offers in the heart of Tokyo.,153,tokyo hotel packages,,Tokyo Marunouchi Hotel Offers & Packages,Featured Offer,,,Emi,1,
Tokyo at Marunouchi,2,2,2,2,Photos & Videos,Other,https://www.fourseasons.com/tokyo/photos-and-videos/,200,Tokyo Photo | Tokyo Video | Four Seasons Hotel Tokyo at Marunouchi,66,Tokyo at Marunouchi Photo and Video are listed for your convenience to stay at Four Seasons Hotel Tokyo at Marunouchi.,118,tokyo hotel photos | tokyo hotel videos,,Photos & Videos,Hotel Overview% Accommodations% Dining% Spa & Wellness% Meetings & Events,,,Emi,1,
Tokyo at Marunouchi,2,2,2,2,Spa & Wellness,"Weddings, Wellness & Dining",https://www.fourseasons.com/tokyo/spa/,200,Luxury Spa Near Tokyo Station | Four Seasons Hotel Marunouchi,61,"Unwind at our luxury hotel spa in Marunouchi, Tokyo. Enjoy tailored treatments, rejuvenating facials and traditional Japanese wellness techniques just steps from Tokyo Station.",176,tokyo spa | luxury spa tokyo,tokyo station hotel spa,"Luxury Spa in Marunouchi, Tokyo% Luxury Spa in Marunouchi, Tokyo% Luxury Spa in Marunouchi, Tokyo",Tokyo Spa Services% Events & Promotions% Relaxation Experiences% Hours% Please note% Favourites,,,Emi,1,
Tokyo at Marunouchi,2,2,2,2,Weddings,"Weddings, Wellness & Dining",https://www.fourseasons.com/tokyo/weddings/,200,Tokyo Weddings | Four Seasons Hotel Tokyo at Marunouchi,55,Four Seasons Hotel Tokyo at Marunouchi offers an enchanting location for your dream Tokyo wedding with a boutique setting nestled in a quiet corner of the city.,160,tokyo weddings | tokyo wedding venues,tokyo wedding packages,Tokyo Marunouchi Weddings% Tokyo Marunouchi Weddings,Tokyo Wedding Experiences% Wedding and Vow Renewal Services,,,Emi,1,
Tokyo at Otemachi,3,3,3,3,Frontpage,Home,https://www.fourseasons.com/otemachi/,200,Four Seasons Hotel Tokyo at Otemachi | Near the Tokyo Imperial Palace,69,"Four Seasons Hotel Tokyo at Otemachi soars above the capital with a next-generation luxury experience, featuring expansive views of the Tokyo Imperial Palace.",158,luxury hotel tokyo | hotel central tokyo,hotel otemachi,Tokyo at Otemachi% Tokyo at Otemachi% Tokyo at Otemachi% Tokyo by Four Seasons,SKY-HIGH LUXURY OVERLOOKING THE IMPERIAL PALACE% Accommodations% Discover Tokyo% The Ultimate Relaxation% #FSOTEMACHI,,,Emi,,
Tokyo at Otemachi,3,3,3,3,Accommodations,Accommodation,https://www.fourseasons.com/otemachi/accommodations/,200,Luxury Tokyo Suites & Rooms | Four Seasons Hotel Tokyo at Otemachi,66,"Stay in luxury Tokyo suites at Four Seasons Hotel Tokyo at Otemachi. Enjoy idyllic city views, Mount Fuji & Imperial Gardens. Book your unforgettable stay now.",159,tokyo hotel rooms | tokyo hotel suites,,Tokyo Otemachi Accommodations,Superior Room – City View% Superior Room – Skyline View% Deluxe Room – City View% Deluxe Room – Imperial Garden View% Premier Room% Executive Suite% Imperial Garden-View Suite% Premier Suite% Panoramic Suite% Two-Bedroom Otemachi Suite% Imperial Suite% Barrier-free rooms% Design and Features,,,Emi,,
Tokyo at Otemachi,3,3,3,3,Dining,"Weddings, Wellness & Dining",https://www.fourseasons.com/otemachi/dining/,200,Tokyo Fine-Dining Restaurants & Hotel Bars | Four Seasons Otemachi,66,"Four Seasons Hotel Tokyo at Otemachi offers regional & international fine dining, craft cocktails, afternoon tea & more at our acclaimed restaurants, bar & lounge.",163,tokyo fine dining | tokyo dining,tokyo restaurants,Tokyo Fine Dining% Tokyo Fine Dining% Tokyo Fine Dining,All Food and Drink% Culinary Activities% Private Dining% Exceptional Dining% MEET THE TEAM,,,Emi,,
Tokyo at Otemachi,3,3,3,3,Afternoon Tea,"Weddings, Wellness & Dining",https://www.fourseasons.com/otemachi/dining/restaurants/afternoon-tea/,200,Seasonal Tokyo Afternoon Tea | Four Seasons Tokyo at Otemachi,61,"Enjoy seasonal Tokyo afternoon tea at Four Seasons Tokyo at Otemachi by the pastry chef of Michelin-starred est, with Japanese-inspired savouries and elegant sweets.",165,tokyo afternoon tea,,Seasonal Afternoon Tea in Tokyo,Hours% MENU% Signature Dishes% Meet the team% Highlights% More Dining Options,1,,Emi,,
Tokyo at Otemachi,3,3,3,3,Experiences,Experiences,https://www.fourseasons.com/otemachi/experiences/,200,Tokyo Experiences | Four Seasons Hotel Tokyo at Otemachi,56,"Immerse yourself in authentic Tokyo experiences. Explore traditional arts, cultural tours and personalized adventures at Four Seasons Hotel Tokyo at Otemachi.",158,tokyo experiences,,Experiences,Facilities & Services% Local Experiences% Learn more about Tokyo from our team,,,Emi,,
Tokyo at Otemachi,3,3,3,3,Offers,Other,https://www.fourseasons.com/otemachi/offers/,200,Tokyo Hotel Packages | Four Seasons Hotel Tokyo at Otemachi,59,"Book Tokyo hotel packages, special offers and vacation packages with Four Seasons Hotel Tokyo at Otemachi. Enjoy luxury stays and exclusive experiences.",152,tokyo hotel packages | tokyo hotel offers,,Tokyo Otemachi Hotel Offers & Packages,Featured Offer,,,Emi,,
Tokyo at Otemachi,3,3,3,3,Photos & Videos,Other,https://www.fourseasons.com/otemachi/photos-and-videos/,200,Four Seasons Hotels and Resorts | Luxury Hotels | Four Seasons | Photos and Videos,82,Photos and Videos,17,tokyo hotel videos | tokyo hotel photos,,,Hotel Overview% Videos% Accommodations% Dining% Spa & Wellness% Events & Weddings,,,Emi,,
Tokyo at Otemachi,,3,3,3,Festive,Seasonal,https://www.fourseasons.com/otemachi/seasonal/festive/,,,,,,christmas tokyo | new year tokyo,,,,,,,,
Tokyo at Otemachi,,3,3,3,Cherry Blossom,Seasonal,https://www.fourseasons.com/otemachi/seasonal/sakura-season/,,,,,,cherry blossom tokyo | cherry blossom season tokyo,sakura tokyo,,,,,,,
Tokyo at Otemachi,,3,3,3,Couples,Other,https://www.fourseasons.com/otemachi/services-and-amenities/couples-experiences/,,,,,,romantic hotel tokyo | tokyo hotel for couples,,,,,,,,
Tokyo at Otemachi,,3,3,3,Family,Other,https://www.fourseasons.com/otemachi/services-and-amenities/family/,,,,,,family hotel tokyo | tokyo hotel for families,,,,,,,,
Tokyo at Otemachi,,3,3,3,Solo Travellers,Other,https://www.fourseasons.com/otemachi/solo-travel/,,,,,,tokyo solo travellers hotel ,,,,,,,,
Tokyo at Otemachi,3,3,3,3,Spa & Wellness,"Weddings, Wellness & Dining",https://www.fourseasons.com/otemachi/spa/,200,Tokyo Luxury Spa | Massage & Facial | Four Seasons Hotel at Otemachi,68,Four Seasons Tokyo at Otemachi offers a variety of rejuvenating spa services from healing massage and facial therapies to Japanese-influenced treatments.,153,tokyo spa | tokyo luxury spa,,Tokyo Spa & Wellness,Hours%  Minimum Age Requirements% Favourites% Otemachi Spa Services% Otemachi Wellness Services% Events & promotions% Meet the Team% Relaxation experiences,,,Emi,,
Tokyo at Otemachi,3,3,3,3,Weddings,"Weddings, Wellness & Dining",https://www.fourseasons.com/otemachi/weddings/,200,Tokyo Otemachi Weddings | Four Seasons Hotel Tokyo at Otemachi,62,"Celebrate your wedding at Tokyo’s Otemachi One Tower with exclusive venues, stunning palace views and a dedicated team at Four Seasons Hotel Tokyo at Otemachi.",159,tokyo weddings,,Tokyo Otemachi Weddings% Tokyo Otemachi Weddings,REAL WEDDING EXPERIENCES% WEDDING AND VOW RENEWAL SERVICES,,,Emi,,
Toronto,2,2,,2,Frontpage,Home,https://www.fourseasons.com/toronto/,200,Luxury 5-Star Hotel in Yorkville Toronto | Four Seasons Toronto,63,"Four Seasons invites you to experience award-winning hospitality, from dining to spa treatments at our Five-Star luxury hotel in Toronto. Book now.",147,hotel toronto | 5 star hotel toronto,"hotel yorkville
luxury hotel toronto",Toronto% Toronto% Toronto% Toronto by Four Seasons,Forbes 5-Star Hotel in Toronto’s Vibrant Yorkville Neighbourhood% Accommodations% Discover Toronto% #FSTORONTO,,1,Matt,,
Toronto,2,2,,2,Accommodations,Accommodation,https://www.fourseasons.com/toronto/accommodations/,200,Hotel Suites Toronto | Luxury Rooms and Suites | Four Seasons,61,"Indulge in a stay at Four Seasons Toronto, offering luxury suites, accessible and family rooms rooms, pet friendly accommodations and more. Book now.",149,hotel suites Toronto | luxury hotel suites toronto,,Toronto Luxury Hotel Rooms & Suites,Yorkville Premier Room% Premier Room% Deluxe Room% Superior Room% Yorkville Suite% Premier One-Bedroom Suite% Deluxe One-Bedroom Suite% Corner One-Bedroom Suite% Royal Suite% Presidential Suite% Bellair Suite% Premier Accessible Room% Superior Accessible Room% By Design,,,Matt,,
Toronto,2,2,,2,Dining,"Weddings, Wellness & Dining",https://www.fourseasons.com/toronto/dining/,200,Fine Dining Toronto | Toronto Restaurants | Four Seasons Hotel,62,"Four Seasons Hotel Toronto offers an array of fine dining restaurants and bars including Café Boulud or the lively cocktail bar, d|bar. Reserve now.",148,fine dining toronto | toronto restaurants,,Toronto Restaurants & Fine Dining% Toronto Restaurants & Fine Dining% Toronto Restaurants & Fine Dining,All Food and Drink% Meet the Team,,1,Matt,,
Toronto,2,2,,2,Brunch,Dining,https://www.fourseasons.com/toronto/dining/restaurants/brunch/,200,"Brunch in Yorkville, Toronto | Saturday & Sunday | Four Seasons",63,"Savour Chef Daniel Boulud’s French‑inspired brunch at Four Seasons Hotel Toronto. Indulge in seasonal classics, including caviar, oysters, croque madame and house-made pastries.",177,brunch toronto | brunch yorkville,luxury brunch toronto,"Luxury Brunch in Yorkville, Toronto",Hours% Menus% Signature Dishes% Meet The Team% More Dining Options,,,,,
Toronto,2,2,,2,Offers,Other,https://www.fourseasons.com/toronto/offers/,200,Toronto Luxury Hotel Packages & Offers | Four Seasons Hotel Toronto,67,"Explore Toronto hotel offers with luxury stays, fine dining and bespoke experiences for a memorable stay in the vibrant city of Toronto.",136,toronto hotel offers | toronto hotel packages,,Toronto Hotel Offers & Packages,Featured Offer,,1,Matt,,
Toronto,2,2,,2,Photos & Videos,Other,https://www.fourseasons.com/toronto/photos-and-videos/,200,Toronto Luxury Hotel Photos & Videos | Four Seasons Hotel,57,"View our collection of photos & videos featuring our luxury five-star hotel located in Toronto's fashionable Yorkville neighbourhood, Four Seasons Hotel Toronto.",161,toronto videos | toronto photos,,Photos & Videos,Hotel Overview% Accommodations% Spa% Dining,,,Matt,,
Toronto,2,2,,2,Christmas,Other,https://www.fourseasons.com/toronto/seasonal/christmas/,,,,,,christmas toronto | christmas yorkville,,,,,,,,
Toronto,2,2,,2,New Years,Other,https://www.fourseasons.com/toronto/seasonal/new-year/,,,,,,new years eve toronto | new years toronto,,,,,,,,
Toronto,2,2,,2,Couples,Experiences,https://www.fourseasons.com/toronto/services-and-amenities/couples/,200,Romantic Hotel Getaway for Couples Toronto | Four Seasons,57,"Romantic getaways in Toronto await at Four Seasons Hotel Toronto, where luxury suites, intimate dining and spa experience create the perfect couples’ escape.",157,romantic getaway toronto | couples getaway toronto,romantic hotel toronto,Romantic Couples’ Getaway in Toronto,Couples’ Activities% included% Romantic and Babymoon Escape,,,,,
Toronto,2,2,,2,Pet-Friendly,Other,https://www.fourseasons.com/toronto/services-and-amenities/pet-friendly-stays/,,,,,,pet friendly hotel toronto | dog friendly hotel toronto,cat friendly hotel toronto,,,,,,,
Toronto,2,2,,2,Spa & Wellness,"Weddings, Wellness & Dining",https://www.fourseasons.com/toronto/spa/,200,Luxury Day Spa Hotel Toronto | Couples’ & Wellness Treatments,61,"Indulge in luxury at our Toronto Spa. From massages to wellness treatments, experience relaxation like never before. Book your rejuvenating experience today.",157,luxury spa toronto | spa toronto,hotel spa toronto,Toronto Luxury Spa & Wellness,SPA HOURS% POOL HOURS% Fitness Centre Hours% Favourites% Spa Services% Wellness & Bio Bar% Spa In-Room Dining% Events & Promotions% Meet the team% Relaxation Experiences,,1,Matt,,
Toronto,2,2,,2,Weddings,"Weddings, Wellness & Dining",https://www.fourseasons.com/toronto/weddings/,200,Luxury Hotel Weddings Toronto | Four Seasons Hotel Toronto,58,Discover your dream hotel wedding in Toronto at Four Seasons. Let us create unforgettable moments for your special day. Book now.,129,hotel weddings toronto | weddings toronto,,Luxury Hotel Weddings in Toronto% Luxury Hotel Weddings in Toronto,REAL WEDDING EXPERIENCES% WEDDING AND VOW RENEWAL SERVICES,,1,Matt,,
Toronto,2,2,,2,Wedding Packages,"Weddings, Wellness & Dining",https://www.fourseasons.com/toronto/weddings/packages/,,,,,,wedding packages toronto,,,,,,,,
Toronto,2,2,,2,Wedding Venues,"Weddings, Wellness & Dining",https://www.fourseasons.com/toronto/weddings/venues/,,,,,,wedding venues toronto | luxury wedding venues toronto,,,,,,,,
Tunis,1,1,,1,Frontpage,Home,https://www.fourseasons.com/tunis/,200,Hotel in Tunis | Luxury Hotel in Gammarth | Four Seasons Hotel Tunis,68,"Four Seasons Hotel Tunis brings an unrivaled beachfront experience to Gammarth's Mediterranean coast with luxury rooms, suites, business amenities & more.",154,luxury hotels tunis| luxury resort tunis,,Tunis% Tunis% Tunis% Tunis by Four Seasons,Beachfront Relaxation on North Africa’s Mediterranean Coast% Accommodations% Discover Tunis% Blu Seafood Kitchen & Bar% #FSTUNIS,,,,,
Tunis,1,1,,1,Accommodations,Accommodation,https://www.fourseasons.com/tunis/accommodations/,200,Luxury Rooms & Suites in Tunis | Gammarth Hotel | Four Seasons Tunis,68,"Four Seasons Hotel Tunis offers a sophisticated home away from home on Gammarth's Mediterranean coast, with a variety of luxurious rooms and suites.",148,tunis hotel room | hotel rooms tunis,,Tunis Accommodations,Superior Room% Deluxe Garden-View Room% Deluxe Sea-View Room% Premier Room% Garden-View Suite% Sea-View Suite% Executive Suite% Mediterranean Suite% Presidential Suite% Interior Design,,,,,
Tunis,1,1,,1,Dining,"Weddings, Wellness & Dining",https://www.fourseasons.com/tunis/dining/,200,"Dining in Gammarth | Restaurants, Bars & Lounge | Four Seasons Tunis",68,"Four Seasons Hotel Tunis invites you to discover five unique options for dining and drinks, ranging from The CREEK Bistro Chic to Salon Alyssa lobby lounge.",156,restaurant in tunis | tunis restaurants,,Tunis Fine Dining% Tunis Fine Dining% Tunis Fine Dining,All Food and Drink,,,,,
Tunis,1,1,,1,Offers,Other,https://www.fourseasons.com/tunis/offers/,200,Tunis Hotel Offers and Packages in Gammarth | Four Seasons,58,Make your stay in Tunis memorable with Four Seasons hotel offers and packages. Indulge yourself on Africa’s northernmost Mediterranean coast.,141,,,Tunis Hotel Offers & Packages,Featured Offer,,,,,Empty field
Tunis,1,1,,1,Photos & Videos,Other,https://www.fourseasons.com/tunis/photos-and-videos/,200,Gammarth Hotel Photo and Video Gallery | Four Seasons Hotel Tunis,65,"Four Seasons Hotel Tunis extends access to our photo and video gallery, offering you the chance to discover the grace and elegance of our Hotel.",144,,,Photos & Videos,Hotel Overview% Accommodations% Dining,,,,,Empty field
Tunis,1,1,,1,Spa & Wellness,"Weddings, Wellness & Dining",https://www.fourseasons.com/tunis/spa/,200,Gammarth Spa | Facials & Massage | Spa at Four Seasons Hotel Tunis,66,"The Spa at Four Seasons Hotel Tunis is an oasis welcoming you to relax and rejuvenate with a massage, facial, and specialized body treatments.",142,spa hotel tunis| massage spa tunis,spa gammarth,Tunis Spa,Hours% Favourites% Spa Services% Relaxation Experiences,,,,,
Tunis,1,1,,1,Weddings,"Weddings, Wellness & Dining",https://www.fourseasons.com/tunis/weddings/,200,Tunis Wedding | Gammarth | Four Seasons Hotel Tunis,51,Four Seasons Hotel Tunis offers an unforgettable wedding experience in a beautifully designed beachfront hideaway along Africa's Mediterranean Coast.,149,,,Tunis Weddings% Tunis Weddings,Real wedding experiences% Wedding and Vow Renewal Services,,,,,Empty field
Vail,2,2,,2,Frontpage,Home,https://www.fourseasons.com/vail/,200,Four Seasons Resort Vail | Luxury Hotel & Ski Resort in Vail Village,68,"Four Seasons Resort and Residences Vail is a contemporary landmark luxury Hotel with European flair offering a wide variety of luxury Suites, Rooms, & Residences in the center of Vail Village.",192,"luxury hotel vail village,luxury hotel vail

","luxury ski resort vail,luxury hotels in vail Colorado,luxury resort vail",Vail% Vail% Vail% Vail by Four Seasons,"Welcome to Vail Village, Where Understated Luxury Meets Mountain Beauty% Accommodations% Discover Vail% Endless Outdoor Adventure",,,Darren,,
Vail,2,2,,2,Accommodations,Accommodation,https://www.fourseasons.com/vail/accommodations/,200,Luxury Vail Accommodation | Vail Village Lodging at Four Seasons,64,"Experience Four Seasons luxury lodging at Vail. 134 rooms, suites and residences that delight with gas-burning fireplaces, furnished balconies, European-style accommodation & more.",180,"vail accommodation, vail suites","vail village accommodations, vail village lodging, Vail luxury lodging",Luxury Accommodation in Vail,Peak Room% Premier Room% Deluxe Room% Resort Room% One-Bedroom Suite% Executive Suite% Crestone One-Bedroom Suite% Maroon One-Bedroom Suite% Blanca Two-Bedroom Presidential Suite% Pyramid Three-Bedroom Suite% Resolution | One-Bedroom Residence% Expresso | Two-Bedroom Residence% The Star | Two-Bedroom Residence% Cappuccino | Two-Bedroom Residence% Prima | Three-Bedroom Residence% Game Creek | Three-Bedroom Residence% Sundown | Three-Bedroom Residence% Baccarat | Three-Bedroom Residence% Northwoods | Three-Bedroom Residence% Forever | Three-Bedroom Residence% Sourdough | Three-Bedroom Residence% Champagne Glade | Three-Bedroom Residence% Born Free | Four-Bedroom Residence% Avanti | Four-Bedroom Residence% Sun Up | Four-Bedroom Residence% Poppyfields | Four-Bedroom Residence% Blue Sky | Four-Bedroom Residence% Whiskey Jack | Four-Bedroom Residence% Grand Review | Five-Bedroom Residence% The Woods | Five-Bedroom Residence% Riva Ridge | Six-Bedroom Residence% Windows | Six-Bedroom Residence% Lover's Leap | Six-Bedroom Residence% Resort Accessible Room% One-Bedroom Accessible Suite% Interior Design,,1,Darren,,
Vail,2,2,,2,Apres Ski,Other,https://www.fourseasons.com/vail/apres-ski/,200,Après Ski in Vail Village | Four Seasons,40,"Après-Ski in Vail at Four Seasons Resort and Residences. Indulge in a cup of our famous Haute Chocolate, enjoy a mountain-view cocktail or a glass of champagne from The Chalet’s luxurious lounge.",195,apres ski vail,apres ski vail village,Après-Ski in Vail Village,,1,,Darren,,
Vail,2,2,,2,Dining,"Weddings, Wellness & Dining",https://www.fourseasons.com/vail/dining/,200,Vail Restaurants | Fine Dining in Vail Village | Four Seasons Resort,68,Four Seasons Resort Vail delivers innovative cuisine within our five-star dining outlets including a modern mountain steakhouse and lodge-inspired cocktail bar.,160,"vail restauants,fine dining vail
",restaurants vail village,Vail Restaurants% Vail Restaurants% Vail Restaurants% Culinary Experiences,All Food and Drink% Private Dining% Meet The Team,,,Darren,,
Vail,2,2,,2,Brunch,dining,https://www.fourseasons.com/vail/dining/restaurants/brunch/,200,Brunch in Vail | Sunday Indulgence at Four Seasons Resort Vail,62,"Savour the best brunch in Vail every Sunday at Tavernetta Vail, inside Four Seasons Resort Vail. Enjoy Italian-inspired dishes, mountain views and a rolling mimosa cart on the sun-drenched terrace.",197,"brunch in vail, sunday brunch vail",,Experience the Best Sunday Brunch in Vail,HOURS% Brunch Menu% Sunday Brunch at Four Seasons% Brunch Highlights% More Dining Options,,,,,
Vail,2,2,,2,Offers,Other,https://www.fourseasons.com/vail/offers/,200,Vail Hotel Packages & Offers | Four Seasons Vail,48,Discover exclusive Vail hotel offers and packages at Four Seasons. Experience luxury with our specially designed packages that highlight the best of Vail.,154,"vail packages, vail offers","vail vacation packages, vail hotel deals, vail hotel offers, vail accommodation deals, vail hotel packages",Vail Resort Offers & Packages,Featured Offer,,,Darren,,
Vail,2,2,,2,Photos & Videos,Other,https://www.fourseasons.com/vail/photos-and-videos/,200,Vail Hotel Photos & Videos | Four Seasons Resort and Residences Vail,68,"Explore the mountain charm of Four Seasons Vail. View photos of our hotel, heated outdoor pool, ski concierge, luxury residences, and the stunning Vail Village views.",166,vail hotel photos,,Photos & Videos,Resort Overview% Services and Amenities% Accommodations% Dining% Destination and Experiences,,,Darren,,
Vail,2,2,,2,Christmas,Seasonal,https://www.fourseasons.com/vail/seasonal/christmas/,200,Christmas in Vail & Festive Dining | Four Seasons Vail,54,"Celebrate Christmas in Vail with festive dining, Christmas Eve dinner and holiday activities near Vail Mountain at Four Seasons Resort Vail.",140,Christmas in Vail,"chrsitmas dinner vail, chrsitmas eve dinner vail, christmas lunch vail,",Celebrate Christmas in Vail,included% Vail Christmas Highlights,,,Darren,,
Vail,2,2,,2,New Years,Seasonal,https://www.fourseasons.com/vail/seasonal/new-year/,200,New Year’s Eve Events in Vail | Four Seasons Vail,49,"Celebrate New Year’s Eve in Vail with fireworks, parties and luxury celebrations at Four Seasons Resort and Residences Vail.",124,New Year’s Eve in Vail,"new years eve dinenr vail, new years eve restaurant vail",Celebrate New Year’s Eve in Vail,included% Resort Highlight,,,Darren,,
Vail,2,2,,2,Summer,Other,https://www.fourseasons.com/vail/seasonal/summer-activities/,#N/A,#N/A,#N/A,#N/A,#N/A,summer activities in vail,things to do in vail in summer,#N/A,#N/A,1,,Darren,,
Vail,2,2,,2,Thanksgiving,Seasonal,https://www.fourseasons.com/vail/seasonal/thanksgiving/,200,"Thanksgiving in Vail, Colorado | Four Seasons",45,"Celebrate Thanksgiving at Four Seasons Resort and Residences Vail with a luxurious feast and seasonal activities. Enjoy a gourmet Thanksgiving dinner in Vail Village, family-friendly events and Colorado mountain views. Book your holiday getaway today.",251,Thanksgiving in Vail,,Thanksgiving in Vail,included% Resort Highlight,,,Darren,,
Vail,2,2,,2,Winter,Other,https://www.fourseasons.com/vail/seasonal/winter-activities/,#N/A,#N/A,#N/A,#N/A,#N/A,winter activities in vail,things to do in vail in winter,#N/A,#N/A,1,,Darren,,
Vail,2,2,,2,Ski in Ski Out,Other,https://www.fourseasons.com/vail/services-and-amenities/the-chalet/,200,Vail Ski in Ski Out Hotel | Four Seasons Vail,45,"A full-service ski in ski out hotel experience in Vail. Our ski concierge team to assist guests with equipment rentals, lessons, maps and much more.",148,"Ski in Ski Out Hotel,vail ski in ski out","vail lodging ski in ski out,vail ski in ski out resorts,ski in ski out vail rentals",The Chalet,Hours% Please Note% Chalet Concierge Highlights% More Amenities & Services% EVENTs,,,Darren,,
Vail,2,2,,2,Spa & Wellness,"Weddings, Wellness & Dining",https://www.fourseasons.com/vail/spa/,200,Four Seasons Spa in Vail Village | Massage & Facials | Spa Resort,65,"The Spa at Four Seasons Resort Vail offers guests an opportunity to relax, renew and restore their well-being with a variety of luxurious treatments.",149,"vail spa
",vail spa resort,VAIL SPA% VAIL SPA% VAIL SPA,HOURS% FAVOURITES% included% Spa Services% Wellness Services% Seasonal Promotions% Spa Facilities% Relaxation Experiences,,,Darren,,
Vail,2,2,,2,Private Retreats,Private Retreats,https://www.fourseasons.com/vail/villa-residence-rentals/,200,25 Luxury Vail Village Vacation Rentals by Four Seasons Vail,60,"Situated in the heart of picturesque Vail Village, arrive back at your private vacation rental to the comforts of home after a day on the trails at Four Seasons Vail.",166,"vail villa rental,vail vacation rentals",luxury rental vail,Villa & Residence Rentals% Villa & Residence Rentals,EXPLORE ACCOMMODATIONS% included% An elevated vacation experience,,,Darren,,
Vail,2,2,,2,Weddings,"Weddings, Wellness & Dining",https://www.fourseasons.com/vail/weddings/,200,Vail Weddings | Colorado Wedding Resort | Four Seasons,54,"Four Seasons Resort Vail offers one-of-a-kind venues, curated packages, expert planning and more for the ultimate Colorado Rocky Mountain wedding experience.",157,"vail wedding
","vail mountain wedding,vail Colorado wedding,Colorado wedding resort",Vail Weddings% Vail Weddings,Real Wedding Experiences% Wedding and Vow Renewal Services,,,Darren,,
Vail,2,2,2,2,Honeymoon,"Weddings, Wellness & Dining",https://www.fourseasons.com/vail/weddings/honeymoon/,,,,,,colorado honeymoon,vail honeymoon,,,1,,Darren,,
Washington,1,2,2,2,Frontpage,Home,https://www.fourseasons.com/washington/,200,Luxury Hotel Washington DC | Georgetown 5-Star Hotel | Four Seasons,67,"Four Seasons Washington, DC is the only 5-star, 5-diamond hotel in the nation's capital, offering luxury stays on Pennsylvania Avenue in Georgetown.",148,"luxury hotel washington dc, 5 star hotels washington dc",,"Washington, DC% Washington, DC% Washington, DC% Washington, DC by Four Seasons","Timeless charm and modern luxury in the nation’s capital% Accommodations% Discover Washington, DC",,,Katarina,,
Washington,1,2,2,2,Accommodations,Accommodation,https://www.fourseasons.com/washington/accommodations/,200,Washington DC Luxury Suites & Hotel Rooms | Georgetown | Four Seasons,69,"Four Seasons Hotel Washington DC offers an array of luxury rooms and suites, each designed to be the ultimate oasis for productivity, rest or relaxation.",153,"luxury suites washington dc, hotel rooms washington dc",,"Hotel Rooms & Luxury Suites in Washington, DC",Deluxe Room% Premier Room% Grand Premier Room% Premier Suite – East Wing% Premier Suite – West Wing% Georgetown One-Bedroom Suite% Georgetown Suite with Terrace% Capital Suite% Capital Suite with Terrace% Ambassador Suite% Royal Suite% Potomac Presidential Suite% Imperial Terrace Suite% Presidential Suite – East Wing% Presidential Suite – West Wing% Deluxe Accessible Room% Grand Premier Accessible Room% Georgetown One-Bedroom Accessible Suite% Interior Design,,,Katarina,,
Washington,1,2,2,2,Dining,"Weddings, Wellness & Dining",https://www.fourseasons.com/washington/dining/,200,"Georgetown Restaurants | Fine Dining Washington, DC | Four Seasons",66,"Four Seasons Hotel Washington, DC offers a variety of fine dining options in the nation's capital including an award-winning steakhouse, wine bar and more.",155,"fine dining washington dc, dining washington dc",,"Fine Dining in Washington, DC% Fine Dining in Washington, DC% Fine Dining in Washington, DC",All Food and Drink,,,Katarina,,
Washington,1,2,2,2,Experiences,Experiences,https://www.fourseasons.com/washington/experiences/,200,"Things to Do in Washington, DC | Activities | Four Seasons",58,"Discover the best things to do in Washington, DC with Four Seasons, from boat rides and night tours to curated local experiences and wellness activities.",153,"things to do in washington dc, washington dc activities",,Experiences,Wellness Activities,,,Katarina,,
Washington,1,2,2,2,Offers,Other,https://www.fourseasons.com/washington/offers/,200,Vacation Packages & Hotel Offers in Washington DC | Four Seasons,64,"Create unforgettable memories in Washington, DC, with access to Four Seasons vacation packages and hotel offers, such as a sailing experience, a romantic moonlight tour and more.",178,"washington dc hotel offers, washington dc vacation packages",,"Washington, DC, Vacation Packages & Hotel Offers",Featured Offer,,,Katarina,,
Washington,1,2,2,2,Photos & Videos,Other,https://www.fourseasons.com/washington/photos-and-videos/,200,"Washington DC Luxury Hotel Photos | Four Seasons Washington, DC",63,"Four Seasons Hotel Washington, DC presents a photo and video collection of this contemporary luxury hotel in the heart of the nation's capital.",143,washington dc photos,,Photos & Videos,Hotel Overview% Accommodations% Dining% Destination,,,Katarina,,
Washington,1,2,2,2,Christmas,Seasonal,https://www.fourseasons.com/washington/seasonal/christmas/,200,"Christmas at Four Seasons Hotel Washington, DC | Things to Do",61,"Celebrate Christmas at Four Seasons Hotel Washington, DC. Enjoy festive events, holiday dining and seasonal activities for an unforgettable winter escape.",154,"washington dc christmas hotel, washington dc christmas",,"Christmas at Four Seasons Hotel Washington, DC",Join Us For The Holidays,,,Katarina,,
Washington,1,2,2,2,New Year,Seasonal,https://www.fourseasons.com/washington/seasonal/new-year/,200,"New Year's at Four Seasons Hotel Washington, DC | Things to Do",62,"Ring in the New Year at Four Seasons Hotel Washington, DC with festive dining and unforgettable celebrations for families, friends and couples.",143,washington dc new years,,"New Year’s at Four Seasons Hotel Washington, DC",Join Us For The Holidays,,,Katarina,,
Washington,1,2,2,2,Thanksgiving,Seasonal,https://www.fourseasons.com/washington/seasonal/thanksgiving/,200,"Washington, DC Thanksgiving Getaway | Four Seasons Events & Specials",68,"Escape for a Thanksgiving getaway to Four Seasons Hotel Washington, DC, where festive dining, seasonal events and unforgettable holiday activities await.",153,"washington dc thanksgiving, washington dc thanksgiving getaways",,"Thanksgiving at Four Seasons Hotel Washington, DC",Join Us For The Holidays,,,Katarina,,
Washington,1,2,2,2,Valentine's Day,Seasonal,https://www.fourseasons.com/washington/seasonal/valentines-day/,,,,,,valentine's day washington dc,,,,,,Katarina,,
Washington,1,2,2,2,Pet-friendly,Services & Amenities,https://www.fourseasons.com/washington/services-and-amenities/pet-friendly-stays/,,,,,,"pet friendly hotels washington dc, luxury pet-friendly hotels washington dc",,,,,,Katarina,,
Washington,1,2,2,2,Pool,Services & Amenities,https://www.fourseasons.com/washington/services-and-amenities/pools/,200,"Washington, DC Hotel With Indoor Swimming Pool | Four Seasons",61,"Relax at our Washington, DC hotel with an indoor pool, featuring luxury amenities, hot soaking tub and an urban oasis feel, perfect for lap swimming.",149,"washington dc hotels with pool, washington dc hotels with indoor pool",,"Washington, DC Hotel with Indoor Pool","Hours% Washington, DC Pool Highlights% Recommended Experiences% Pool Services & Amenities",,,Katarina,,
Washington,1,2,2,2,Spa & Wellness,"Weddings, Wellness & Dining",https://www.fourseasons.com/washington/spa/,200,"Georgetown Luxury Spa | Four Seasons Hotel Washington, DC",57,"The Spa at Four Seasons Hotel Washington, DC is a luxury oasis for guests and locals, offering an array of massages, facials and other treatments.",146,"luxury spa washington dc, spa washington dc",,"Luxury Spa Washington, DC",HOURS% Favourites% Spa Services,,,Katarina,,
Washington,1,2,2,2,Itinerary,Experiences,https://www.fourseasons.com/washington/three-day-itinerary/,,,,,,"washington dc itinerary, washington dc 3 day itinerary",,,,,,Katarina,,
Washington,1,2,2,2,Weddings,"Weddings, Wellness & Dining",https://www.fourseasons.com/washington/weddings/,200,Washington DC Weddings in Georgetown | Four Seasons Hotel,57,"Four Seasons Hotel Washington, DC brings your dream wedding to life with distinctive venues, expert planning, curated packages & unforgettable honeymoons.",154,washington dc weddings,,"Washington, DC Weddings% Washington, DC Weddings","Real Wedding Experiences in Washington, DC% Wedding and Vow Renewal Services",,,Katarina,,
Westlake Village,1,2,3,3,Frontpage,Home,https://www.fourseasons.com/westlakevillage/,200,Hotel Westlake Village California | Luxury Hotel Malibu | Four Seasons,70,Four Seasons Hotel Westlake Village offers luxury accommodations and fine dining along with one of the area’s most comprehensive spa & wellness programs.,153,"westlake village hotel, westlake village luxury hotels",,Westlake Village% Westlake Village% Westlake Village% Westlake Village by Four Seasons,A SOUTHERN CALIFORNIA ESCAPE THAT EMBODIES WELLBEING% Accommodations% Discover Westlake Village% To Your Health% #FSWESTLAKE,,,Katarina,,
Westlake Village,1,2,3,3,Accommodations,Accommodation,https://www.fourseasons.com/westlakevillage/accommodations/,200,Westlake Village Hotel Rooms & Suites | Four Seasons Westlake Village,69,Four Seasons Westlake Village offers a warm blend of Southern California elegance and residential comfort throughout over 200 guest rooms & luxury suites.,154,"westlake village accommodation, southern california accommodation",,Suites & Hotel Rooms Near Malibu,Presidential Suite% Malibu Two-Bedroom Suite% Malibu Corner One-Bedroom Suite% Waterfall Suite% Westlake Corner One-Bedroom Suite% Corner Studio Suite% Studio Suite% Waterfall-View Room% Deluxe Room% Accessible Deluxe Room% Deluxe Hearing-Accessible Room% Mobility-Accessible Superior Room% Hearing-Accessible Waterfall-View Room% Hearing-Accessible Malibu Corner One-Bedroom Suite% Mobility Accessible Westlake Corner One-Bedroom Suite% Interior Design,,,Katarina,,
Westlake Village,1,2,3,3,Dining,"Weddings, Wellness & Dining",https://www.fourseasons.com/westlakevillage/dining/,200,Westlake Village Restaurants & Bars | Dining | Four Seasons,59,"Discover exceptional dining at Four Seasons Hotel Westlake Village, with on-site restaurants and bars offering local flavours, Japanese cuisine and more.",153,"westlake village restaurants, bars westlake village",,Westlake Village Restaurants & Bars% Westlake Village Restaurants & Bars% Westlake Village Restaurants & Bars,All Food and Drink% Meet the Team,,,Katarina,,
Westlake Village,1,2,3,3,Brunch,Dining,https://www.fourseasons.com/westlakevillage/dining/restaurants/brunch/,,,,,,"brunch westlake village, sunday brunch westlake village",,,,,,Katarina,,
Westlake Village,1,2,3,3,Experiences,Experiences,https://www.fourseasons.com/westlakevillage/experiences/,200,Unique Experiences in Westlake Village | Four Seasons Hotel,59,"Discover unique experiences in Westlake Village at Four Seasons, from exclusive wellness retreats to thrilling driving adventures and local events.",147,westlake village experiences,,Experiences,Wellness Activities% Poolside Escapes% Local Experiences,,,Katarina,,
Westlake Village,1,2,3,3,Offers,Other,https://www.fourseasons.com/westlakevillage/offers/,200,Westlake Village Hotel Packages & Offers | Four Seasons Hotels,62,"Explore the exclusive Westlake Village hotel offers and packages at Four Seasons, featuring bed and breakfast, wellness stays and much more.",140,westlake village hotel offers,,Westlake Village Hotel Offers & Packages,Featured Offer,,,Katarina,,
Westlake Village,1,2,3,3,Photos & Videos,Other,https://www.fourseasons.com/westlakevillage/photos-and-videos/,200,Westlake Village Luxury Hotel Photos & Videos Gallery | Four Seasons,68,Four Seasons Hotel Westlake Village offers a collection of photos and videos of this idyllic garden retreat nestled in the foothills of the Santa Monica Mountains.,163,westlake village photos ,,Photos & Videos,Hotel Overview% Accommodations% Dining% Spa% Wellness% Activities,,,Katarina,,
Westlake Village,1,2,3,3,Christmas,Seasonal,https://www.fourseasons.com/westlakevillage/seasonal/christmas/,,,,,,"westlake village christmas, westlake village christmas dinner",,,,,,Katarina,,
Westlake Village,1,2,3,3,New Year,Seasonal,https://www.fourseasons.com/westlakevillage/seasonal/new-year/,,,,,,new year's eve westlake village,,,,,,Katarina,,
Westlake Village,1,2,3,3,Thanksgiving,Seasonal,https://www.fourseasons.com/westlakevillage/seasonal/thanksgiving/,#N/A,#N/A,#N/A,#N/A,#N/A,"thanksgiving westlake village, thanksgiving dinner westlake village",,#N/A,#N/A,,,Katarina,,
Westlake Village,1,2,3,3,Babymoon,Services & Amenities,https://www.fourseasons.com/westlakevillage/services-and-amenities/babymoon/,200,Southern California Babymoon | Four Seasons Hotel Westlake Village,66,"Discover the ultimate babymoon destination in Southern California. Unwind with spa rituals, nourishing dining, wellness experiences and scenic moments.",151,"babymoon california, southern california babymoon",,Babymoon in Southern California,Flavourful Moments for Expecting Parents% Spa Rituals to Reconnect and Restore% Outdoor Activities for Your Babymoon Getaway% included% Hotel Highlights% Featured Accommodations,,,Katarina,,
Westlake Village,1,2,3,3,Pet-friendly,Services & Amenities,https://www.fourseasons.com/westlakevillage/services-and-amenities/pet-friendly-stays/,,,,,,"pet friendly westlake village hotels, pet friendly hotels near malibu",,,,,,Katarina,,
Westlake Village,1,2,3,3,Spa & Wellness,"Weddings, Wellness & Dining",https://www.fourseasons.com/westlakevillage/spa/,200,Westlake Village Spa | Southern California Spa Hotel | Four Seasons,67,"The Spa at Four Seasons Hotel Westlake Village near Thousand Oaks offers a nurturing retreat of luxurious spa services to revitalise mind, body and soul.",153,"westlake village spa, westlake village hotel spa",,Westlake Village Spa & Salon,HOURS% Favourites% Spa Services% Rhythm & Hair% included% Experiences,,,Katarina,,
Westlake Village,1,2,3,3,Weddings,"Weddings, Wellness & Dining",https://www.fourseasons.com/westlakevillage/weddings/,200,"Westlake Village Wedding, LA | Four Seasons Hotel Westlake Village",66,"Four Seasons Westlake Village brings your dream wedding to life with expert planning, romantic venues & more in the heart of the Santa Monica mountains.",152,westlake village wedding,,Westlake Village Weddings% Westlake Village Weddings,Real Wedding Experiences% Wedding and Vow Renewal Services,,,Katarina,,
Whistler,2,2,2,2,Frontpage,Home,https://www.fourseasons.com/whistler/,200,Whistler Ski Resort | Luxury Whistler Resort | Four Seasons,59,"Four Seasons Whistler – a Premier ski resort with luxury lodging in a vibrant European-esque village, suites, rooms and extended stay options. Book today.",154,whistler ski resort | whistler resorts,luxury resort whistler,Whistler% Whistler% Whistler% Whistler by Four Seasons,A Luxury Resort in the Heart of Whistler% Accommodations% Discover Whistler% A Mountain State of Mind,,,Chris K,,
Whistler,2,2,2,2,Accommodations,Accommodation,https://www.fourseasons.com/whistler/accommodations/,200,Whistler Suites & Rooms | Whistler Accommodation | Four Seasons,63,"Four Seasons Resort and Residences Whistler epitomises the mountain spirit with luxury guest rooms, hotel suites and private residences. Book now.",146,whistler suites | hotel rooms in whistler,whistler hotel suites | whistler accomodation ,Whistler Accommodation,Mountain-View Room% Two-Bedroom Interconnecting Deluxe Room% Deluxe Room% Superior Room% Resort Room% Two-Bedroom Interconnecting Executive Suite% Deluxe Executive Suite% Executive Suite% The Blackcomb Suite% The Summit Suite% The Townhouse% The Alpine Suite% The Valley Suite% The Sanctuary | Four-Bedroom Residence% Four-Bedroom and Den Resort Residence% Three-Bedroom and Den Resort Residence% Three-Bedroom Resort Residence% Two-Bedroom Resort Residence% Interior Design,,,Chris K,,
Whistler,2,2,2,2,Dining,"Weddings, Wellness & Dining",https://www.fourseasons.com/whistler/dining/,200,Fine Dining Whistler | Village Restaurants | Four Seasons Resort,64,Four Seasons Resort Whistler offers a variety of fine dining and cocktail options including the award-winning SIDECUT steakhouse. Book today.,141,fine dining in whistler | whistler restaurants,whistler bars,Fine Dining in Whistler% Fine Dining in Whistler% Fine Dining in Whistler,All Food and Drink% Culinary Activities% Meet the Team,,,Chris K,,
Whistler,2,2,2,2,Golf,Other,https://www.fourseasons.com/whistler/golf/,200,Whistler Golf Courses | Four Seasons Resort Whistler,52,"Four Seasons Resort Whistler offers access to three world-class golf courses designed by such legends as Jack Nicklaus, Arnold Palmer and Robert Cupp.",150,whistler golf | whistler golf packages,,Whistler Golf Courses,The Courses% Golf Experiences% Services & Amenities,,,Chris K,,
Whistler,2,2,2,2,Offers,Other,https://www.fourseasons.com/whistler/offers/,200,Hotel Packages in Whistler | Four Seasons Resort Whistler,57,"Discover Whistler hotel packages at Four Seasons, from luxury accommodation to ski-and-stay packages. Book now for the perfect mountain escape.",143,hotel packages whistler bc | whistler accommodation packages,,Whistler Resort Packages,Featured Offer,,,Chris K,,
Whistler,2,2,2,2,Photos & Videos,Other,https://www.fourseasons.com/whistler/photos-and-videos/,200,Whistler Ski Resort Photos & Videos | Four Seasons Resort Whistler,66,Four Seasons Resort Whistler presents a photo and video collection of this luxurious and scenic retreat in the heart of Whistler Village.,137,four seasons resort and residences whistler photos | whistler pictures,,Photos & Videos,Resort Overview% Accommodations% Dining% Resort-inclusive experiences% Winter experiences,,,Chris K,,
Whistler,2,2,2,2,Experiences,Experiences,https://www.fourseasons.com/whistler/seasonal/snow-season/,200,Things to do in Whistler in Winter | Whistler Winter Activities | Four Seasons,78,"Discover things to do in Whistler in winter with Four Seasons. From skiing and snowboarding to spa rituals and sleigh rides, explore some of the top Whistler winter activities.",176,Whistler winter activities | Things to do in Whistler in Winter,,Whistler Winter Activities,included% A Whistler Winter% Featured Accommodation,,,Chris K,,
Whistler,2,2,2,2,Experiences,Experiences,https://www.fourseasons.com/whistler/seasonal/summer-season/,200,Things to do in Whistler in Summer | Summer Activities | Four Seasons,69,"Experience some of the best summer activities in Whistler with Four Seasons. From alpine hikes to lakeside relaxation, adventure meets luxury at every turn.",156,Things to do in Whistler in Summer,whistler summer activities​,Whistler Summer Activities,included% A Canadian Summer Getaway% More Services & Amenities% Featured Accommodation,,,Chris K,,
Whistler,2,2,2,2,Pet Friendly Hotels,Other,https://www.fourseasons.com/whistler/services-and-amenities/pet-friendly-stays/,200,"Pet-Friendly Resort in Whistler, Canada | Four Seasons",54,"Discover our pet-friendly Resort in Whistler, where alpine luxury meets outdoor adventure. Four Seasons Whistler welcomes you and your four-legged companion.",157,pet friendly accommodation whistler,,Pet Friendly Resort Whistler,Resort Highlight% Pet-Friendly Hospitality% Pet Policy,,,Chris K,,
Whistler,2,2,2,2,Experiences,Experiences,https://www.fourseasons.com/whistler/services-and-amenities/year-round-activities/,200,Whistler Activities | Four Seasons Resort Whistler,50,"Discover year-round activities and experiences in Whistler. From winter slopes to summer hikes, plan your getaway at Four Seasons Hotel Whistler now.",149,whistler activities | things to do in whistler,Whistler Activities,Whistler Activities,WINTER WHISTLER ACTIVITIES% Featured Activities% At our Resort% MORE WINTER ACTIVITIES% YEAR-ROUND ACTIVITIES% Featured Activity% Arts and Culture% MORE YEAR-ROUND ACTIVITIES% SUMMER WHISTLER ACTIVITIES% Featured Activities% MORE SUMMER ACTIVITIES,,,Chris K,,This page no longer exists
Whistler,2,2,2,2,Spa & Wellness,"Weddings, Wellness & Dining",https://www.fourseasons.com/whistler/spa/,200,Whistler Spa | Massage & Facials | Four Seasons Resort Whistler,63,"Four Seasons Whistler offers a rejuvenating spa experience like no other, with a variety of luxury treatments, eucalyptus steam room & more. Book now.",150,whistler spa | whistler hotel spa,,Whistler Spa,ALPINE WELLNESS AWAITS: DISCOVER YOUR SERENITY% HOURS% Awards% Favourites% Spa Services% Wellness services% Relaxation Experiences,,,Chris K,,
Whistler,2,2,2,2,Private Retreats,Private Retreats,https://www.fourseasons.com/whistler/villa-residence-rentals/,200,Four Seasons Resort Whistler Villa & Residence Rentals | Four Seasons Resort Whistler,85,"Discover Four Seasons Whistler luxury vacation residences. Spacious lodges, breathtaking views and unparalleled comfort await. Book your stay today.",148,whistler vacation rentals | whistler luxury vacation rentals," whistler vacation homes, ",Villa & Residence Rentals% Villa & Residence Rentals% Explore accommodations,included% An elevated vacation experience% Special Amenities with a Villa & Residence Rentals stay% Exclusive Experiences,,,Chris K,,
Whistler,2,2,2,2,Weddings,"Weddings, Wellness & Dining",https://www.fourseasons.com/whistler/weddings/,200,Whistler Wedding | Four Seasons Resort and Residences Whistler,62,Four Seasons Resort and Residences Whistler offers the perfect combination of elegance and rustic charm for your wedding and honeymoon celebrations.,148,whistler wedding | whistler wedding venues,whistler wedding locations,Whistler Weddings% Whistler Weddings,#FSWHISTLER% Wedding and Vow Renewal Services,,,Chris K,,
Chicago,2,2,2,2,Spring,Seasonal,https://www.fourseasons.com/chicago/seasonal/spring/,,,,,,spring in chicago,,,,,,,,