url,primary_keyword,secondary_keyword,region,language,device
https://www.fourseasons.com/abudhabi/,four seasons abu dhabi,,AE,en,mobile
https://www.fourseasons.com/abudhabi/accommodations/,Abu Dhabi Suites,,AE,en,mobile
https://www.fourseasons.com/abudhabi/dining/,fine dining abu dhabi,Abu Dhabi Dining | Abu Dhabi Restaurants,AE,en,mobile
https://www.fourseasons.com/abudhabi/offers/,abu dhabi hotel packages,luxury hotel offers abu dhabi,AE,en,mobile
https://www.fourseasons.com/abudhabi/photos-and-videos/,four seasons abu dhabi photos,Abu Dhabi Photos & Videos,AE,en,mobile
https://www.fourseasons.com/abudhabi/services-and-amenities/pools/,Abu dhabi hotel pool,hotel with pool abu dhabi,AE,en,mobile
https://www.fourseasons.com/abudhabi/spa/,spa hotels abu dhabi,,AE,en,mobile
https://www.fourseasons.com/abudhabi/weddings/,abu dhabi weddings,,AE,en,mobile
https://www.fourseasons.com/abudhabi/weddings/honeymoon/,Abu Dhabi Honeymoons,,AE,en,mobile
https://www.fourseasons.com/abudhabi/weddings/packages/,Abu Dhabi Wedding Packages,,AE,en,mobile
https://www.fourseasons.com/abudhabi/seasonal/christmas/,,,AE,en,mobile
https://www.fourseasons.com/abudhabi/seasonal/new-year/,,,AE,en,mobile
https://www.fourseasons.com/abudhabi/seasonal/ramadan/,,,AE,en,mobile
https://www.fourseasons.com/abudhabi/weddings/venues/,Wedding Venues Abu Dhabi,,AE,en,mobile
https://www.fourseasons.com/alexandria/,hotel alexandria | luxury hotels in alexandria,,EG,en,mobile
https://www.fourseasons.com/alexandria/accommodations/,alexandria suites | alexandria hotel rooms,,EG,en,mobile
https://www.fourseasons.com/alexandria/dining/,fine dining alexandria,,EG,en,mobile
https://www.fourseasons.com/alexandria/experiences/,things to do alexandria | alexandria experiences,,EG,en,mobile
https://www.fourseasons.com/alexandria/landing-pages/property/villas-with-private-pools/,private pool villa egypt,,EG,en,mobile
https://www.fourseasons.com/alexandria/offers/,alexandria hotel offers | alexandria hotel packages,,EG,en,mobile
https://www.fourseasons.com/alexandria/photos-and-videos/,alexandria photos | alexandria videos,,EG,en,mobile
https://www.fourseasons.com/alexandria/seasonal/ramadan/,ramadan alexandria,,EG,en,mobile
https://www.fourseasons.com/alexandria/spa/,alexandria spa,,EG,en,mobile
https://www.fourseasons.com/alexandria/weddings/,alexandria weddings,,EG,en,mobile
https://www.fourseasons.com/amaalaredsea/,four seasons amaala,"wellness resort in saudi arabia, four seasons saudi arabia, luxury resorts in saudi arabia",SA,en,mobile
https://www.fourseasons.com/amaalaredsea/accommodations/,luxury suites in amaala,"luxury suites saudi arabia, luxury accommodations saudi arabia",SA,en,mobile
https://www.fourseasons.com/amaalaredsea/dining/,red sea restaurants,fine dining saudi arabia,SA,en,mobile
https://www.fourseasons.com/amaalaredsea/offers/,hotel offers in amaala,,SA,en,mobile
https://www.fourseasons.com/amaalaredsea/spa/,spa resort in saudi arabia,,SA,en,mobile
https://www.fourseasons.com/amaalaredsea/wellness/,wellness resort in saudi arabia,,SA,en,mobile
https://www.fourseasons.com/amman/,hotels in amman jordan​​ | amman luxury hotels​,hotels in amman | luxury hotels in amman jordan​,JO,en,mobile
https://www.fourseasons.com/amman/accommodations/,suites in amman​ | amman hotel room​,luxury suites amman​ | accommodation amman​,JO,en,mobile
https://www.fourseasons.com/amman/dining/,luxury restaurants in amman​ | fine dining amman​,dining in amman​ | fine dining restaurants in amman,JO,en,mobile
https://www.fourseasons.com/amman/experiences/,,,JO,en,mobile
https://www.fourseasons.com/amman/offers/,,,JO,en,mobile
https://www.fourseasons.com/amman/photos-and-videos/,,,JO,en,mobile
https://www.fourseasons.com/amman/spa/,spa in amman​ | massage in amman,facial treatment in amman​,JO,en,mobile
https://www.fourseasons.com/amman/weddings/,,,JO,en,mobile
https://www.fourseasons.com/anguilla/,anguilla luxury resort,,AI,en,mobile
https://www.fourseasons.com/anguilla/accommodations/,anguilla luxury villas,,AI,en,mobile
https://www.fourseasons.com/anguilla/boat-rentals-and-charters/,anguilla boat charters,,AI,en,mobile
https://www.fourseasons.com/anguilla/dining/,fine dining anguilla,,AI,en,mobile
https://www.fourseasons.com/anguilla/itinerary/,anguilla itinerary,,AI,en,mobile
https://www.fourseasons.com/anguilla/offers/,anguilla resort packages,,AI,en,mobile
https://www.fourseasons.com/anguilla/photos-and-videos/,anguilla resort photos,,AI,en,mobile
https://www.fourseasons.com/anguilla/seasonal/christmas/,christmas in anguilla,,AI,en,mobile
https://www.fourseasons.com/anguilla/services-and-amenities/family/,anguilla family resorts,,AI,en,mobile
https://www.fourseasons.com/anguilla/spa/,anguilla spa,,AI,en,mobile
https://www.fourseasons.com/anguilla/villa-residence-rentals/,anguilla luxury villas,anguilla villa rentals,AI,en,mobile
https://www.fourseasons.com/anguilla/weddings/,anguilla wedding,,AI,en,mobile
https://www.fourseasons.com/athens/,athens beach resort,"luxury resort athens,5-star hotels in athens,athens beach hotels,vouliagmeni hotels,Athens Riviera hotels",GR,en,mobile
https://www.fourseasons.com/athens/accommodations/,Athens Luxury Suites,athens luxury hotel suites,GR,en,mobile
https://www.fourseasons.com/athens/dining/,athens fine dining,athens restaurants,GR,en,mobile
https://www.fourseasons.com/athens/dining/restaurants/brunch/,Brunch in athens,"sunday brunch athens,brunch in vouliagmeni",GR,en,mobile
https://www.fourseasons.com/athens/experiences/,Private tours Athens,athens full day private tour,GR,en,mobile
https://www.fourseasons.com/athens/greek-island-tours/,Athens boat tours,"Boat Tours from Athens,Greek Island Tours|",GR,en,mobile
https://www.fourseasons.com/athens/landing-pages/property/vouliagmeni/,things to do in vouliagmeni,"Faskomilia Hill,lake vouliagmeni",GR,en,mobile
https://www.fourseasons.com/athens/offers/,athens hotel packages,,GR,en,mobile
https://www.fourseasons.com/athens/photos-and-videos/,four seasons hotel photos,,GR,en,mobile
https://www.fourseasons.com/athens/private-pool-suites/,private pool greece,"Hotel in Greece with Private Pool,athens hotel private pool, private pool suites, Private Pool in Room",GR,en,mobile
https://www.fourseasons.com/athens/services-and-amenities/athens-beaches/,beaches near athens,beaches close to athens,GR,en,mobile
https://www.fourseasons.com/athens/services-and-amenities/family/,Family Friendly Hotel in Athens,"Family Resort Athens, family beach resort athens",GR,en,mobile
https://www.fourseasons.com/athens/services-and-amenities/pools-and-beaches/,private beach athens,"athens beach hotel,astir beach",GR,en,mobile
https://www.fourseasons.com/athens/services-and-amenities/pools/,athens hotel pool,"athens hotel pool day pass,athens swimming pool",GR,en,mobile
https://www.fourseasons.com/athens/spa/,athens spa,"luxury spa athens,spa day athens, spa hotel athens",GR,en,mobile
https://www.fourseasons.com/athens/spa/couples-massage/,couples massage athens,"spa for couples athens,couples spa",GR,en,mobile
https://www.fourseasons.com/athens/weddings/,athens wedding,athens riviera wedding,GR,en,mobile
https://www.fourseasons.com/athens/weddings/honeymoon/,honeymoon in greece,"athens honeymoon,athens honeymoon hotel,athens honeymoon package,romantic hotels in athens, athens riviera honeymoon",GR,en,mobile
https://www.fourseasons.com/atlanta/,midtown atlanta luxury hotels,,US,en,mobile
https://www.fourseasons.com/atlanta/accommodations/,luxury hotel suites atlanta,,US,en,mobile
https://www.fourseasons.com/atlanta/dining/,midtown atlanta dining,,US,en,mobile
https://www.fourseasons.com/atlanta/dining/restaurants/afternoon-tea/,afternoon tea atlanta,,US,en,mobile
https://www.fourseasons.com/atlanta/dining/restaurants/brunch/,brunch midtown atlanta,,US,en,mobile
https://www.fourseasons.com/atlanta/experiences/,atlanta experiences,atlanta activities,US,en,mobile
https://www.fourseasons.com/atlanta/offers/,atlanta vacation packages,,US,en,mobile
https://www.fourseasons.com/atlanta/photos-and-videos/,atlanta photos,,US,en,mobile
https://www.fourseasons.com/atlanta/seasonal/christmas/,atlanta christmas,,US,en,mobile
https://www.fourseasons.com/atlanta/seasonal/new-year/,atlanta new years eve,,US,en,mobile
https://www.fourseasons.com/atlanta/seasonal/spring-activities/,spring activities atlanta,,US,en,mobile
https://www.fourseasons.com/atlanta/seasonal/thanksgiving/,atlanta thanksgiving,,US,en,mobile
https://www.fourseasons.com/atlanta/services-and-amenities/couples/,romantic hotels in atlanta,,US,en,mobile
https://www.fourseasons.com/atlanta/services-and-amenities/family/,family friendly hotels in atlanta,,US,en,mobile
https://www.fourseasons.com/atlanta/services-and-amenities/pet-friendly-stays/,atlanta pet friendly hotel,,US,en,mobile
https://www.fourseasons.com/atlanta/spa/,luxury spa atlanta,,US,en,mobile
https://www.fourseasons.com/atlanta/three-day-itinerary/,atlanta 3 day itinerary,,US,en,mobile
https://www.fourseasons.com/atlanta/weddings/,atlanta wedding,,US,en,mobile
https://www.fourseasons.com/austin/,luxury hotels austin,downtown austin hotels,US,en,mobile
https://www.fourseasons.com/austin/accommodations/,austin hotel rooms,austin suites hotel,US,en,mobile
https://www.fourseasons.com/austin/dining/,downtown austin restaurants,fine dining austin,US,en,mobile
https://www.fourseasons.com/austin/dining/restaurants/ciclo/,steakhouse downtown austin,,US,en,mobile
https://www.fourseasons.com/austin/offers/,austin hotel packages,,US,en,mobile
https://www.fourseasons.com/austin/photos-and-videos/,austin hotel photos,,US,en,mobile
https://www.fourseasons.com/austin/services-and-amenities/couples-experiences/,austin getaways for couples,,US,en,mobile
https://www.fourseasons.com/austin/services-and-amenities/family/,family friendly hotels in austin,,US,en,mobile
https://www.fourseasons.com/austin/services-and-amenities/pet-friendly-stays/,pet friendly hotels austin,pet friendly hotels downtown austin,US,en,mobile
https://www.fourseasons.com/austin/services-and-amenities/pool/,austin hotels with pool,"austin hotels with outdoor pools,austin downtown hotels with pool",US,en,mobile
https://www.fourseasons.com/austin/spa/,austin spa,austin day spa,US,en,mobile
https://www.fourseasons.com/austin/spa/facials/,facials austin,,US,en,mobile
https://www.fourseasons.com/austin/spa/massages/,massage austin,,US,en,mobile
https://www.fourseasons.com/austin/staycation/,staycation austin,,US,en,mobile
https://www.fourseasons.com/austin/the-university-of-texas/,hotels near university of texas austin,hotels near texas longhorn stadium,US,en,mobile
https://www.fourseasons.com/austin/weddings/,austin wedding,,US,en,mobile
https://www.fourseasons.com/austin/weddings/honeymoon/,austin honeymoon,,US,en,mobile
https://www.fourseasons.com/austin/weddings/venues/,austin wedding venues,downtown austin wedding venues,US,en,mobile
https://www.fourseasons.com/northsandiego/,san diego california luxury resorts | ​ aviara carlsbad,vacation homes in san diego​,US,en,mobile
https://www.fourseasons.com/northsandiego/dining/,fine dining san diego | fine dining restaurants in san diego,luxury restaurants san diego | carlsbad restaurants,US,en,mobile
https://www.fourseasons.com/northsandiego/experiences/,san diego experiences | unique san diego experiences,,US,en,mobile
https://www.fourseasons.com/northsandiego/offers/,san diego hotel packages | hotel offers san diego,,US,en,mobile
https://www.fourseasons.com/northsandiego/photos-and-videos/,aviara photos,villa pictures,US,en,mobile
https://www.fourseasons.com/northsandiego/spa/,driftwood spa | spa in san diego,spa in carlsbad ca​ | spa in carlsbad,US,en,mobile
https://www.fourseasons.com/northsandiego/villarentals/,san diego luxury villa rentals​ | san diego vacation villas,mountain view san diego | san diego hotels with balcony | hotels with multiple bedrooms,US,en,mobile
https://www.fourseasons.com/oceanclub/,Bahamas luxury resort,,BS,en,mobile
https://www.fourseasons.com/oceanclub/accommodations/,Bahamas suites,,BS,en,mobile
https://www.fourseasons.com/oceanclub/bahamas-three-day-itinerary/,bahamas itinerary,,BS,en,mobile
https://www.fourseasons.com/oceanclub/dining/,paradise island restaurants,,BS,en,mobile
https://www.fourseasons.com/oceanclub/offers/,bahamas resort packages,,BS,en,mobile
https://www.fourseasons.com/oceanclub/photos-and-videos/,bahamas photos,,BS,en,mobile
https://www.fourseasons.com/oceanclub/seasonal/christmas/,bahamas christmas,,BS,en,mobile
https://www.fourseasons.com/oceanclub/seasonal/new-year/,bahamas new years,,BS,en,mobile
https://www.fourseasons.com/oceanclub/seasonal/spring-break/,bahamas spring break,,BS,en,mobile
https://www.fourseasons.com/oceanclub/seasonal/thanksgiving/,bahamas thanksgiving,,BS,en,mobile
https://www.fourseasons.com/oceanclub/services-and-amenities/boat-tours/,bahamas boat tours,,BS,en,mobile
https://www.fourseasons.com/oceanclub/services-and-amenities/tennis/,bahamas tennis,,BS,en,mobile
https://www.fourseasons.com/oceanclub/spa/,bahamas spa,,BS,en,mobile
https://www.fourseasons.com/oceanclub/villa-residence-rentals/,bahamas villas,,BS,en,mobile
https://www.fourseasons.com/oceanclub/weddings/,bahamas wedding,,BS,en,mobile
https://www.fourseasons.com/bahrain/,bahrain luxury hotel,,BH,en,mobile
https://www.fourseasons.com/bahrain/accommodations/,bahrain accommodation,,BH,en,mobile
https://www.fourseasons.com/bahrain/dining/,bahrain restaurants,,BH,en,mobile
https://www.fourseasons.com/bahrain/offers/,bahrain hotel packages,,BH,en,mobile
https://www.fourseasons.com/bahrain/experiences/,bahrain experiences,,BH,en,mobile
https://www.fourseasons.com/bahrain/photos-and-videos/,bahrain photos,,BH,en,mobile
https://www.fourseasons.com/bahrain/spa/,spa in bahrain,,BH,en,mobile
https://www.fourseasons.com/bahrain/services-and-amenities/family/,family hotel in bahrain,,BH,en,mobile
https://www.fourseasons.com/bahrain/weddings/,bahrain weddings,,BH,en,mobile
https://www.fourseasons.com/baku/,5-star hotel baku | luxury hotel baku,hotel baku azerbaijan | old city hotel baku,AZ,en,mobile
https://www.fourseasons.com/baku/accommodations/,baku hotel rooms | baku accommodation,baku accommodation,AZ,en,mobile
https://www.fourseasons.com/baku/dining/,restaurants in baku | baku restaurants,best restaurants in baku | best restaurants in baku old city,AZ,en,mobile
https://www.fourseasons.com/baku/offers/,baku vacation packages,,AZ,en,mobile
https://www.fourseasons.com/baku/photos-and-videos/,baku azerbaijan images | baku pictures azerbaijan,,AZ,en,mobile
https://www.fourseasons.com/baku/spa/,spa baku | spa in baku,best spa in baku,AZ,en,mobile
https://www.fourseasons.com/baku/weddings/,baku wedding | baku wedding venues,four seasons baku wedding,AZ,en,mobile
https://www.fourseasons.com/jimbaranbay/,bali beach resort,,ID,en,mobile
https://www.fourseasons.com/jimbaranbay/accommodations/,bali villas on the beach,,ID,en,mobile
https://www.fourseasons.com/jimbaranbay/dining/,Restaurants in Jimbaran Bay,,ID,en,mobile
https://www.fourseasons.com/jimbaranbay/photos-and-videos/,bali pictures,,ID,en,mobile
https://www.fourseasons.com/jimbaranbay/spa/,luxury spa in jimbaran bay,,ID,en,mobile
https://www.fourseasons.com/jimbaranbay/villa-residence-rentals/,Bali vacation rentals,,ID,en,mobile
https://www.fourseasons.com/jimbaranbay/weddings/,bali wedding | beachfront wedding,,ID,en,mobile
https://www.fourseasons.com/sayan/,resort in ubud,,ID,en,mobile
https://www.fourseasons.com/sayan/accommodations/,luxury villas,,ID,en,mobile
https://www.fourseasons.com/sayan/dining/,ubud restaurants,,ID,en,mobile
https://www.fourseasons.com/sayan/photos-and-videos/,sayan photos,,ID,en,mobile
https://www.fourseasons.com/sayan/spa/,spa in ubud,,ID,en,mobile
https://www.fourseasons.com/sayan/weddings/,bali wedding,,ID,en,mobile
https://www.fourseasons.com/baltimore/,"baltimore luxury hotel
baltimore harbor hotels","hotels in harbor east baltimore
hotels baltimore harbor east
hotels in baltimore inner harbor",US,en,mobile
https://www.fourseasons.com/baltimore/accommodations/,"baltimore hotel suites
baltimore rooms",baltimore suites,US,en,mobile
https://www.fourseasons.com/baltimore/dining/,"fine dining Baltimore
upscale restaurants in baltimore",harbor east restaurants,US,en,mobile
https://www.fourseasons.com/baltimore/offers/,baltimore hotel packages | hotel offers baltimore,Baltimore luxury hotel packages and offers,US,en,mobile
https://www.fourseasons.com/baltimore/photos-and-videos/,Baltimore photos | videos,,US,en,mobile
https://www.fourseasons.com/baltimore/seasonal/new-year/,new years eve in baltimore,,US,en,mobile
https://www.fourseasons.com/baltimore/seasonal/valentines-day/,valentines day in baltimore,,US,en,mobile
https://www.fourseasons.com/baltimore/services-and-amenities/pools/,baltimore hotel with pools,"rooftop pool baltimore
baltimore hotel pool",US,en,mobile
https://www.fourseasons.com/baltimore/spa/,baltimore spa,,US,en,mobile
https://www.fourseasons.com/baltimore/weddings/,baltimore weddings,baltimore wedding,US,en,mobile
https://www.fourseasons.com/bangkok/,"bangkok luxury hotel
luxury hotel bangkok",riverside hotel bangkok,TH,en,mobile
https://www.fourseasons.com/bangkok/accommodations/,luxury suites bangkok,bangkok suite hotel,TH,en,mobile
https://www.fourseasons.com/bangkok/dining/,"bangkok restaurants
bangkok fine dining",bangkok river dining,TH,en,mobile
https://www.fourseasons.com/bangkok/dining/lounges/bkk-social-club/,cocktail bar in bangkok,,TH,en,mobile
https://www.fourseasons.com/bangkok/dining/restaurants/palmier-by-guillaume-galliot/,french restaurant bangkok,,TH,en,mobile
https://www.fourseasons.com/bangkok/dining/restaurants/riva-del-fiume-ristorante/,italian restaurant in bangkok,,TH,en,mobile
https://www.fourseasons.com/bangkok/dining/restaurants/yu-ting-yuan/,chinese restaurant bangkok,,TH,en,mobile
https://www.fourseasons.com/bangkok/experiences/,bangkok luxury tours,things to do in bangkok,TH,en,mobile
https://www.fourseasons.com/bangkok/offers/,bangkok hotel offers,,TH,en,mobile
https://www.fourseasons.com/bangkok/photos-and-videos/,bangkok luxury hotel photos & videos,,TH,en,mobile
https://www.fourseasons.com/bangkok/seasonal/easter-and-songkran/,songkran bangkok,,TH,en,mobile
https://www.fourseasons.com/bangkok/spa/,bangkok spa,,TH,en,mobile
https://www.fourseasons.com/bangkok/weddings/,bangkok weddings,riverside wedding bangkok,TH,en,mobile
https://www.fourseasons.com/bangkok/services-and-amenities/family/,family friendly hotel in bangkok,,TH,en,mobile
https://www.fourseasons.com/beijing/,beijing luxury hotel,,CN,en,mobile
https://www.fourseasons.com/beijing/accommodations/,beijing suites,"beijing suite hotel, luxury accommodation beijing",CN,en,mobile
https://www.fourseasons.com/beijing/dining/,beijing restaurants,,CN,en,mobile
https://www.fourseasons.com/beijing/experiences/,beijing tours,beijing experiences,CN,en,mobile
https://www.fourseasons.com/beijing/offers/,beijing hotel offers,beijing vacation packages,CN,en,mobile
https://www.fourseasons.com/beijing/photos-and-videos/,beijing photos,,CN,en,mobile
https://www.fourseasons.com/beijing/spa/,beijing spa,,CN,en,mobile
https://www.fourseasons.com/beijing/spa/massages/,beijing massage spa,,CN,en,mobile
https://www.fourseasons.com/beijing/weddings/,beijing wedding,,CN,en,mobile
https://www.fourseasons.com/bengaluru/,luxury hotels in bangalore | luxury hotels in bengaluru,bangalore hotels,IN,en,mobile
https://www.fourseasons.com/bengaluru/accommodations/,hotel rooms in bangalore | suite rooms in bangalore,,IN,en,mobile
https://www.fourseasons.com/bengaluru/dining/,restaurants in bangalore | fine dining restaurants in bangalore,luxury restaurants in bangalore,IN,en,mobile
https://www.fourseasons.com/bengaluru/experiences/,things to do in bangalore city,,IN,en,mobile
https://www.fourseasons.com/bengaluru/offers/,hotel offers in bangalore | hotel packages in bangalore,best hotel offers in bangalore,IN,en,mobile
https://www.fourseasons.com/bengaluru/photos-and-videos/,bengaluru hotel photos,,IN,en,mobile
https://www.fourseasons.com/bengaluru/seasonal/,christmas in bangalore | new year in bangalore,,IN,en,mobile
https://www.fourseasons.com/bengaluru/spa/,spa in bangalore | luxury spa in bangalore,luxury spa bengaluru,IN,en,mobile
https://www.fourseasons.com/bengaluru/weddings/,wedding venues in bangalore | wedding hotels in bangalore,destination wedding in bangalore,IN,en,mobile
https://www.fourseasons.com/beverlywilshire/,"beverly wilshire a four seasons hotel
beverly wilshire hotel","luxury hotels in beverly hills
beverly hills hotels 5-star
5-star hotels in los angeles
luxury hotels los angeles",US,en,mobile
https://www.fourseasons.com/beverlywilshire/accommodations/,beverly hills hotel suites,beverly hills suites,US,en,mobile
https://www.fourseasons.com/beverlywilshire/accommodations/specialty_suites/penthouse_suite/,beverly hills penthouses,penthouse suite los angeles,US,en,mobile
https://www.fourseasons.com/beverlywilshire/dining/,"beverly hills fine dining
upscale dining beverly hills","fine dining los angeles
dining experience los angeles
beverly hills private dining",US,en,mobile
https://www.fourseasons.com/beverlywilshire/experiences/,luxury experiences in la,things to do in beverly hills,US,en,mobile
https://www.fourseasons.com/beverlywilshire/experiences/pretty-woman-for-a-day/,"hotel in pretty woman
pretty woman hotel",where was pretty woman filmed,US,en,mobile
https://www.fourseasons.com/beverlywilshire/offers/,beverly hills hotel packages,beverly hills hotel offers,US,en,mobile
https://www.fourseasons.com/beverlywilshire/photos-and-videos/,beverly hills hotel photos,,US,en,mobile
https://www.fourseasons.com/beverlywilshire/seasonal/new-year/,new year's eve in beverly hills,,US,en,mobile
https://www.fourseasons.com/beverlywilshire/seasonal/thanksgiving/,thanksgiving in beverly hills,,US,en,mobile
https://www.fourseasons.com/beverlywilshire/services-and-amenities/family/,family friendly-hotel in beverly hills,,US,en,mobile
https://www.fourseasons.com/beverlywilshire/services-and-amenities/pools/,beverly hills hotel pool,beverly hills hotel swimming pool,US,en,mobile
https://www.fourseasons.com/beverlywilshire/spa/,beverly hills spa,spa in beverly hills,US,en,mobile
https://www.fourseasons.com/beverlywilshire/spa/massages/,massage beverly hills,,US,en,mobile
https://www.fourseasons.com/beverlywilshire/weddings/,"wedding beverly hills hotel
beverly hills weddings",beverly hills wedding venue,US,en,mobile
https://www.fourseasons.com/bogota/,luxury hotel bogota​ | zona t bogota hotels​,,CO,en,mobile
https://www.fourseasons.com/bogota/accommodations/,bogota accommodation | hotel bogota suite,hotel luxury suites bogota | luxury suites bogota,CO,en,mobile
https://www.fourseasons.com/bogota/dining/,fine dining bogota | zona rosa restaurants​,bogota dining​ | zona rosa dining​,CO,en,mobile
https://www.fourseasons.com/bogota/experiences/,,,CO,en,mobile
https://www.fourseasons.com/bogota/offers/,,,CO,en,mobile
https://www.fourseasons.com/bogota/photos-and-videos/,,,CO,en,mobile
https://www.fourseasons.com/bogota/spa/,hotel spa bogota | luxury spa bogota,massage bogota​,CO,en,mobile
https://www.fourseasons.com/bogota/weddings/,,,CO,en,mobile
https://www.fourseasons.com/borabora/,Bora Bora Luxury Resort,,PF,en,mobile
https://www.fourseasons.com/borabora/accommodations/,bora bora overwater bungalow,,PF,en,mobile
https://www.fourseasons.com/borabora/dining/,Bora Bora Restaurants,,PF,en,mobile
https://www.fourseasons.com/borabora/experiences/,things to do in bora bora,,PF,en,mobile
https://www.fourseasons.com/borabora/offers/,bora bora vacation packages,,PF,en,mobile
https://www.fourseasons.com/borabora/photos-and-videos/,bora bora photos,,PF,en,mobile
https://www.fourseasons.com/borabora/seasonal/christmas/,bora bora christmas,,PF,en,mobile
https://www.fourseasons.com/borabora/seasonal/new-year/,bora bora new year's eve,,PF,en,mobile
https://www.fourseasons.com/borabora/services-and-amenities/couples/,bora bora romantic getaway,,PF,en,mobile
https://www.fourseasons.com/borabora/seven-day-itinerary/,bora bora itinerary,,PF,en,mobile
https://www.fourseasons.com/borabora/spa/,Bora Bora Spa,,PF,en,mobile
https://www.fourseasons.com/borabora/villa-residence-rentals/,bora bora villa rentals,,PF,en,mobile
https://www.fourseasons.com/borabora/weddings/,bora bora weddings,,PF,en,mobile
https://www.fourseasons.com/boston/,hotel in boston,,US,en,mobile
https://www.fourseasons.com/boston/accommodations/,suites in boston,,US,en,mobile
https://www.fourseasons.com/boston/dining/,boston fine dining,,US,en,mobile
https://www.fourseasons.com/boston/experiences/,boston experiences,,US,en,mobile
https://www.fourseasons.com/boston/offers/,boston hotel packages,,US,en,mobile
https://www.fourseasons.com/boston/girls-getaway/,Girls Getaway,girls trip,US,en,mobile
https://www.fourseasons.com/boston/photos-and-videos/,boston hotel photos,,US,en,mobile
https://www.fourseasons.com/boston/weddings/,large wedding venues boston | downtown boston wedding venues,,US,en,mobile
https://www.fourseasons.com/onedalton/,back bay boston hotel,,US,en,mobile
https://www.fourseasons.com/onedalton/accommodations/,Boston Accommodation,,US,en,mobile
https://www.fourseasons.com/onedalton/dining/,back bay restaurants,,US,en,mobile
https://www.fourseasons.com/onedalton/experiences/,experiences in boston,,US,en,mobile
https://www.fourseasons.com/onedalton/offers/,boston hotel offers,,US,en,mobile
https://www.fourseasons.com/onedalton/photos-and-videos/,boston photos,,US,en,mobile
https://www.fourseasons.com/onedalton/services-and-amenities/family/,best family hotels in boston,,US,en,mobile
https://www.fourseasons.com/onedalton/landing-pages/property/sports-and-entertainment/,Hotel Near Boston Sports,,US,en,mobile
https://www.fourseasons.com/onedalton/spa/,luxury spa boston,,US,en,mobile
https://www.fourseasons.com/onedalton/weddings/,weddings in back bay,,US,en,mobile
https://www.fourseasons.com/budapest/,budapest luxury hotel,,HU,en,mobile
https://www.fourseasons.com/budapest/accommodations/,luxury suites budapest,,HU,en,mobile
https://www.fourseasons.com/budapest/dining/,budapest restaurants,,HU,en,mobile
https://www.fourseasons.com/budapest/dining/lounges/afternoon-tea/,afternoon tea budapest,,HU,en,mobile
https://www.fourseasons.com/budapest/experiences/,luxury things to do in budapest,,HU,en,mobile
https://www.fourseasons.com/budapest/four-day-itinerary/,4 day budapest itinerary,,HU,en,mobile
https://www.fourseasons.com/budapest/offers/,budapest hotel packages,,HU,en,mobile
https://www.fourseasons.com/budapest/photos-and-videos/,budapest photos,,HU,en,mobile
https://www.fourseasons.com/budapest/seasonal/christmas/,budapest christmas,,HU,en,mobile
https://www.fourseasons.com/budapest/seasonal/new-year/,budapest new year,,HU,en,mobile
https://www.fourseasons.com/budapest/seasonal/thanksgiving/,thanksgiving in budapest,,HU,en,mobile
https://www.fourseasons.com/budapest/spa/,spa budapest,,HU,en,mobile
https://www.fourseasons.com/budapest/weddings/,budapest wedding,,HU,en,mobile
https://www.fourseasons.com/buenosaires/,buenos aires luxury hotel,5-star hotel buenos aires,AR,en,mobile
https://www.fourseasons.com/buenosaires/accommodations/,buenos aires suites,buenos aires hotel room,AR,en,mobile
https://www.fourseasons.com/buenosaires/couples/,romantic hotel buenos aires,,AR,en,mobile
https://www.fourseasons.com/buenosaires/dining/,buenos aires restaurants,recoleta restaurants,AR,en,mobile
https://www.fourseasons.com/buenosaires/experiences/,buenos aires excursions,buenos aires experiences,AR,en,mobile
https://www.fourseasons.com/buenosaires/offers/,buenos aires vacation packages,buenos aires hotel deals,AR,en,mobile
https://www.fourseasons.com/buenosaires/photos-and-videos/,buenos aires photos,,AR,en,mobile
https://www.fourseasons.com/buenosaires/spa/,buenos aires spa,"hotel spa buenos aires, cielo spa",AR,en,mobile
https://www.fourseasons.com/buenosaires/weddings/,buenos aires wedding,destination wedding buenos aires,AR,en,mobile
https://www.fourseasons.com/cabodelsol/,cabo san lucas luxury resorts,cabo san lucas beach resort,MX,en,mobile
https://www.fourseasons.com/cabodelsol/accommodations/,cabo san lucas accommodation,,MX,en,mobile
https://www.fourseasons.com/cabodelsol/dining/,fine dining cabo san lucas,,MX,en,mobile
https://www.fourseasons.com/cabodelsol/experiences/,luxury things to do in cabo san lucas,,MX,en,mobile
https://www.fourseasons.com/cabodelsol/offers/,cabo san lucas resort packages,,MX,en,mobile
https://www.fourseasons.com/cabodelsol/photos-and-videos/,cabo san lucas photos,,MX,en,mobile
https://www.fourseasons.com/cabodelsol/seasonal/christmas/,cabo san lucas christmas,,MX,en,mobile
https://www.fourseasons.com/cabodelsol/seasonal/new-year/,cabo san lucas new years,,MX,en,mobile
https://www.fourseasons.com/cabodelsol/seasonal/thanksgiving/,thanksgiving in cabo san lucas,,MX,en,mobile
https://www.fourseasons.com/cabodelsol/services-and-amenities/couples/,cabo san lucas couples resorts,,MX,en,mobile
https://www.fourseasons.com/cabodelsol/services-and-amenities/family/,cabo san lucas family resorts,,MX,en,mobile
https://www.fourseasons.com/cabodelsol/spa/,cabo san lucas spa,,MX,en,mobile
https://www.fourseasons.com/cabodelsol/villa-residence-rentals/,cabo san lucas villa rentals,,MX,en,mobile
https://www.fourseasons.com/cabodelsol/weddings/,cabo san lucas weddings,,MX,en,mobile
https://www.fourseasons.com/cabodelsol/weddings/honeymoon/,cabo san lucas honeymoon,,MX,en,mobile
https://www.fourseasons.com/caironp/,luxury hotel cairo | nile view hotel cairo,downtown cairo hotel,EG,en,mobile
https://www.fourseasons.com/caironp/accommodations/,cairo hotel rooms | cairo suites,cairo hotel rooms,EG,en,mobile
https://www.fourseasons.com/caironp/dining/,restaurants on the nile | fine dining cairo,bars in cairo | restaurants cairo,EG,en,mobile
https://www.fourseasons.com/caironp/dining/restaurants/brunch/,brunch cairo,,EG,en,mobile
https://www.fourseasons.com/caironp/experiences/,cairo experiences | things to do cairo,,EG,en,mobile
https://www.fourseasons.com/caironp/offers/,cairo hotel offers | cairo hotel packages,cairo vacation packages,EG,en,mobile
https://www.fourseasons.com/caironp/photos-and-videos/,cairo photos | cairo videos,,EG,en,mobile
https://www.fourseasons.com/caironp/seasonal/christmas/,christmas cairo,,EG,en,mobile
https://www.fourseasons.com/caironp/seasonal/new-year/,new years cairo | new years eve cairo,,EG,en,mobile
https://www.fourseasons.com/caironp/seasonal/ramadan/,ramadan cairo,,EG,en,mobile
https://www.fourseasons.com/caironp/services-and-amenities/cairo-tours/,tours cairo | private tours cairo,,EG,en,mobile
https://www.fourseasons.com/caironp/services-and-amenities/family/,family hotel cairo,,EG,en,mobile
https://www.fourseasons.com/caironp/spa/,cairo spa,,EG,en,mobile
https://www.fourseasons.com/caironp/weddings/,cairo weddings,,EG,en,mobile
https://www.fourseasons.com/cairofr/,giza hotel | luxury hotels cairo,hotels in giza egypt,EG,en,mobile
https://www.fourseasons.com/cairofr/accommodations/,cairo hotel rooms,cairo hotel suites | cairo accommodation,EG,en,mobile
https://www.fourseasons.com/cairofr/dining/,giza restaurant | fine dining in cairo,,EG,en,mobile
https://www.fourseasons.com/cairofr/experiences/,things to do in giza,things to do in cairo,EG,en,mobile
https://www.fourseasons.com/cairofr/offers/,cairo vacation packages | cairo hotels offers,cairo egypt vacation packages,EG,en,mobile
https://www.fourseasons.com/cairofr/photos-and-videos/,cairo photos | cairo egypt videos,,EG,en,mobile
https://www.fourseasons.com/cairofr/spa/,spa in cairo | spa in giza,,EG,en,mobile
https://www.fourseasons.com/cairofr/weddings/,cairo wedding,,EG,en,mobile
https://www.fourseasons.com/capferrat/,south of france hotel,,FR,en,mobile
https://www.fourseasons.com/capferrat/accommodations/,South of France villas,,FR,en,mobile
https://www.fourseasons.com/capferrat/dining/,south of france restaurants,,FR,en,mobile
https://www.fourseasons.com/capferrat/experiences/,french riviera experiences,,FR,en,mobile
https://www.fourseasons.com/capferrat/offers/,french riviera vacation packages,,FR,en,mobile
https://www.fourseasons.com/capferrat/photos-and-videos/,french riviera photos,pics of french riviera,FR,en,mobile
https://www.fourseasons.com/capferrat/services-and-amenities/family/,Family-Friendly Hotel in South of France,,FR,en,mobile
https://www.fourseasons.com/capferrat/spa/,riviera spa,,FR,en,mobile
https://www.fourseasons.com/capferrat/villa-residence-rentals/,south of france villa rentals,,FR,en,mobile
https://www.fourseasons.com/capferrat/weddings/,French Riviera wedding,,FR,en,mobile
https://www.fourseasons.com/cartagena/,luxury hotels in cartagena colombia | cartagena luxury resorts,,CO,en,mobile
https://www.fourseasons.com/cartagena/accommodations/,cartagena accommodation,cartagena suites | hotel suite cartagena,CO,en,mobile
https://www.fourseasons.com/cartagena/dining/,cartagena restaurants​ | cartagena bars​,,CO,en,mobile
https://www.fourseasons.com/cartagena/offers/,cartagena colombia vacation packages​ | cartagena vacation packages​,,CO,en,mobile
https://www.fourseasons.com/cartagena/spa/,luxury spa cartagena​,spa cartagena​ | spa in cartagena​,CO,en,mobile
https://www.fourseasons.com/cartagena/weddings/,cartagena weddings,cartagena wedding​ | destination wedding cartagena​,CO,en,mobile
https://www.fourseasons.com/casablanca/,casablanca luxury hotels​ | morocco luxury hotels​,luxury hotel casablanca morocco​,MA,en,mobile
https://www.fourseasons.com/casablanca/accommodations/,hotel suite casablanca​ | casablanca accommodation​,,MA,en,mobile
https://www.fourseasons.com/casablanca/dining/,luxury restaurants casablanca​ | restaurants casablanca​,,MA,en,mobile
https://www.fourseasons.com/casablanca/offers/,,,MA,en,mobile
https://www.fourseasons.com/casablanca/photos-and-videos/,,,MA,en,mobile
https://www.fourseasons.com/casablanca/spa/,hotel spa casablanca​ | hammam casablanca​,,MA,en,mobile
https://www.fourseasons.com/casablanca/weddings/,,,MA,en,mobile
https://www.fourseasons.com/chiangmai/,chiang mai resort,luxury resort chiang mai,TH,en,mobile
https://www.fourseasons.com/chiangmai/accommodations/,chiang mai accommodation,luxury villas chaing mai,TH,en,mobile
https://www.fourseasons.com/chiangmai/dining/,chiang mai dining,chiang mai restaurants,TH,en,mobile
https://www.fourseasons.com/chiangmai/experiences/,chiang mai activities,chiang mai experiences,TH,en,mobile
https://www.fourseasons.com/chiangmai/offers/,chiang mai vacation packages,chiang mai holiday packages,TH,en,mobile
https://www.fourseasons.com/chiangmai/photos-and-videos/,chiang mai photos,four seasons resort chiang mai photos,TH,en,mobile
https://www.fourseasons.com/chiangmai/seasonal/chinese-new-year/,chinese new year in chiang mai,,TH,en,mobile
https://www.fourseasons.com/chiangmai/services-and-amenities/fitness/,Chiang mai gym,,TH,en,mobile
https://www.fourseasons.com/chiangmai/spa/,chiang mai spa,day spa chiang mai,TH,en,mobile
https://www.fourseasons.com/chiangmai/spa/massages/,chiang mai massage,,TH,en,mobile
https://www.fourseasons.com/chiangmai/villa-residence-rentals/,chiang mai luxury villa rental,luxury villas thailand,TH,en,mobile
https://www.fourseasons.com/chiangmai/weddings/,chiang mai wedding,thailand destination wedding,TH,en,mobile
https://www.fourseasons.com/chicago/,"luxury hotels chicago
luxury hotel chicago","four seasons chicago
four seasons hotel chicago
upscale chicago hotels
gold coast hotels chicago
chicago hotels michigan avenue",US,en,mobile
https://www.fourseasons.com/chicago/accommodations/,chicago hotel rooms,"chicago luxury suites
chicaho hotel suites",US,en,mobile
https://www.fourseasons.com/chicago/dining/,"hotel restaurants chicago
fine dining chicago",fine dining downtown chicago,US,en,mobile
https://www.fourseasons.com/chicago/experiences/,"luxury chicago experiences
luxury experiences in chicago",,US,en,mobile
https://www.fourseasons.com/chicago/offers/,"chicago hotel offers
chicago vacation packages",,US,en,mobile
https://www.fourseasons.com/chicago/photos-and-videos/,chicago luxury hotel photos & videos,,US,en,mobile
https://www.fourseasons.com/chicago/seasonal/christmas/,christmas in chicago,,US,en,mobile
https://www.fourseasons.com/chicago/seasonal/thanksgiving/,thanksgiving in chicago,,US,en,mobile
https://www.fourseasons.com/chicago/services-and-amenities/family/,"chicago family-friendly hotels
family-friendly hotel chicago",,US,en,mobile
https://www.fourseasons.com/chicago/spa/,"chicago spa
spa chicago","spa in chicago downtown
spa downtown chicago
luxury spa chicago",US,en,mobile
https://www.fourseasons.com/chicago/weddings/,chicago wedding,chicago weddings,US,en,mobile
https://www.fourseasons.com/costarica/,peninsula papagayo resort | costa rica resort,luxury costa rica resort,CR,en,mobile
https://www.fourseasons.com/costarica/accommodations/,costa rica accommodations | costa rica suites​,costa rica hotel rooms,CR,en,mobile
https://www.fourseasons.com/costarica/dining/,restaurants papagayo costa rica | costa rica dining,costa rica resort dining​,CR,en,mobile
https://www.fourseasons.com/costarica/experiences/,costa rica activities | costa rica experiences,costa rica experiences,CR,en,mobile
https://www.fourseasons.com/costarica/golf/,costa rica golf courses​ | costa rica golf​,,CR,en,mobile
https://www.fourseasons.com/costarica/offers/,costa rica packages | costa rica vacation,,CR,en,mobile
https://www.fourseasons.com/costarica/photos-and-videos/,costa rica photos | costa rica videos,,CR,en,mobile
https://www.fourseasons.com/costarica/spa/,costa rica spa resort | costa rica spa,,CR,en,mobile
https://www.fourseasons.com/costarica/villa-residence-rentals/,costa rica villas | luxury vacation rentals costa rica​,costa rica luxury villa | costa rica private villa,CR,en,mobile
https://www.fourseasons.com/costarica/weddings/,weddings in costa rica | peninsula papagayo wedding,costa rica wedding,CR,en,mobile
https://www.fourseasons.com/denver/,luxury hotels in denver​​ | downtown denver hotels​,hotels near ball arena denver​,US,en,mobile
https://www.fourseasons.com/denver/accommodations/,downtown denver accommodation​ | hotel rooms downtown denver​,,US,en,mobile
https://www.fourseasons.com/denver/dining/,dining downtown denver co​ | fine dining denver​,,US,en,mobile
https://www.fourseasons.com/denver/offers/,denver hotel offers,,US,en,mobile
https://www.fourseasons.com/denver/photos-and-videos/,denver photos,,US,en,mobile
https://www.fourseasons.com/denver/spa/,luxury spa denver co​ | spa downtown denver​,massage downtown denver​,US,en,mobile
https://www.fourseasons.com/denver/weddings/,denver weddings,,US,en,mobile
https://www.fourseasons.com/doha/,doha luxury hotel,,QA,en,mobile
https://www.fourseasons.com/doha/accommodations/,Doha suites,,QA,en,mobile
https://www.fourseasons.com/doha/dining/,fine dining doha,,QA,en,mobile
https://www.fourseasons.com/doha/experiences/,doha experiences,,QA,en,mobile
https://www.fourseasons.com/doha/offers/,doha hotel offers,,QA,en,mobile
https://www.fourseasons.com/doha/photos-and-videos/,doha photos,,QA,en,mobile
https://www.fourseasons.com/doha/spa/,spa hotel doha,,QA,en,mobile
https://www.fourseasons.com/doha/weddings/,doha weddings,,QA,en,mobile
https://www.fourseasons.com/thepearlqatar/,qatar beach resort,doha beach resorts,QA,en,mobile
https://www.fourseasons.com/thepearlqatar/accommodations/,resort apartments doha,the pearl luxury apartments,QA,en,mobile
https://www.fourseasons.com/thepearlqatar/dining/,fine dining doha,the pearl restaurants,QA,en,mobile
https://www.fourseasons.com/thepearlqatar/experiences/,doha excursions,doha experiences,QA,en,mobile
https://www.fourseasons.com/thepearlqatar/offers/,qatar vacation packages,"staycation doha, doha vacation packages",QA,en,mobile
https://www.fourseasons.com/thepearlqatar/photos-and-videos/,the pearl qatar photos,,QA,en,mobile
https://www.fourseasons.com/thepearlqatar/seasonal/new-year/,new year in doha,,QA,en,mobile
https://www.fourseasons.com/thepearlqatar/seasonal/ramadan/,ramadan in qatar,,QA,en,mobile
https://www.fourseasons.com/thepearlqatar/spa/,spa doha,day spa doha,QA,en,mobile
https://www.fourseasons.com/thepearlqatar/spa/fitness/,gym in the pearl,,QA,en,mobile
https://www.fourseasons.com/thepearlqatar/villa-residence-rentals/,vacation rentals qatar,,QA,en,mobile
https://www.fourseasons.com/dubaidifc/,luxury hotel in dubai,,AE,en,mobile
https://www.fourseasons.com/dubaidifc/accommodations/,accommodations in DIFC,,AE,en,mobile
https://www.fourseasons.com/dubaidifc/dining/,fine dining dubai,,AE,en,mobile
https://www.fourseasons.com/dubaidifc/experiences/,dubai experiences,,AE,en,mobile
https://www.fourseasons.com/dubaidifc/offers/,dubai hotel offers,,AE,en,mobile
https://www.fourseasons.com/dubaidifc/photos-and-videos/,DIFC photos,,AE,en,mobile
https://www.fourseasons.com/dubaidifc/spa/,spa hotel in dubai,,AE,en,mobile
https://www.fourseasons.com/dubaijb/,Dubai Beach Resort,luxury hotel dubai,AE,en,mobile
https://www.fourseasons.com/dubaijb/accommodations/,Dubai luxury hotel rooms,,AE,en,mobile
https://www.fourseasons.com/dubaijb/dining/,luxury restaurants in dubai,,AE,en,mobile
https://www.fourseasons.com/dubaijb/experiences/,burj khalifa tour,,AE,en,mobile
https://www.fourseasons.com/dubaijb/offers/,dubai holiday offers,,AE,en,mobile
https://www.fourseasons.com/dubaijb/photos-and-videos/,jumeirah beach photos,,AE,en,mobile
https://www.fourseasons.com/dubaijb/spa/,spa in dubai,,AE,en,mobile
https://www.fourseasons.com/dubaijb/weddings/,dubai weddings,,AE,en,mobile
https://www.fourseasons.com/explorerpalau/,palau island resort | palau luxury resort​,micronesia resorts​ | palau liveaboard​ | palau explorer cruising resort​,PW,en,mobile
https://www.fourseasons.com/explorerpalau/accommodations/,on board living palau | luxury accommodation,,PW,en,mobile
https://www.fourseasons.com/explorerpalau/dining/,cruise fine dining | luxury yacht dining room​,,PW,en,mobile
https://www.fourseasons.com/explorerpalau/marine-marvels/,diving in palau,,PW,en,mobile
https://www.fourseasons.com/explorerpalau/offers/,palau vacation packages​ | palau tour package​,,PW,en,mobile
https://www.fourseasons.com/explorerpalau/photos-and-videos/,palau photos,,PW,en,mobile
https://www.fourseasons.com/explorerpalau/private-charters/,private charters palau | luxury yacht charter,,PW,en,mobile
https://www.fourseasons.com/explorerpalau/recreation-and-wellness/,wellness cruise​ | yoga cruise​,,PW,en,mobile
https://www.fourseasons.com/florence/,luxury hotels in florence,"hotels in florence italy city center,hotels in florence italy near duomo",IT,en,mobile
https://www.fourseasons.com/florence/accommodations/,florence luxury suites,suites in florence italy,IT,en,mobile
https://www.fourseasons.com/florence/dining/,fine dining florence,,IT,en,mobile
https://www.fourseasons.com/florence/dining/restaurants/brunch/,Brunch in Florence,,IT,en,mobile
https://www.fourseasons.com/florence/dining/restaurants/il_palagio/,Michelin-Starred Restaurant Florence,tasting menu florence,IT,en,mobile
https://www.fourseasons.com/florence/experiences/,Private tours in Florence,,IT,en,mobile
https://www.fourseasons.com/florence/offers/,florence hotel offers,,IT,en,mobile
https://www.fourseasons.com/florence/photos-and-videos/,florence hotel photos,,IT,en,mobile
https://www.fourseasons.com/florence/seasonal/christmas/,christmas in florence,"christmas dinner florence, christmas lunch florence, christmas eve dinner florence",IT,en,mobile
https://www.fourseasons.com/florence/seasonal/new-year/,new years eve in florence,"new years eve dinner florence, new years eve party florence",IT,en,mobile
https://www.fourseasons.com/florence/services-and-amenities/couples/,romantic hotel florence,romantic getaway in florence,IT,en,mobile
https://www.fourseasons.com/florence/services-and-amenities/family/,family friendly hotels florence|florence family hotels,"family hotel florence,kid friendly hotel",IT,en,mobile
https://www.fourseasons.com/florence/services-and-amenities/pool/,florence hotel pool,florence hotel with pool,IT,en,mobile
https://www.fourseasons.com/florence/spa/,florence spa,,IT,en,mobile
https://www.fourseasons.com/florence/spa/couples-massage/,couples massage florence,,IT,en,mobile
https://www.fourseasons.com/florence/weddings/,florence weddings,tuscany wedding,IT,en,mobile
https://www.fourseasons.com/florence/weddings/honeymoon/,florence honeymoon,"tuscany honeymoon,florence honeymoon package,florence honeymoon hotel",IT,en,mobile
https://www.fourseasons.com/fortlauderdale/,fort lauderdale luxury hotel,,US,en,mobile
https://www.fourseasons.com/fortlauderdale/accommodations/,hotel suites fort lauderdale,,US,en,mobile
https://www.fourseasons.com/fortlauderdale/dining/,fine dining fort lauderdale,fort lauderdale beach restaurants,US,en,mobile
https://www.fourseasons.com/fortlauderdale/experiences/,fort lauderdale experiences,fort lauderdale activities,US,en,mobile
https://www.fourseasons.com/fortlauderdale/family/,fort lauderdale family activities,,US,en,mobile
https://www.fourseasons.com/fortlauderdale/hotel-near-cruise-port-everglades/,hotel near port everglades cruise port,,US,en,mobile
https://www.fourseasons.com/fortlauderdale/offers/,fort lauderdale hotel packages,,US,en,mobile
https://www.fourseasons.com/fortlauderdale/photos-and-videos/,four seasons fort lauderdale photos & videos,,US,en,mobile
https://www.fourseasons.com/fortlauderdale/seasonal/new-year/,fort lauderdale new year's eve,,US,en,mobile
https://www.fourseasons.com/fortlauderdale/seasonal/spring-break/,fort lauderdale spring break,,US,en,mobile
https://www.fourseasons.com/fortlauderdale/seasonal/valentines-day/,valentine's day in fort lauderdale,,US,en,mobile
https://www.fourseasons.com/fortlauderdale/spa/,fort lauderdale spa,,US,en,mobile
https://www.fourseasons.com/fortlauderdale/villa-residence-rentals/,luxury vacation rentals fort lauderdale,,US,en,mobile
https://www.fourseasons.com/fortlauderdale/weddings/,fort lauderdale wedding,,US,en,mobile
https://www.fourseasons.com/geneva/,5-star hotels in geneva | geneva luxury hotels,lake geneva luxury hotels,CH,en,mobile
https://www.fourseasons.com/geneva/accommodations/,luxury suites geneva | geneva hotel suites,lake geneva hotel suites,CH,en,mobile
https://www.fourseasons.com/geneva/dining/,geneva restaurants | fine dining geneva,lake geneva restaurants,CH,en,mobile
https://www.fourseasons.com/geneva/dining/restaurants/il_lago/,italian restaurant geneva | michelin-starred restaurant geneva,michelin star restaurants geneva,CH,en,mobile
https://www.fourseasons.com/geneva/dining/restaurants/izumi/,japanese restaurant geneva | rooftop bar geneva,,CH,en,mobile
https://www.fourseasons.com/geneva/experiences/,experiences in geneva | geneva experiences,,CH,en,mobile
https://www.fourseasons.com/geneva/offers/,geneva hotel offers | hotel offers geneva,,CH,en,mobile
https://www.fourseasons.com/geneva/photos-and-videos/,geneva hotel photos,,CH,en,mobile
https://www.fourseasons.com/geneva/seasonal/christmas/,christmas in geneva | christmas geneva,,CH,en,mobile
https://www.fourseasons.com/geneva/spa/,spa geneva,,CH,en,mobile
https://www.fourseasons.com/geneva/weddings/,wedding geneva,,CH,en,mobile
https://www.fourseasons.com/geneva/weddings/honeymoon/,geneva honeymoon,,CH,en,mobile
https://www.fourseasons.com/geneva/weddings/venues/,geneva wedding venues,,CH,en,mobile
https://www.fourseasons.com/goldentriangle/,​ glamping thailand​ | chiang rai resorts thailand​,"golden triangle glamping​ | elephant tented camp thailand​ | luxury camping thailand​ | luxury camping chiang mai​ |
golden triangle resort",TH,en,mobile
https://www.fourseasons.com/goldentriangle/accommodations/,chiang rai accommodation​ | luxury tents thailand​,,TH,en,mobile
https://www.fourseasons.com/goldentriangle/dining/,fine dining chiang rai​ | chiang rai restaurant​,fine dining restaurants golden triangle​,TH,en,mobile
https://www.fourseasons.com/goldentriangle/experiences/,,,TH,en,mobile
https://www.fourseasons.com/goldentriangle/offers/,,,TH,en,mobile
https://www.fourseasons.com/goldentriangle/photos-and-videos/,,,TH,en,mobile
https://www.fourseasons.com/goldentriangle/spa/,chiang rai resort spa​ | triangle spa​,chiang rai thai massage​ | golden triangle massage​,TH,en,mobile
https://www.fourseasons.com/goldentriangle/weddings/,,,TH,en,mobile
https://www.fourseasons.com/guangzhou/,"guangzhou luxury hotel
guangzhou hotel","hotels in guangzhou china
hotels in guangzhou

5-star hotel guangzhou china",CN,en,mobile
https://www.fourseasons.com/guangzhou/accommodations/,guangzhou hotel rooms,guangzhou hotel suites,CN,en,mobile
https://www.fourseasons.com/guangzhou/dining/,guangzhou restaurants,guangzhou fine dining,CN,en,mobile
https://www.fourseasons.com/guangzhou/experiences/,guangzhou experiences,things to do in guangzhou,CN,en,mobile
https://www.fourseasons.com/guangzhou/offers/,guangzhou hotel offers,,CN,en,mobile
https://www.fourseasons.com/guangzhou/spa/,guangzhou spa,guangzhou luxury spa,CN,en,mobile
https://www.fourseasons.com/guangzhou/weddings/,guangzhou wedding,,CN,en,mobile
https://www.fourseasons.com/hampshire/,5 star hotel hampshire,luxury hotels hampshire​,GB,en,mobile
https://www.fourseasons.com/hampshire/accommodations/,luxury accommodation hampshire​,hampshire accommodation,GB,en,mobile
https://www.fourseasons.com/hampshire/dining/,hampshire restaurants​,fine dining hampshire​,GB,en,mobile
https://www.fourseasons.com/hampshire/experiences/,experiences in hampshire,things to do in hampshire,GB,en,mobile
https://www.fourseasons.com/hampshire/offers/,hotel offers hampshire,,GB,en,mobile
https://www.fourseasons.com/hampshire/photos-and-videos/,,,GB,en,mobile
https://www.fourseasons.com/hampshire/spa/,spa hampshire,luxury hampshire spa,GB,en,mobile
https://www.fourseasons.com/hampshire/weddings/,hampshire weddings,,GB,en,mobile
https://www.fourseasons.com/hangzhoucentre/,"hangzhou luxury hotels
hangzhou luxury resorts","hangzhou hotel
hangzhou hotels
hangzhou china luxury resorts
luxury hotels in hangzhou china
5-star hotel hangzhou",CN,en,mobile
https://www.fourseasons.com/hangzhoucentre/accommodations/,"hangzhou luxury suites
hangzhou rooms",suites in hangzhou,CN,en,mobile
https://www.fourseasons.com/hangzhoucentre/dining/,hangzhou restaurants,hangzhou dining,CN,en,mobile
https://www.fourseasons.com/hangzhoucentre/offers/,"hangzhou​ vacation packages
luxury hotel offers in hangzhou",,CN,en,mobile
https://www.fourseasons.com/hangzhoucentre/photos-and-videos/,,,CN,en,mobile
https://www.fourseasons.com/hangzhoucentre/spa/,hangzhou spa,,CN,en,mobile
https://www.fourseasons.com/hangzhoucentre/weddings/,hangzhou wedding,,CN,en,mobile
https://www.fourseasons.com/hangzhou/,hangzhou luxury hotel,hangzhou hotel,CN,en,mobile
https://www.fourseasons.com/hangzhou/accommodations/,accommodation hangzhou,hotel near west lake,CN,en,mobile
https://www.fourseasons.com/hangzhou/dining/,hangzhou restaurants,dining hangzhou,CN,en,mobile
https://www.fourseasons.com/hangzhou/experiences/,hangzhou tours,things to do in hangzhou,CN,en,mobile
https://www.fourseasons.com/hangzhou/offers/,hangzhou vacation packages,,CN,en,mobile
https://www.fourseasons.com/hangzhou/photos-and-videos/,hangzhou photos,,CN,en,mobile
https://www.fourseasons.com/hangzhou/seasonal/chinese-new-year/,Hangzhou Chinese New Year,,CN,en,mobile
https://www.fourseasons.com/hangzhou/spa/,hangzhou spa,,CN,en,mobile
https://www.fourseasons.com/hangzhou/villa-residence-rentals/,west lake villa hangzhou,,CN,en,mobile
https://www.fourseasons.com/hangzhou/weddings/,hangzhou wedding,,CN,en,mobile
https://www.fourseasons.com/hongkong/,"five-star-hotel hong kong 
luxury hotel hong kong island","four seasons hong kong
5-star hotels in hong kong",HK,en,mobile
https://www.fourseasons.com/hongkong/accommodations/,hong kong suites,hotel suite hong kong,HK,en,mobile
https://www.fourseasons.com/hongkong/dining/,fine dining hong kong,"four seasons hong kong restaurants
lunch buffet hong kong
michelin star restaurants hong kong",HK,en,mobile
https://www.fourseasons.com/hongkong/dining/restaurants/caprice/,"caprice hong kong
michelin star restaurants hong kong","michelin hk
french restaurant hong kong
michelin restaurants hong kong  
private dining hong kong",HK,en,mobile
https://www.fourseasons.com/hongkong/dining/restaurants/sushi-saito/,"sushi saito hong kong
japanese restaurant hong kong",omakase hong kong,HK,en,mobile
https://www.fourseasons.com/hongkong/offers/,hong kong hotel offers,,HK,en,mobile
https://www.fourseasons.com/hongkong/photos-and-videos/,hong kong photos,,HK,en,mobile
https://www.fourseasons.com/hongkong/seasonal/chinese-new-year/,chinese new year in hong kong,,HK,en,mobile
https://www.fourseasons.com/hongkong/seasonal/christmas/,christmas in hong kong,,HK,en,mobile
https://www.fourseasons.com/hongkong/seasonal/new-year/,new years eve in hong kong,,HK,en,mobile
https://www.fourseasons.com/hongkong/services-and-amenities/family/,family hotel hong kong,family hotel hong kong island,HK,en,mobile
https://www.fourseasons.com/hongkong/spa/,hong kong spa,four seasons spa hong kong,HK,en,mobile
https://www.fourseasons.com/hongkong/weddings/,hong kong weddings,,HK,en,mobile
https://www.fourseasons.com/houston/,downtown houston hotel | luxury hotel houston,,US,en,mobile
https://www.fourseasons.com/houston/accommodations/,suites houston | houston hotel rooms,,US,en,mobile
https://www.fourseasons.com/houston/accommodations/extended-stays/,extended stays houston | extended stays downtown houston,,US,en,mobile
https://www.fourseasons.com/houston/dining/,upscale restaurants houston | houston upscale bars,downtown houston restaurants | fine dining houston,US,en,mobile
https://www.fourseasons.com/houston/experiences/,houston experiences | things to do houston,,US,en,mobile
https://www.fourseasons.com/houston/offers/,houston hotel packages | houston hotel offers,,US,en,mobile
https://www.fourseasons.com/houston/photos-and-videos/,houston photos | houston videos,,US,en,mobile
https://www.fourseasons.com/houston/spa/,luxury spa houston | spa downtown houston,,US,en,mobile
https://www.fourseasons.com/houston/villa-residence-rentals/,luxury rentals houston | houston vacation rentals,,US,en,mobile
https://www.fourseasons.com/houston/weddings/,houston weddings | downtown houston weddings,,US,en,mobile
https://www.fourseasons.com/houston/weddings/venues/,wedding venues houston | hotel wedding venues houston,,US,en,mobile
https://www.fourseasons.com/hualalai/,hawaii resort,four seasons hualalai,US,en,mobile
https://www.fourseasons.com/hualalai/accommodations/,"hualalai resort
hawaii villa resort",Hualalai suites,US,en,mobile
https://www.fourseasons.com/hualalai/dining/,Kona Dining,,US,en,mobile
https://www.fourseasons.com/hualalai/experiences/,big island experiences,,US,en,mobile
https://www.fourseasons.com/hualalai/golf/,hualalai golf,,US,en,mobile
https://www.fourseasons.com/hualalai/offers/,hualalai resort packages,,US,en,mobile
https://www.fourseasons.com/hualalai/photos-and-videos/,hualalai photos and videos,,US,en,mobile
https://www.fourseasons.com/hualalai/services-and-amenities/couples/,couple resort hualalai,,US,en,mobile
https://www.fourseasons.com/hualalai/services-and-amenities/family/,family resort hawaii,family resort big island,US,en,mobile
https://www.fourseasons.com/hualalai/services-and-amenities/pools/,hualalai pools,,US,en,mobile
https://www.fourseasons.com/hualalai/spa/,hualalai spa,four seasons hualalai spa,US,en,mobile
https://www.fourseasons.com/hualalai/specialty-suites/,hualalai luxury villas,,US,en,mobile
https://www.fourseasons.com/hualalai/weddings/,hualalai weddings,,US,en,mobile
https://www.fourseasons.com/hualalai/weddings/honeymoon/,hualalai honeymooons,,US,en,mobile
https://www.fourseasons.com/hualalai/weddings/packages/,hualalai wedding packages,,US,en,mobile
https://www.fourseasons.com/hualalai/weddings/venues/,hualalai wedding venues,,US,en,mobile
https://www.fourseasons.com/istanbul/,hotel in sultanahmet,,TR,en,mobile
https://www.fourseasons.com/istanbul/accommodations/,Sultanahmet suites,,TR,en,mobile
https://www.fourseasons.com/istanbul/dining/,sultanahmet fine dining,,TR,en,mobile
https://www.fourseasons.com/istanbul/offers/,istanbul hotel offers,,TR,en,mobile
https://www.fourseasons.com/istanbul/photos-and-videos/,sultanahmet photos,,TR,en,mobile
https://www.fourseasons.com/istanbul/spa/,hammam in sultanahmet,,TR,en,mobile
https://www.fourseasons.com/istanbul/weddings/,Istanbul Weddings,,TR,en,mobile
https://www.fourseasons.com/bosphorus/,istanbul luxury hotel,,TR,en,mobile
https://www.fourseasons.com/bosphorus/accommodations/,bosphorus suites,,TR,en,mobile
https://www.fourseasons.com/bosphorus/dining/,Fine Dining Istanbul,,TR,en,mobile
https://www.fourseasons.com/bosphorus/offers/,Türkiye hotel packages,,TR,en,mobile
https://www.fourseasons.com/bosphorus/photos-and-videos/,bosphorus hotel photos,,TR,en,mobile
https://www.fourseasons.com/bosphorus/spa/,luxury spa istanbul,,TR,en,mobile
https://www.fourseasons.com/bosphorus/weddings/,istanbul weddings,,TR,en,mobile
https://www.fourseasons.com/jacksonhole/,jackson hole luxury resort,,US,en,mobile
https://www.fourseasons.com/jacksonhole/accommodations/,jackson hole accommodations,,US,en,mobile
https://www.fourseasons.com/jacksonhole/dining/,jackson hole restaurants,,US,en,mobile
https://www.fourseasons.com/jacksonhole/fall-itinerary/,jackson hole itinerary fall,,US,en,mobile
https://www.fourseasons.com/jacksonhole/offers/,jackson hole resort packages,,US,en,mobile
https://www.fourseasons.com/jacksonhole/photos-and-videos/,jackson hole photos,,US,en,mobile
https://www.fourseasons.com/jacksonhole/seasonal/christmas/,jackson hole christmas,,US,en,mobile
https://www.fourseasons.com/jacksonhole/seasonal/new-year/,jackson hole new years,,US,en,mobile
https://www.fourseasons.com/jacksonhole/seasonal/spring-activities/,jackson hole in spring,,US,en,mobile
https://www.fourseasons.com/jacksonhole/seasonal/thanksgiving/,jackson hole thanksgiving,,US,en,mobile
https://www.fourseasons.com/jacksonhole/services-and-amenities/year-round-activities/,jackson hole activities,,US,en,mobile
https://www.fourseasons.com/jacksonhole/spa/,jackson hole spa,,US,en,mobile
https://www.fourseasons.com/jacksonhole/villa-residence-rentals/,jackson hole luxury vacation rentals,,US,en,mobile
https://www.fourseasons.com/jacksonhole/weddings/,jackson hole weddings,,US,en,mobile
https://www.fourseasons.com/jacksonhole/winter-itinerary/,jackson hole winter itinerary,,US,en,mobile
https://www.fourseasons.com/jakarta/,luxury hotel in Jakarta | luxury hotel in Indonesia,family hotel Jakarta | city hotel Jakarta,ID,en,mobile
https://www.fourseasons.com/jakarta/accommodations/,hotel suites jakarta​ | jakarta accommodation​,luxury suite jakarta​ | family room hotel jakarta​,ID,en,mobile
https://www.fourseasons.com/jakarta/dining/,fine dining jakarta​ | luxury restaurant jakarta​,afternoon tea jakarta​,ID,en,mobile
https://www.fourseasons.com/jakarta/offers/,,,ID,en,mobile
https://www.fourseasons.com/jakarta/photos-and-videos/,,,ID,en,mobile
https://www.fourseasons.com/jakarta/spa/,luxury spa jakarta​ | spa massage jakarta​,,ID,en,mobile
https://www.fourseasons.com/jakarta/weddings/,Jakarta weddings | Indonesia wedding,wedding packages Jakarta | hotel wedding Jakarta,ID,en,mobile
https://www.fourseasons.com/johannesburg/,luxury hotel Johannesburg | five star hotel in Johannesburg,family hotels in Johannesburg | five star hotels in johannesburg city centre,ZA,en,mobile
https://www.fourseasons.com/johannesburg/accommodations/,rooms in johannesburg | suites in Johannesburg,hotel rooms johannesburg | luxury hotel rooms Johannesburg,ZA,en,mobile
https://www.fourseasons.com/johannesburg/dining/,fine dining Johannesburg | Johannesburg restuarants,hotel restaurant Johannesburg | romantic restaurant Johannesburg,ZA,en,mobile
https://www.fourseasons.com/johannesburg/offers/,,,ZA,en,mobile
https://www.fourseasons.com/johannesburg/photos-and-videos/,,,ZA,en,mobile
https://www.fourseasons.com/johannesburg/spa/,luxury spa Johannesburg | hotel spa Johannesburg,massages Johannesburg | wellness Johannesburg,ZA,en,mobile
https://www.fourseasons.com/johannesburg/weddings/,,,ZA,en,mobile
https://www.fourseasons.com/kohsamui/,koh samui resort,koh samui beach resort,TH,en,mobile
https://www.fourseasons.com/kohsamui/accommodations/,luxury villas koh samui,luxury villa thailand,TH,en,mobile
https://www.fourseasons.com/kohsamui/dining/,koh samui dining,fine dining koh samui,TH,en,mobile
https://www.fourseasons.com/kohsamui/experiences/,koh samui excursions,koh samui experiences,TH,en,mobile
https://www.fourseasons.com/kohsamui/offers/,koh samui vacation packages,koh samui resort packages,TH,en,mobile
https://www.fourseasons.com/kohsamui/photos-and-videos/,koh samui photos,,TH,en,mobile
https://www.fourseasons.com/kohsamui/seasonal/chinese-new-year/,chinese new year in koh samui,,TH,en,mobile
https://www.fourseasons.com/kohsamui/services-and-amenities/family/,family resort koh samui,,TH,en,mobile
https://www.fourseasons.com/kohsamui/spa/,spa koh samui,day spa koh samui,TH,en,mobile
https://www.fourseasons.com/kohsamui/villa-residence-rentals/,koh samui luxury villa rental,koh samui villa rentals,TH,en,mobile
https://www.fourseasons.com/kohsamui/weddings/,koh samui wedding,"thailand destination wedding, thailand wedding",TH,en,mobile
https://www.fourseasons.com/kohsamui/weddings/honeymoon/,koh samui honeymoon,thailand honeymoon,TH,en,mobile
https://www.fourseasons.com/kualalumpur/,luxury hotel in kuala lumpur,,MY,en,mobile
https://www.fourseasons.com/kualalumpur/accommodations/,suite hotel kuala lumpur,,MY,en,mobile
https://www.fourseasons.com/kualalumpur/dining/,fine dining kuala lumpur,,MY,en,mobile
https://www.fourseasons.com/kualalumpur/experiences/,things to do in kuala lumpur​,experiences in kuala lumpur,MY,en,mobile
https://www.fourseasons.com/kualalumpur/offers/,kuala lumpur hotel offers | hotel package kuala lumpur​,,MY,en,mobile
https://www.fourseasons.com/kualalumpur/photos-and-videos/,kuala lumpur photos and videos,,MY,en,mobile
https://www.fourseasons.com/kualalumpur/spa/,luxury spa kuala lumpur,spa hotel kuala lumpur​,MY,en,mobile
https://www.fourseasons.com/kualalumpur/villa-residence-rentals/,luxury apartment in kl | apartment rentals in kuala lumpur,apartment for rent in kuala lumpur,MY,en,mobile
https://www.fourseasons.com/kualalumpur/weddings/,kuala lumpur weddings,wedding venues in kuala lumpur | KL weddings,MY,en,mobile
https://www.fourseasons.com/kuwait/,luxury hotel kuwait,four seasons kuwait,KW,en,mobile
https://www.fourseasons.com/kuwait/accommodations/,luxury hotel rooms kuwait,,KW,en,mobile
https://www.fourseasons.com/kuwait/dining/,fine dining kuwait,restaurants kuwait,KW,en,mobile
https://www.fourseasons.com/kuwait/experiences/,things to do in kuwait,,KW,en,mobile
https://www.fourseasons.com/kuwait/offers/,kuwait hotel offers,"luxury hotel offers kuwait, lucury hotel packages kuwait",KW,en,mobile
https://www.fourseasons.com/kuwait/photos-and-videos/,kuwait hotel photos & videos,Four seasons kuwait photos,KW,en,mobile
https://www.fourseasons.com/kuwait/services-and-amenities/pools/,kuwait hotel pools,,KW,en,mobile
https://www.fourseasons.com/kuwait/spa/,spa in kuwait city,hotel spa kuwait,KW,en,mobile
https://www.fourseasons.com/kuwait/weddings/,kuwait weddings,,KW,en,mobile
https://www.fourseasons.com/kuwait/weddings/honeymoon/,kuwait honeymoons,,KW,en,mobile
https://www.fourseasons.com/kuwait/weddings/packages/,kuwait wedding packages,,KW,en,mobile
https://www.fourseasons.com/kuwait/weddings/venues/,kuwait wedding venues,,KW,en,mobile
https://www.fourseasons.com/kuwait/seasonal/valentines-day/,,,KW,en,mobile
https://www.fourseasons.com/kuwait/seasonal/ramadan/,,,KW,en,mobile
https://www.fourseasons.com/kuwait/seasonal/festive/,,,KW,en,mobile
https://www.fourseasons.com/kuwait/seasonal/new-year/,,,KW,en,mobile
https://www.fourseasons.com/kyoto/,kyoto luxury hotel | kyoto hotel higashiyama,,JP,en,mobile
https://www.fourseasons.com/kyoto/accommodations/,kyoto suites | kyoto accommodation,kyoto hotel suites | kyoto hotel room,JP,en,mobile
https://www.fourseasons.com/kyoto/dining/,kyoto fine dining | kyoto restaurants,,JP,en,mobile
https://www.fourseasons.com/kyoto/experiences/,kyoto experiences | kyoto cultural experiences,,JP,en,mobile
https://www.fourseasons.com/kyoto/offers/,kyoto hotel packages | kyoto hotel offers,kyoto hotel deals,JP,en,mobile
https://www.fourseasons.com/kyoto/photos-and-videos/,kyoto photos | kyoto hotel videos,,JP,en,mobile
https://www.fourseasons.com/kyoto/sakura-season/,cherry blossom season kyoto | cherry blossom kyoto,,JP,en,mobile
https://www.fourseasons.com/kyoto/seasonal/chinese-new-year/,chinese new year kyoto,,JP,en,mobile
https://www.fourseasons.com/kyoto/seasonal/summer/,summer kyoto,,JP,en,mobile
https://www.fourseasons.com/kyoto/services-and-amenities/family-and-kids/,family hotel kyoto | family friendly hotel kyoto,kyoto family accommodation,JP,en,mobile
https://www.fourseasons.com/kyoto/services-and-amenities/pool/,swimming pool kyoto | pool kyoto,,JP,en,mobile
https://www.fourseasons.com/kyoto/spa/,kyoto spa | kyoto hotel spa,massages in kyoto,JP,en,mobile
https://www.fourseasons.com/kyoto/villa-residence-rentals/,kyoto vacation rentals | kyoto luxury residences,,JP,en,mobile
https://www.fourseasons.com/kyoto/weddings/,kyoto weddings | destination wedding japan,kyoto honeymoon,JP,en,mobile
https://www.fourseasons.com/lanai/,Lanai luxury hotels| Hawaii five star resorts,family friendly hotel in Hawaii,US,en,mobile
https://www.fourseasons.com/lanai/accommodations/,Lanai accommodation | luxury suites Lanai,guest rooms Lanai | luxury guest rooms Lanai,US,en,mobile
https://www.fourseasons.com/lanai/dining/,fine dining Lanai | restaurant in Lanai,hotel restaurant Lanai | romantic restaurant Lanai,US,en,mobile
https://www.fourseasons.com/lanai/experiences/,lanai experiences,,US,en,mobile
https://www.fourseasons.com/lanai/offers/,lanai resort offers,,US,en,mobile
https://www.fourseasons.com/lanai/photos-and-videos/,lanai resort photos,,US,en,mobile
https://www.fourseasons.com/lanai/spa/,luxury spa Lanai | hotel spa Lanai,Lanai massage | Lanai wellness retreat,US,en,mobile
https://www.fourseasons.com/lanai/weddings/,lanai wedding,,US,en,mobile
https://www.fourseasons.com/langkawi/,langkawi resorts | langkawi beach resort​,langkawi luxury resorts,MY,en,mobile
https://www.fourseasons.com/langkawi/accommodations/,langkawi accommodation,,MY,en,mobile
https://www.fourseasons.com/langkawi/dining/,Langkawi restaurants | langkawi bars,fine dining langkawi,MY,en,mobile
https://www.fourseasons.com/langkawi/offers/,Langkawi Vacation Packages | Langkawi Offers,,MY,en,mobile
https://www.fourseasons.com/langkawi/photos-and-videos/,Langkawi photos | Langkawi videos,,MY,en,mobile
https://www.fourseasons.com/langkawi/spa/,langkawi spa,langkawi spa resort,MY,en,mobile
https://www.fourseasons.com/langkawi/weddings/,beach wedding malaysia | langkawi wedding,,MY,en,mobile
https://www.fourseasons.com/lasvegas/,luxury hotel las vegas,hotel las vegas strip,US,en,mobile
https://www.fourseasons.com/lasvegas/accommodations/,las vegas hotel suites,,US,en,mobile
https://www.fourseasons.com/lasvegas/dining/,las vegas dining,las vegas restaurants,US,en,mobile
https://www.fourseasons.com/lasvegas/offers/,las vegas hotel offers,,US,en,mobile
https://www.fourseasons.com/lasvegas/photos-and-videos/,las vegas photos and videos,las vegas hotel photos,US,en,mobile
https://www.fourseasons.com/lasvegas/services-and-amenities/couples/,las vegas couples hotel,las vegas for couples,US,en,mobile
https://www.fourseasons.com/lasvegas/services-and-amenities/family/,family hotel las vegas,,US,en,mobile
https://www.fourseasons.com/lasvegas/services-and-amenities/pet-friendly-stays/,pet friendly hotel las vegas,,US,en,mobile
https://www.fourseasons.com/lasvegas/spa/,las vegas spa,,US,en,mobile
https://www.fourseasons.com/lasvegas/weddings/,las vegas weddings,las vegas hotel weddings,US,en,mobile
https://www.fourseasons.com/lasvegas/weddings/honeymoon/,las vegas honeymoon,,US,en,mobile
https://www.fourseasons.com/lasvegas/weddings/venues/,las vegas wedding venues,,US,en,mobile
https://www.fourseasons.com/lasvegas/seasonal/thanksgiving/,,,US,en,mobile
https://www.fourseasons.com/lasvegas/seasonal/christmas/,,,US,en,mobile
https://www.fourseasons.com/lisbon/,luxury hotel lisbon,,PT,en,mobile
https://www.fourseasons.com/lisbon/accommodations/,luxury suites lisbon,,PT,en,mobile
https://www.fourseasons.com/lisbon/dining/,lisbon restaurants,,PT,en,mobile
https://www.fourseasons.com/lisbon/dining/restaurants/brunch/,lisbon brunch,,PT,en,mobile
https://www.fourseasons.com/lisbon/experiences/,things to do lisbon,,PT,en,mobile
https://www.fourseasons.com/lisbon/offers/,lisbon hotel packages,,PT,en,mobile
https://www.fourseasons.com/lisbon/photos-and-videos/,lisbon photos,,PT,en,mobile
https://www.fourseasons.com/lisbon/seasonal/christmas/,christmas in lisbon,,PT,en,mobile
https://www.fourseasons.com/lisbon/seasonal/new-year/,lisbon new year,,PT,en,mobile
https://www.fourseasons.com/lisbon/seasonal/spring-break/,lisbon spring break,,PT,en,mobile
https://www.fourseasons.com/lisbon/services-and-amenities/couples/,romantic hotels lisbon,,PT,en,mobile
https://www.fourseasons.com/lisbon/services-and-amenities/family/,family friendly hotels lisbon,,PT,en,mobile
https://www.fourseasons.com/lisbon/services-and-amenities/pools/,lisbon hotel with pool,,PT,en,mobile
https://www.fourseasons.com/lisbon/spa/,spa lisbon,,PT,en,mobile
https://www.fourseasons.com/lisbon/three-day-itinerary/,lisbon itinerary,,PT,en,mobile
https://www.fourseasons.com/lisbon/weddings/,lisbon wedding,,PT,en,mobile
https://www.fourseasons.com/london/,luxury hotel mayfair,"mayfair hotel, mayfair hotel london, park lane hotel london",GB,en,mobile
https://www.fourseasons.com/london/accommodations/,luxury hotel suites london,hyde park lane suites,GB,en,mobile
https://www.fourseasons.com/london/dining/,Fine dining mayfair,"mayfair restaurants, restaurant experiences london",GB,en,mobile
https://www.fourseasons.com/london/experiences/,things to do in mayfair,mayfair experiences,GB,en,mobile
https://www.fourseasons.com/london/offers/,mayfair hotel offers,hotel offers london,GB,en,mobile
https://www.fourseasons.com/london/photos-and-videos/,London Hotel Photos,,GB,en,mobile
https://www.fourseasons.com/london/seasonal/christmas/,christmas hotel london,,GB,en,mobile
https://www.fourseasons.com/london/seasonal/new-year/,new year's eve hotel london,,GB,en,mobile
https://www.fourseasons.com/london/spa/,spa london,"luxury spa hotel london, luxury spa london
london spa",GB,en,mobile
https://www.fourseasons.com/london/suite-summer/,"suites in mayfair
hotel suites in mayfair",,GB,en,mobile
https://www.fourseasons.com/london/weddings/,luxury weddings london,mayfair weddings,GB,en,mobile
https://www.fourseasons.com/towerbridge/,luxury hotel tower bridge,tower hill hotel,GB,en,mobile
https://www.fourseasons.com/towerbridge/accommodations/,tower bridge suites,accommodation tower bridge,GB,en,mobile
https://www.fourseasons.com/towerbridge/dining/,"tower bridge dining
tower bridge restaurants","tower bridge bars, restaurants tower hill, tower hill bars",GB,en,mobile
https://www.fourseasons.com/towerbridge/experiences/,things to do near tower bridge,tower bridge activities,GB,en,mobile
https://www.fourseasons.com/towerbridge/offers/,tower bridge hotel offers,,GB,en,mobile
https://www.fourseasons.com/towerbridge/seasonal/new-year/,new years eve tower bridge,,GB,en,mobile
https://www.fourseasons.com/towerbridge/services-and-amenities/business-leisure/,bleisure hotel london,,GB,en,mobile
https://www.fourseasons.com/towerbridge/spa/,tower bridge spa,tower hill spa,GB,en,mobile
https://www.fourseasons.com/towerbridge/villa-residence-rentals/,luxury short term rentals london,,GB,en,mobile
https://www.fourseasons.com/towerbridge/weddings/,tower bridge weddings,tower Bridge Weddings,GB,en,mobile
https://www.fourseasons.com/losangeles/,luxury hotels los angeles | luxury hotels los angeles ca,luxury hotels in los angeles california,US,en,mobile
https://www.fourseasons.com/losangeles/accommodations/,hotel suites los angeles | hotel rooms los angeles,luxury hotel suites los angeles | luxury los angeles hotel rooms,US,en,mobile
https://www.fourseasons.com/losangeles/couples/,couples getaway los angeles,,US,en,mobile
https://www.fourseasons.com/losangeles/dining/,los angeles restaurants,hotel restaurants los angeles | los angeles dining,US,en,mobile
https://www.fourseasons.com/losangeles/family/,family hotels in los angeles,kid friendly hotels in los angeles | family friendly hotels los angeles,US,en,mobile
https://www.fourseasons.com/losangeles/hotel-near-sofi-stadium/,luxury hotels near sofi stadium los angeles,,US,en,mobile
https://www.fourseasons.com/losangeles/offers/,hotel offers los angeles | hotel packages los angeles,los angeles ca vacation packages | la hotel offers,US,en,mobile
https://www.fourseasons.com/losangeles/photos-and-videos/,hotel los angeles photos,,US,en,mobile
https://www.fourseasons.com/losangeles/seasonal/christmas/,los angeles christmas,,US,en,mobile
https://www.fourseasons.com/losangeles/seasonal/new-year/,new years eve los angeles,,US,en,mobile
https://www.fourseasons.com/losangeles/seasonal/spring/,spring break los angeles,,US,en,mobile
https://www.fourseasons.com/losangeles/seasonal/thanksgiving/,thanksgiving los angeles,,US,en,mobile
https://www.fourseasons.com/losangeles/services-and-amenities/pools/,los angeles hotel with outdoor pool,,US,en,mobile
https://www.fourseasons.com/losangeles/spa/,spa los angeles,,US,en,mobile
https://www.fourseasons.com/losangeles/weddings/,los angeles weddings,,US,en,mobile
https://www.fourseasons.com/loscabos/,los cabos luxury resorts | los cabos resorts,los cabos mexico luxury resorts,MX,en,mobile
https://www.fourseasons.com/loscabos/accommodations/,los cabos accommodation | luxury accommodations in los cabos​,hotel suites los cabos,MX,en,mobile
https://www.fourseasons.com/loscabos/dining/,Los Cabos Restaurant | restaurants in los cabos,fine dining los cabos,MX,en,mobile
https://www.fourseasons.com/loscabos/experiences/,los cabos activities | things to do in los cabos,,MX,en,mobile
https://www.fourseasons.com/loscabos/golf/,los cabos golf resort,,MX,en,mobile
https://www.fourseasons.com/loscabos/offers/,los cabos vacation packages | hotel offers in los cabos,,MX,en,mobile
https://www.fourseasons.com/loscabos/photos-and-videos/,los cabos photos | los cabos villas photos,,MX,en,mobile
https://www.fourseasons.com/loscabos/spa/,los cabos spa | los cabos spa resort,,MX,en,mobile
https://www.fourseasons.com/loscabos/villa-residence-rentals/,los cabos villa rentals | los cabos vacation rentals,los cabos luxury rentals,MX,en,mobile
https://www.fourseasons.com/loscabos/villa-residence-rentals/,los cabos vacation homes,Private Retreats,MX,en,mobile
https://www.fourseasons.com/loscabos/weddings/,los cabos wedding | wedding venues in los cabos,los cabos wedding resorts,MX,en,mobile
https://www.fourseasons.com/macau/,macau luxury hotel | 5-star hotels in macau,,MO,en,mobile
https://www.fourseasons.com/macau/accommodations/,macau accommodation,,MO,en,mobile
https://www.fourseasons.com/macau/dining/,macau restaurant,,MO,en,mobile
https://www.fourseasons.com/macau/offers/,macau hotel offers | macau hotel package,,MO,en,mobile
https://www.fourseasons.com/macau/photos-and-videos/,macau pictures | macau photos,,MO,en,mobile
https://www.fourseasons.com/macau/seasonal/festive/,christmas in macau | new year in macau,,MO,en,mobile
https://www.fourseasons.com/macau/spa/,macau spa,,MO,en,mobile
https://www.fourseasons.com/macau/weddings/,macau wedding,,MO,en,mobile
https://www.fourseasons.com/madrid/,5-star hotels madrid | luxury hotels madrid,luxury hotels in madrid city center,ES,en,mobile
https://www.fourseasons.com/madrid/accommodations/,luxury suites madrid | hotel suites madrid,,ES,en,mobile
https://www.fourseasons.com/madrid/accommodations/specialty-suites/presidential-suite/,presidential suite madrid,,ES,en,mobile
https://www.fourseasons.com/madrid/accommodations/specialty-suites/royal-suite/,royal suite madrid,,ES,en,mobile
https://www.fourseasons.com/madrid/dining/,fine dining madrid,madrid restaurants | dining madrid,ES,en,mobile
https://www.fourseasons.com/madrid/dining/restaurants/dani/,rooftop restaurant madrid,,ES,en,mobile
https://www.fourseasons.com/madrid/experiences/,madrid experiences,experiences in madrid,ES,en,mobile
https://www.fourseasons.com/madrid/offers/,madrid hotel offers,,ES,en,mobile
https://www.fourseasons.com/madrid/photos-and-videos/,four seasons hotel madrid photos,,ES,en,mobile
https://www.fourseasons.com/madrid/spa/,spa madrid,spa hotels madrid | luxury spa madrid,ES,en,mobile
https://www.fourseasons.com/madrid/spa/massages/,massage madrid| madrid massages,,ES,en,mobile
https://www.fourseasons.com/madrid/weddings/,madrid wedding,,ES,en,mobile
https://www.fourseasons.com/madrid/weddings/honeymoon/,madrid honeymoon,,ES,en,mobile
https://www.fourseasons.com/madrid/weddings/venues/,madrid wedding venues,,ES,en,mobile
https://www.fourseasons.com/maldiveskh/,maldives resort,Maldives at Kuda Huraa% Maldives at Kuda Huraa% Maldives by Four Seasons,MV,en,mobile
https://www.fourseasons.com/maldiveskh/accommodations/,maldives luxury villas,Accommodations,MV,en,mobile
https://www.fourseasons.com/maldiveskh/dining/,maldives fine dining,Dining% Dining,MV,en,mobile
https://www.fourseasons.com/maldiveskh/experiences/,things to do in maldives,,MV,en,mobile
https://www.fourseasons.com/maldiveskh/offers/,maldives resort offers,Offers,MV,en,mobile
https://www.fourseasons.com/maldiveskh/photos-and-videos/,maldives resort photos,Photos & Videos,MV,en,mobile
https://www.fourseasons.com/maldiveskh/services-and-amenities/maldives-surf-resort/,maldives surf resort,,MV,en,mobile
https://www.fourseasons.com/maldiveskh/spa/,maldives spa,Spa and Wellness,MV,en,mobile
https://www.fourseasons.com/maldiveskh/weddings/,maldives weddings,Go to the Four Seasons home page% Weddings in Maldives,MV,en,mobile
https://www.fourseasons.com/maldiveslg/,maldives resort,Maldives at Landaa Giraavaru% Maldives at Landaa Giraavaru% Maldives By Four Seasons,MV,en,mobile
https://www.fourseasons.com/maldiveslg/accommodations/,maldives accommodation​,Accommodations,MV,en,mobile
https://www.fourseasons.com/maldiveslg/dining/,maldives fine dining,,MV,en,mobile
https://www.fourseasons.com/maldiveslg/experiences/,things to do in maldives,,MV,en,mobile
https://www.fourseasons.com/maldiveslg/offers/,maldives resort offers,Maldives,MV,en,mobile
https://www.fourseasons.com/maldiveslg/photos-and-videos/,maldives resort photos,Photos & Videos,MV,en,mobile
https://www.fourseasons.com/maldiveslg/services-and-amenities/maldives-scuba-diving-resort/,maldives scuba diving resorts​,maldives scuba diving,MV,en,mobile
https://www.fourseasons.com/maldiveslg/spa/,wellness in maldives,AyurMa – Wellness Haven,MV,en,mobile
https://www.fourseasons.com/maldiveslg/weddings/,maldives wedding,Go to the Four Seasons home page% Weddings,MV,en,mobile
https://www.fourseasons.com/mallorca/,Luxury Mallorca Resort,,ES,en,mobile
https://www.fourseasons.com/mallorca/accommodations/,Mallorca resort suites,,ES,en,mobile
https://www.fourseasons.com/mallorca/dining/,fine dining mallorca,,ES,en,mobile
https://www.fourseasons.com/mallorca/offers/,Mallorca resort offers,Mallorca resort packages,ES,en,mobile
https://www.fourseasons.com/mallorca/photos-and-videos/,Mallorca Four Seasons Photos,Photos & Videos,ES,en,mobile
https://www.fourseasons.com/mallorca/services-and-amenities/couples/,luxury couples resort mallorca,mallorca couples resort,ES,en,mobile
https://www.fourseasons.com/mallorca/services-and-amenities/family/,luxury family resort mallorca,family resort mallorca,ES,en,mobile
https://www.fourseasons.com/mallorca/services-and-amenities/pools-and-beach/,mallorca swimming pools,resort swimming pools mallorca,ES,en,mobile
https://www.fourseasons.com/mallorca/spa/,Luxury Mallorca Spa,,ES,en,mobile
https://www.fourseasons.com/mallorca/weddings/,mallorca weddings,,ES,en,mobile
https://www.fourseasons.com/marrakech/,luxury hotel Marrakech | five star hotels in Marrakech,family friendly hotel in Marrakech | city hotel in Marrakech,MA,en,mobile
https://www.fourseasons.com/marrakech/accommodations/,luxury hotel room in Marrakech | luxury suites Marrakech,guest rooms Marrakech | luxury guest rooms Marrakech,MA,en,mobile
https://www.fourseasons.com/marrakech/dining/,fine dining Marrakech | Marrakech restaurants,Marrakech mediterrenean restaurant | restaurants in marrakech,MA,en,mobile
https://www.fourseasons.com/marrakech/offers/,,,MA,en,mobile
https://www.fourseasons.com/marrakech/photos-and-videos/,,,MA,en,mobile
https://www.fourseasons.com/marrakech/spa/,luxury spa Marrakech | spa in Marrakech,massage in Marrakech | hammam marrakech,MA,en,mobile
https://www.fourseasons.com/marrakech/weddings/,,,MA,en,mobile
https://www.fourseasons.com/maui/,maui resort | 5 star resorts maui,maui resort,US,en,mobile
https://www.fourseasons.com/maui/accommodations/,maui suites | maui accommodations,,US,en,mobile
https://www.fourseasons.com/maui/dining/,fine dining maui | oceanfront dining maui,fine dining wailea,US,en,mobile
https://www.fourseasons.com/maui/experiences/,maui experiences | maui activities,,US,en,mobile
https://www.fourseasons.com/maui/offers/,maui resort packages,,US,en,mobile
https://www.fourseasons.com/maui/photos-and-videos/,maui photos | maui videos,,US,en,mobile
https://www.fourseasons.com/maui/services-and-amenities/couples/,couples resort maui,,US,en,mobile
https://www.fourseasons.com/maui/services-and-amenities/tennis-and-pickleball/,maui pickleball | maui tennis,,US,en,mobile
https://www.fourseasons.com/maui/spa/,maui spa | wailea spa,,US,en,mobile
https://www.fourseasons.com/maui/weddings/,maui weddings,maui wedding,US,en,mobile
https://www.fourseasons.com/maui/weddings/venues/,maui wedding venues,,US,en,mobile
https://www.fourseasons.com/mauritius/,luxury resorts in mauritius,,MU,en,mobile
https://www.fourseasons.com/mauritius/accommodations/,luxury accommodation mauritius,beachfront villa mauritius,MU,en,mobile
https://www.fourseasons.com/mauritius/dining/,fine dining Mauritius | Mauritius fine dining,restaurant in Mauritius,MU,en,mobile
https://www.fourseasons.com/mauritius/experiences/,,,MU,en,mobile
https://www.fourseasons.com/mauritius/offers/,,,MU,en,mobile
https://www.fourseasons.com/mauritius/photos-and-videos/,,,MU,en,mobile
https://www.fourseasons.com/mauritius/spa/,luxury spa Mauritius | hotel spa Mauritius,massages Mauritius | facial mauritius,MU,en,mobile
https://www.fourseasons.com/mauritius/villa-residence-rentals/,mauritius villa rentals,,MU,en,mobile
https://www.fourseasons.com/mauritius/weddings/,,,MU,en,mobile
https://www.fourseasons.com/megeve/,resort megeve | resort french alps,ski resort french alps,FR,en,mobile
https://www.fourseasons.com/megeve/accommodations/,megeve accommodation | megeve suites,,FR,en,mobile
https://www.fourseasons.com/megeve/dining/,megeve restaurants,,FR,en,mobile
https://www.fourseasons.com/megeve/experiences/,things to do megeve | things to do french alps,,FR,en,mobile
https://www.fourseasons.com/megeve/offers/,megeve offers | french alps packages,,FR,en,mobile
https://www.fourseasons.com/megeve/photos-and-videos/,megeve photos | megeve videos,,FR,en,mobile
https://www.fourseasons.com/megeve/seasonal/festive/,christmas megeve | new years megeve,,FR,en,mobile
https://www.fourseasons.com/megeve/seasonal/summer/,summer activities megeve | summer activities french alps,,FR,en,mobile
https://www.fourseasons.com/megeve/spa/,spa Megeve,,FR,en,mobile
https://www.fourseasons.com/megeve/weddings/,weddings megeve,,FR,en,mobile
https://www.fourseasons.com/megeve/weddings/venues/,wedding venues megeve | french alps wedding venues,,FR,en,mobile
https://www.fourseasons.com/mexico/,luxury hotel mexico city | hotel mexico city,mexico city hotel,MX,en,mobile
https://www.fourseasons.com/mexico/accommodations/,mexico city hotel suites | hotel rooms mexico city,,MX,en,mobile
https://www.fourseasons.com/mexico/dining/,mexico city fine dining | mexico city restaurants,,MX,en,mobile
https://www.fourseasons.com/mexico/dining/restaurants/brunch/,brunch mexico city,,MX,en,mobile
https://www.fourseasons.com/mexico/experiences/,things to do mexico city | mexico city experiences,,MX,en,mobile
https://www.fourseasons.com/mexico/hot-air-balloon-experiences/,Teotihuacan Hot Air Balloon,"Teotihuacan Hot Air Balloon tour
mexico city hot air balloons",MX,en,mobile
https://www.fourseasons.com/mexico/landing-pages/property/mexico-city-food-tours/,mexico city food tours | street food tours mexico city,,MX,en,mobile
https://www.fourseasons.com/mexico/offers/,hotel offers mexico city | hotel packages mexico city,,MX,en,mobile
https://www.fourseasons.com/mexico/photos-and-videos/,mexico city photos | mexico city videos,,MX,en,mobile
https://www.fourseasons.com/mexico/seasonal/spring/,spring mexico city,,MX,en,mobile
https://www.fourseasons.com/mexico/spa/,mexico city spa | luxury spa mexico city,,MX,en,mobile
https://www.fourseasons.com/mexico/weddings/,mexico city weddings,,MX,en,mobile
https://www.fourseasons.com/mexico/weddings/venues/,wedding venues mexico city,,MX,en,mobile
https://www.fourseasons.com/miami/,Miami Luxury Hotels,Downtown Miami Hotels,US,en,mobile
https://www.fourseasons.com/miami/accommodations/,suites in miami,luxury hotel suites in miami,US,en,mobile
https://www.fourseasons.com/miami/dining/,fine dining miami,brickell miami restaurants,US,en,mobile
https://www.fourseasons.com/miami/dining/restaurants/brunch/,brunch in miami,,US,en,mobile
https://www.fourseasons.com/miami/experiences/,miami experiences,,US,en,mobile
https://www.fourseasons.com/miami/offers/,miami hotel packages,,US,en,mobile
https://www.fourseasons.com/miami/photos-and-videos/,four seasons hotel miami photos,,US,en,mobile
https://www.fourseasons.com/miami/seasonal/miami-boat-show/,hotel near the miami boat show,miami boat show,US,en,mobile
https://www.fourseasons.com/miami/seasonal/new-year/,miami new year's eve,,US,en,mobile
https://www.fourseasons.com/miami/seasonal/spring-break/,miami spring break,,US,en,mobile
https://www.fourseasons.com/miami/seasonal/valentines-day/,valentine's day in miami,miami hotels valentine's day,US,en,mobile
https://www.fourseasons.com/miami/spa/,miami spa,luxury spa in miami,US,en,mobile
https://www.fourseasons.com/miami/weddings/,miami wedding,,US,en,mobile
https://www.fourseasons.com/milan/,luxury hotels milan,hotels near duomo milan,IT,en,mobile
https://www.fourseasons.com/milan/accommodations/,milan hotel suites,,IT,en,mobile
https://www.fourseasons.com/milan/dining/,fine dining Milan,"hotel restaurants milan, luxury restaurants Milan",IT,en,mobile
https://www.fourseasons.com/milan/dining/restaurants/breakfast/,breakfast in milan,"breakfast in milan near duomo,breakfast in milan with a view",IT,en,mobile
https://www.fourseasons.com/milan/dining/restaurants/zelo/dinner-gift/,dinner gift milan|romantic dinner for two,,IT,en,mobile
https://www.fourseasons.com/milan/duomo/,Milan Hotel Near duomo,"luxury hotel near duomo milan,best hotels in milan near duomo",IT,en,mobile
https://www.fourseasons.com/milan/experiences/,milan private tours,,IT,en,mobile
https://www.fourseasons.com/milan/landing-pages/property/luxury-shopping-in-milan/,Luxury Shopping in Milan,Milan shopping district,IT,en,mobile
https://www.fourseasons.com/milan/offers/,milan hotel packages,,IT,en,mobile
https://www.fourseasons.com/milan/photos-and-videos/,milan hotel photos,,IT,en,mobile
https://www.fourseasons.com/milan/seasonal/easter/,easter in milan,easter lunch milan,IT,en,mobile
https://www.fourseasons.com/milan/spa/,milan spa,Luxury spa milan,IT,en,mobile
https://www.fourseasons.com/milan/weddings/,milan weddings,,IT,en,mobile
https://www.fourseasons.com/milan/weddings/honeymoon/,milan honeymoon,honeymoon hotel in milan,IT,en,mobile
https://www.fourseasons.com/milan/weddings/venues/,milan wedding venues,,IT,en,mobile
https://www.fourseasons.com/minneapolis/,minneapolis hotels downtown | luxury hotels minneapolis,luxury hotels minneapolis minnesota,US,en,mobile
https://www.fourseasons.com/minneapolis/accommodations/,hotel rooms downtown minneapolis |  hotel suites downtown minneapolis,minneapolis accommodations,US,en,mobile
https://www.fourseasons.com/minneapolis/dining/,downtown minneapolis restaurants | restaurants minneapolis,,US,en,mobile
https://www.fourseasons.com/minneapolis/offers/,hotel packages minneapolis,,US,en,mobile
https://www.fourseasons.com/minneapolis/photos-and-videos/,four seasons minneapolis photos,,US,en,mobile
https://www.fourseasons.com/minneapolis/services-and-amenities/pools/,Minneapolis Hotel With Pool,"minneapolis hotel with outdoor pool
minneapolis hotels with indoor pool",US,en,mobile
https://www.fourseasons.com/minneapolis/spa/,spa minneapolis | spa in minneapolis,,US,en,mobile
https://www.fourseasons.com/minneapolis/weddings/,minneapolis wedding | hotel wedding minneapolis,,US,en,mobile
https://www.fourseasons.com/montreal/,luxury hotels montreal | luxury hotel downtown montreal,hotels downtown montreal,CA,en,mobile
https://www.fourseasons.com/montreal/accommodations/,montreal hotel suites | hotel room montreal,,CA,en,mobile
https://www.fourseasons.com/montreal/dining/,fine dining montreal | restaurants downtown montreal,luxury restaurant montreal,CA,en,mobile
https://www.fourseasons.com/montreal/offers/,hotel offers montreal | montreal hotel packages,montreal canada vacation packages | montreal vacation package,CA,en,mobile
https://www.fourseasons.com/montreal/photos-and-videos/,montreal photos,,CA,en,mobile
https://www.fourseasons.com/montreal/spa/,spa montreal | luxury spa montreal,,CA,en,mobile
https://www.fourseasons.com/montreal/weddings/,montreal wedding venues | montreal weddings,montreal hotel wedding venues |  luxury wedding venues montreal,CA,en,mobile
https://www.fourseasons.com/mumbai/,luxury hotel in Mumbai | five star hotels in Mumbai,family hotel in Mumbai | city hotel in Mumbai,IN,en,mobile
https://www.fourseasons.com/mumbai/accommodations/,hotel suites Mumbai | Mumbai luxury suites,guest rooms Mumbai | luxury guest rooms Mumbai,IN,en,mobile
https://www.fourseasons.com/mumbai/dining/,fine dining restaurants in Mumbai | Mumbai restaurant,hotel restaurant Mumbai | luxury restaurants in Mumbai,IN,en,mobile
https://www.fourseasons.com/mumbai/offers/,,,IN,en,mobile
https://www.fourseasons.com/mumbai/photos-and-videos/,,,IN,en,mobile
https://www.fourseasons.com/mumbai/spa/,luxury spa Mumbai | hotel spa Mumbai,massage in Mumbai | ayurvedic spa mumbai,IN,en,mobile
https://www.fourseasons.com/mumbai/weddings/,,,IN,en,mobile
https://www.fourseasons.com/mykonos/,luxury hotels mykonos,,GR,en,mobile
https://www.fourseasons.com/mykonos/accommodations/,mykonos hotel rooms,,GR,en,mobile
https://www.fourseasons.com/mykonos/dining/,dining mykonos,,GR,en,mobile
https://www.fourseasons.com/mykonos/offers/,mykonos hotel offers,,GR,en,mobile
https://www.fourseasons.com/mykonos/photos-and-videos/,mykonos hotel photos,,GR,en,mobile
https://www.fourseasons.com/mykonos/spa/,luxury spa mykonos,,GR,en,mobile
https://www.fourseasons.com/mykonos/weddings/,mykonos wedding,,GR,en,mobile
https://www.fourseasons.com/napavalley/,napa valley resorts,"luxury resort napa valley,california wine country resorts,calistoga resorts",US,en,mobile
https://www.fourseasons.com/napavalley/accommodations/,napa valley suites,napa suites,US,en,mobile
https://www.fourseasons.com/napavalley/dining/,napa valley restaurants,"dinner with a view napa valley,fine dining napa valley, destiantion dining napa, napa valley hotel restaurants",US,en,mobile
https://www.fourseasons.com/napavalley/experiences/,napa valley experiences,,US,en,mobile
https://www.fourseasons.com/napavalley/landing-pages/property/wineries-with-a-view/,wineries with a view napa valley,beautiful wineries napa,US,en,mobile
https://www.fourseasons.com/napavalley/offers/,napa valley packages,"napa valley getaways, napa getaways deals, napa valley vacation packages wine tours, napa vally hotel and wine tour package,",US,en,mobile
https://www.fourseasons.com/napavalley/photos-and-videos/,napa valley hotel photos,,US,en,mobile
https://www.fourseasons.com/napavalley/seasonal/christmas/,christmas in napa valley,"christmas dinner napa valley, christmas lunch napa valley, christmas eve dinner napa valley,",US,en,mobile
https://www.fourseasons.com/napavalley/seasonal/harvest-season/,napa valley harvest season,napa valley harvest season,US,en,mobile
https://www.fourseasons.com/napavalley/seasonal/new-year/,new years eve napa valley,new years eve dinner napa valley,US,en,mobile
https://www.fourseasons.com/napavalley/seasonal/thanksgiving/,thanksgiving napa valley,thanksgiving dinner napa valley,US,en,mobile
https://www.fourseasons.com/napavalley/services-and-amenities/couples/,Romantic Getaways Napa Valley,Couples Resort napa valley,US,en,mobile
https://www.fourseasons.com/napavalley/services-and-amenities/family/,Family-Friendly Resort Napa Valley,kid friendly resort Napa Valley,US,en,mobile
https://www.fourseasons.com/napavalley/spa/,napa valley spa resort,Napa spa resort,US,en,mobile
https://www.fourseasons.com/napavalley/villa-residence-rentals/,napa valley vacation rentals,"napa valley luxury vacation rentals,napa valley vacation home rentals",US,en,mobile
https://www.fourseasons.com/napavalley/weddings/,napa valley weddings,napa wedding packages,US,en,mobile
https://www.fourseasons.com/naplesbeachclub/,luxury resort naples,,US,en,mobile
https://www.fourseasons.com/naplesbeachclub/accommodations/,beachfront accommodation naples,,US,en,mobile
https://www.fourseasons.com/naplesbeachclub/dining/,restaurant naples,,US,en,mobile
https://www.fourseasons.com/naplesbeachclub/experiences/,things to do naples,,US,en,mobile
https://www.fourseasons.com/naplesbeachclub/offers/,naples hotel offers,,US,en,mobile
https://www.fourseasons.com/naplesbeachclub/photos-and-videos/,naples resort photos,,US,en,mobile
https://www.fourseasons.com/naplesbeachclub/spa/,luxury spa naples,,US,en,mobile
https://www.fourseasons.com/naplesbeachclub/weddings/,naples wedding,,US,en,mobile
https://www.fourseasons.com/nashville/,nashville luxury hotels | luxury hotels downtown nashville,downtown nashville hotels,US,en,mobile
https://www.fourseasons.com/nashville/accommodations/,nashville hotel suites,hotel rooms downtown nashville,US,en,mobile
https://www.fourseasons.com/nashville/dining/,fine dining nashville,downtown nashville restaurants,US,en,mobile
https://www.fourseasons.com/nashville/dining/restaurants/riviere-rooftop/,rooftop restaurant nashville,,US,en,mobile
https://www.fourseasons.com/nashville/experiences/,experiences in nashville,,US,en,mobile
https://www.fourseasons.com/nashville/offers/,hotel offers nashville | nashville hotel packages,,US,en,mobile
https://www.fourseasons.com/nashville/photos-and-videos/,four seasons hotel nashville photos,,US,en,mobile
https://www.fourseasons.com/nashville/services-and-amenities/pools/,rooftop pool nashville,nashville hotels with rooftop pool | infinity pool nashville,US,en,mobile
https://www.fourseasons.com/nashville/spa/,nashville spa | nashville spa hotel,spa downtown nashville,US,en,mobile
https://www.fourseasons.com/nashville/weddings/,nashville wedding,,US,en,mobile
https://www.fourseasons.com/nashville/weddings/honeymoons/,nashville honeymoon,,US,en,mobile
https://www.fourseasons.com/nashville/weddings/venues/,nashville wedding venues,,US,en,mobile
https://www.fourseasons.com/naviva/,boutique resort mexico,,MX,en,mobile
https://www.fourseasons.com/naviva/accommodations/,luxury tented bungalows mexico,,MX,en,mobile
https://www.fourseasons.com/naviva/dining/,all inclusive dining punta mita,food included resorts | all meals included resorts,MX,en,mobile
https://www.fourseasons.com/naviva/experiences/,naviva experiences,bespoke experiences,MX,en,mobile
https://www.fourseasons.com/naviva/seasonal/,adults-only holiday | adults-only holidays mexico,,MX,en,mobile
https://www.fourseasons.com/naviva/spa/,mexico wellness retreat,adults only wellness resort,MX,en,mobile
https://www.fourseasons.com/nevis/,nevis island resorts,,KN,en,mobile
https://www.fourseasons.com/nevis/accommodations/,nevis accommodations,,KN,en,mobile
https://www.fourseasons.com/nevis/dining/,nevis restaurants,,KN,en,mobile
https://www.fourseasons.com/nevis/experiences/,nevis tours,,KN,en,mobile
https://www.fourseasons.com/nevis/offers/,nevis vacation packages,,KN,en,mobile
https://www.fourseasons.com/nevis/photos-and-videos/,nevis photos,,KN,en,mobile
https://www.fourseasons.com/nevis/saint-kitts-and-nevis-itinerary/,saint kitts and nevis itinerary,,KN,en,mobile
https://www.fourseasons.com/nevis/seasonal/christmas/,nevis christmas,,KN,en,mobile
https://www.fourseasons.com/nevis/services-and-amenities/nevis-beaches/,nevis beaches,,KN,en,mobile
https://www.fourseasons.com/nevis/spa/,nevis spa,,KN,en,mobile
https://www.fourseasons.com/nevis/villa-residence-rentals/,nevis villa rentals,,KN,en,mobile
https://www.fourseasons.com/nevis/weddings/,nevis weddings,,KN,en,mobile
https://www.fourseasons.com/neworleans/,luxury hotels new orleans,,US,en,mobile
https://www.fourseasons.com/neworleans/accommodations/,new orleans accommodation,new orleans accommodation french quarter,US,en,mobile
https://www.fourseasons.com/neworleans/dining/,hotel restaurants new orleans,"hotel dining new orleans, fine dining restaurants in new orleans, fine dining restaurants french quarter",US,en,mobile
https://www.fourseasons.com/neworleans/dining/restaurants/cheminalamer/,new orleans Steakhouse,,US,en,mobile
https://www.fourseasons.com/neworleans/experiences/,New Orleans Experiences,,US,en,mobile
https://www.fourseasons.com/neworleans/landing-pages/property/staycation/,new orleans staycation,,US,en,mobile
https://www.fourseasons.com/neworleans/offers/,new orleans hotel packages,,US,en,mobile
https://www.fourseasons.com/neworleans/photos-and-videos/,new orleans hotel photos,,US,en,mobile
https://www.fourseasons.com/neworleans/seasonal/christmas/,christmas in new orleans,,US,en,mobile
https://www.fourseasons.com/neworleans/seasonal/mardi-gras/,mardi gras hotel new orleans,,US,en,mobile
https://www.fourseasons.com/neworleans/seasonal/new-year/,new years eve new orleans,,US,en,mobile
https://www.fourseasons.com/neworleans/seasonal/thanksgiving/,thanksgiving in new orleans,,US,en,mobile
https://www.fourseasons.com/neworleans/services-and-amenities/couples/,romantic hotels new orleans,"new orleans romantic getaway packages,new orleans resorts for couples,new orleans hotel for couples",US,en,mobile
https://www.fourseasons.com/neworleans/services-and-amenities/family/,family friendly hotels in new orleans,"new orleans hotels for families,kid-friendly hotels new orleans",US,en,mobile
https://www.fourseasons.com/neworleans/services-and-amenities/pet-friendly-stays/,Pet-Friendly Hotel New Orleans,dog friendly hotel new orleans,US,en,mobile
https://www.fourseasons.com/neworleans/services-and-amenities/pools/,rooftop pool new orleans,"new orleans hotel with pool,french quarter rooftop pool",US,en,mobile
https://www.fourseasons.com/neworleans/spa/,new orleans spa,,US,en,mobile
https://www.fourseasons.com/neworleans/spa/couples-massage/,couples massage new orleans,,US,en,mobile
https://www.fourseasons.com/neworleans/suites/,hotel suites new orleans,"luxury suites new orleans,hotel suites french quarter",US,en,mobile
https://www.fourseasons.com/neworleans/superdome-hotel/,Hotel Near Superdome,Superdome hotel packages,US,en,mobile
https://www.fourseasons.com/neworleans/tulane-university/,Hotel Near Tulane University,,US,en,mobile
https://www.fourseasons.com/neworleans/weddings/,hotel wedding venues new orleans,frecnh quarter wedding venues,US,en,mobile
https://www.fourseasons.com/neworleans/weddings/packages/,new orleans wedding packages,wedding packages french quarter,US,en,mobile
https://www.fourseasons.com/newyork/,midtown manhattan hotels​ | luxury hotels in midtown manhattan,hotels near central park,US,en,mobile
https://www.fourseasons.com/newyork/accommodations/,midtown manhattan hotel suites,,US,en,mobile
https://www.fourseasons.com/newyork/dining/,midtown fine dining restaurants | Fine Dining Midtown Manhattan,,US,en,mobile
https://www.fourseasons.com/newyork/offers/,manhtattan hotel offers | manhattan hotel packages,,US,en,mobile
https://www.fourseasons.com/newyork/photos-and-videos/,manhattan pictures new york,,US,en,mobile
https://www.fourseasons.com/newyork/spa/,Spa in Midtown Manhattan,,US,en,mobile
https://www.fourseasons.com/newyork/weddings/,manhattan wedding venues,,US,en,mobile
https://www.fourseasons.com/newyorkdowntown/,hotel downtown new york,,US,en,mobile
https://www.fourseasons.com/newyorkdowntown/accommodations/,new york hotel suites,,US,en,mobile
https://www.fourseasons.com/newyorkdowntown/dining/,fine dining downtown NYC,,US,en,mobile
https://www.fourseasons.com/newyorkdowntown/experiences/,new york downtown experiences,,US,en,mobile
https://www.fourseasons.com/newyorkdowntown/offers/,NYC hotel offers,,US,en,mobile
https://www.fourseasons.com/newyorkdowntown/photos-and-videos/,nyc luxury hotel photos,,US,en,mobile
https://www.fourseasons.com/newyorkdowntown/spa/,luxury spa,,US,en,mobile
https://www.fourseasons.com/newyorkdowntown/weddings/,new york hotel weddings,,US,en,mobile
https://www.fourseasons.com/oahu/,"oahu hotel 
oahu resort","oahu hotels on the beach, ko olina hotel, oahu family resorts, ko olina beach resort, oahu hawaii resorts,",US,en,mobile
https://www.fourseasons.com/oahu/accommodations/,"oahu hotel rooms
oahu suites",oahu resort suites,US,en,mobile
https://www.fourseasons.com/oahu/dining/,oahu fine dining,,US,en,mobile
https://www.fourseasons.com/oahu/experiences/,"oahu experiences
ko olina experiences",,US,en,mobile
https://www.fourseasons.com/oahu/offers/,"oahu hotel vacation packages
oahu vacation packages",oahu resort offers,US,en,mobile
https://www.fourseasons.com/oahu/photos-and-videos/,"Oahu photos and videos
oahu resort photos and videos",,US,en,mobile
https://www.fourseasons.com/oahu/seasonal/christmas/,christmas in oahu,,US,en,mobile
https://www.fourseasons.com/oahu/seasonal/new-year/,oahu new years eve,thanksgiving in oahu,US,en,mobile
https://www.fourseasons.com/oahu/seasonal/thanksgiving/,oahu thanksgiving,,US,en,mobile
https://www.fourseasons.com/oahu/services-and-amenities/family/,oahu family resort,,US,en,mobile
https://www.fourseasons.com/oahu/spa/,"oahu spa
ko olina spa","four seasons oahu spa
ko olina luxury spa",US,en,mobile
https://www.fourseasons.com/oahu/weddings/,"oahu weddings
ko olina wedding",,US,en,mobile
https://www.fourseasons.com/orlando/,orlando resort | walt disney world® resort,luxury orlando resort,US,en,mobile
https://www.fourseasons.com/orlando/accommodations/,hotel suites in orlando | orlando accommodation,hotel rooms in orlando | luxury suites orlando,US,en,mobile
https://www.fourseasons.com/orlando/dining/,fine dining orlando | luxury restaurants orlando,michelin star restaurants orlando,US,en,mobile
https://www.fourseasons.com/orlando/dining/restaurants/brunch/,brunch in orlando | orlando brunch,,US,en,mobile
https://www.fourseasons.com/orlando/experiences/,orlando experiences | things to do in orlando,,US,en,mobile
https://www.fourseasons.com/orlando/landing-pages/property/golf-and-sports-club/,orlando country club,,US,en,mobile
https://www.fourseasons.com/orlando/offers/,orlando resort packages,disney orlando packages,US,en,mobile
https://www.fourseasons.com/orlando/photos-and-videos/,orlando photos | orlando videos,,US,en,mobile
https://www.fourseasons.com/orlando/services-and-amenities/disney-experiences/,disney experiences,four seasons disney,US,en,mobile
https://www.fourseasons.com/orlando/services-and-amenities/wellness/,wellness orlando,,US,en,mobile
https://www.fourseasons.com/orlando/water-park/,orlando water park​ | orlando resorts with water park,,US,en,mobile
https://www.fourseasons.com/orlando/weddings/,orlando weddings,,US,en,mobile
https://www.fourseasons.com/osaka/,osaka luxury hotel | osaka hotel,osaka hotel city centre,JP,en,mobile
https://www.fourseasons.com/osaka/accommodations/,osaka hotel rooms | osaka suites,osaka accommodation,JP,en,mobile
https://www.fourseasons.com/osaka/dining/,osaka fine dining | osaka restaurants,,JP,en,mobile
https://www.fourseasons.com/osaka/dining/restaurants/afternoon-tea/,osaka afternoon tea,,JP,en,mobile
https://www.fourseasons.com/osaka/experiences/,osaka experiences | things to do osaka,,JP,en,mobile
https://www.fourseasons.com/osaka/offers/,osaka hotel offers | osaka hotel packages,,JP,en,mobile
https://www.fourseasons.com/osaka/seasonal/chinese-new-year/,chinese new year osaka,,JP,en,mobile
https://www.fourseasons.com/osaka/seasonal/festive/,christmas osaka | new year osaka,,JP,en,mobile
https://www.fourseasons.com/osaka/seasonal/sakura-season/,cherry blossom osaka | cherry blossom season osaka,,JP,en,mobile
https://www.fourseasons.com/osaka/services-and-amenities/couples/,romantic hotels in osaka,,JP,en,mobile
https://www.fourseasons.com/osaka/services-and-amenities/family/,osaka family hotel | family friendly hotel osaka,,JP,en,mobile
https://www.fourseasons.com/osaka/spa/,osaka spa,,JP,en,mobile
https://www.fourseasons.com/osaka/weddings/,osaka weddings,,JP,en,mobile
https://www.fourseasons.com/osaka/weddings/venues/,osaka wedding venues,,JP,en,mobile
https://www.fourseasons.com/palmbeach/,palm beach resort,"palm beach luxury hotels, palm beach hotels on the beach",US,en,mobile
https://www.fourseasons.com/palmbeach/accommodations/,hotel suites west palm beach,,US,en,mobile
https://www.fourseasons.com/palmbeach/dining/,dining in palm beach florida,palm beach restaurants,US,en,mobile
https://www.fourseasons.com/palmbeach/experiences/,palm beach experiences,,US,en,mobile
https://www.fourseasons.com/palmbeach/offers/,palm beach vacation packages,,US,en,mobile
https://www.fourseasons.com/palmbeach/photos-and-videos/,four seasons palm beach photos,,US,en,mobile
https://www.fourseasons.com/palmbeach/seasonal/new-year/,palm beach new year's eve,,US,en,mobile
https://www.fourseasons.com/palmbeach/seasonal/spring-break/,palm beach spring break,,US,en,mobile
https://www.fourseasons.com/palmbeach/seasonal/valentines-day/,valentine's day palm beach,,US,en,mobile
https://www.fourseasons.com/palmbeach/spa/,palm beach spa,palm beach day spa,US,en,mobile
https://www.fourseasons.com/palmbeach/weddings/,palm beach wedding,palm beach wedding packages,US,en,mobile
https://www.fourseasons.com/siliconvalley/,palo alto hotels | luxury hotels in palo alto,family hotel Silicon valley | 5 star hotels in palo alto,US,en,mobile
https://www.fourseasons.com/siliconvalley/accommodations/,hotel suites Silicon valley | luxury suites Siliconvalley,accommodation in silicon valley | luxury guest rooms Silicon valley,US,en,mobile
https://www.fourseasons.com/siliconvalley/dining/,fine dining Silicon valley | Siliconvalley restaurants,italian restaurant silicon valley | romantic restaurant Silicon valley,US,en,mobile
https://www.fourseasons.com/siliconvalley/offers/,,,US,en,mobile
https://www.fourseasons.com/siliconvalley/photos-and-videos/,,,US,en,mobile
https://www.fourseasons.com/siliconvalley/spa/,luxury spa Silicon valley | palo alto spa,massages Silicon valley | massage palo alto,US,en,mobile
https://www.fourseasons.com/siliconvalley/weddings/,,,US,en,mobile
https://www.fourseasons.com/paris/,luxury hotel paris,,FR,en,mobile
https://www.fourseasons.com/paris/accommodations/,paris hotel suites,,FR,en,mobile
https://www.fourseasons.com/paris/dining/,fine dining paris,,FR,en,mobile
https://www.fourseasons.com/paris/experiences/,Paris experiences,,FR,en,mobile
https://www.fourseasons.com/paris/offers/,paris hotel offers,,FR,en,mobile
https://www.fourseasons.com/paris/photos-and-videos/,paris hotel photos,,FR,en,mobile
https://www.fourseasons.com/paris/spa/,hotel and spa paris | spa hotel paris,,FR,en,mobile
https://www.fourseasons.com/paris/weddings/,paris wedding,,FR,en,mobile
https://www.fourseasons.com/philadelphia/,hotel in Philadelphia,hotels in center city Philadelphia,US,en,mobile
https://www.fourseasons.com/philadelphia/accommodations/,hotel suites philadelphia,,US,en,mobile
https://www.fourseasons.com/philadelphia/dining/,fine dining philadelphia,,US,en,mobile
https://www.fourseasons.com/philadelphia/experiences/,,,US,en,mobile
https://www.fourseasons.com/philadelphia/offers/,,,US,en,mobile
https://www.fourseasons.com/philadelphia/photos-and-videos/,,,US,en,mobile
https://www.fourseasons.com/philadelphia/spa/,spa in philadelphia| luxury spa philadelphia,massage philadelphia,US,en,mobile
https://www.fourseasons.com/philadelphia/weddings/,philadelphia wedding,,US,en,mobile
https://www.fourseasons.com/prague/,5-star hotel in prague,"hotel prague old town,hotels near charles bridge prague",CZ,en,mobile
https://www.fourseasons.com/prague/accommodations/,luxury suites prague,"accommodation prague old town,prague accommodation,",CZ,en,mobile
https://www.fourseasons.com/prague/dining/,fine dining Prague,Prague restaurants with a view,CZ,en,mobile
https://www.fourseasons.com/prague/dining/restaurants/brunch/,Brunch in Prague,Prague old town brunch,CZ,en,mobile
https://www.fourseasons.com/prague/experiences/,unique experiences prague,,CZ,en,mobile
https://www.fourseasons.com/prague/offers/,prague hotel packages,"prague hotel special offer,prague vacation packages",CZ,en,mobile
https://www.fourseasons.com/prague/photos-and-videos/,prague hotel photos,,CZ,en,mobile
https://www.fourseasons.com/prague/seasonal/christmas/,Christmas in Prague,"christmas dinner prague, things to do in prague at christmas,",CZ,en,mobile
https://www.fourseasons.com/prague/seasonal/christmasmarkets/,Prague Christmas Markets,,CZ,en,mobile
https://www.fourseasons.com/prague/seasonal/new-year/,new years prague,"new years eve prague, prague new years eve dinner, new years eve party prague, New years eve prague restaurants",CZ,en,mobile
https://www.fourseasons.com/prague/seasonal/valentines-day/,valentines day prague,,CZ,en,mobile
https://www.fourseasons.com/prague/services-and-amenities/couples-experiences/,Romantic Things to do in Prague,romantic hotels prague,CZ,en,mobile
https://www.fourseasons.com/prague/spa/,spa prague,,CZ,en,mobile
https://www.fourseasons.com/prague/weddings/,prague weddings,wedding hotel Prague,CZ,en,mobile
https://www.fourseasons.com/puertorico/,puerto rico luxury resort,,US,en,mobile
https://www.fourseasons.com/puertorico/dining/,fine dining puerto rico,dinner on the beach puerto rico,US,en,mobile
https://www.fourseasons.com/puertorico/golf/,golf resort puerto rico,puerto rico golf vacations,US,en,mobile
https://www.fourseasons.com/puertorico/offers/,puerto rico packages,,US,en,mobile
https://www.fourseasons.com/puertorico/photos-and-videos/,puerto rico photos,,US,en,mobile
https://www.fourseasons.com/puertorico/spa/,spa resort puerto rico,spa puerto rico,US,en,mobile
https://www.fourseasons.com/puertorico/villa-residence-rentals/,puerto rico vacation villas,puerto rico vacation rentals,US,en,mobile
https://www.fourseasons.com/puertorico/weddings/,puerto rico wedding,wedding in puerto rico,US,en,mobile
https://www.fourseasons.com/puntamita/,punta mita resorts | punta mita resorts 5-star,,MX,en,mobile
https://www.fourseasons.com/puntamita/accommodations/,punta mita luxury villas | punta mita suites,,MX,en,mobile
https://www.fourseasons.com/puntamita/couples/,romantic getaway in mexico,,MX,en,mobile
https://www.fourseasons.com/puntamita/dining/,punta mita restaurants,,MX,en,mobile
https://www.fourseasons.com/puntamita/experiences/,punta mita experiences,,MX,en,mobile
https://www.fourseasons.com/puntamita/golf/,punta mita golf,,MX,en,mobile
https://www.fourseasons.com/puntamita/offers/,punta mita packages,punta mita hotel special offers,MX,en,mobile
https://www.fourseasons.com/puntamita/photos-and-videos/,punta mita photos | punta mita videos,pictures of punta mita mexico,MX,en,mobile
https://www.fourseasons.com/puntamita/seasonal/,punta mita new years eve | punta mita holidays,,MX,en,mobile
https://www.fourseasons.com/puntamita/services-and-amenities/activities/,things to do in punta mita,,MX,en,mobile
https://www.fourseasons.com/puntamita/spa/,punta mita spa,,MX,en,mobile
https://www.fourseasons.com/puntamita/villa-residence-rentals/,punta mita vacation rentals | punta mita villa rentals,,MX,en,mobile
https://www.fourseasons.com/puntamita/weddings/,punta mita wedding | punta mita destination wedding,,MX,en,mobile
https://www.fourseasons.com/rabat/,luxury hotels in rabat morocco| rabat luxury hotels,,MA,en,mobile
https://www.fourseasons.com/rabat/accommodations/,accomodation in rabat morocco| rabat accomodation,,MA,en,mobile
https://www.fourseasons.com/rabat/dining/,rabat restaurants| restaurants in rabat,,MA,en,mobile
https://www.fourseasons.com/rabat/offers/,,,MA,en,mobile
https://www.fourseasons.com/rabat/photos-and-videos/,,,MA,en,mobile
https://www.fourseasons.com/rabat/spa/,spa hotel rabat,massage spa rabat,MA,en,mobile
https://www.fourseasons.com/rabat/weddings/,,,MA,en,mobile
https://www.fourseasons.com/redseashuraisland/,four seasons red sea,"four seasons saudi arabia, luxury resorts in saudi arabia",SA,en,mobile
https://www.fourseasons.com/redseashuraisland/accommodations/,luxury suites in red sea,,SA,en,mobile
https://www.fourseasons.com/redseashuraisland/dining/,red sea restaurants,,SA,en,mobile
https://www.fourseasons.com/redseashuraisland/offers/,hotel offers in amaala,,SA,en,mobile
https://www.fourseasons.com/redseashuraisland/spa/,spa resort in saudi arabia,,SA,en,mobile
https://www.fourseasons.com/riyadh/,luxury hotels in riyadh| luxury riyadh hotels,,SA,en,mobile
https://www.fourseasons.com/riyadh/accommodations/,hotel rooms in riyadh| accomodation in riyadh,,SA,en,mobile
https://www.fourseasons.com/riyadh/dining/,fine dining riyadh| luxury restaurants in riyadh,,SA,en,mobile
https://www.fourseasons.com/riyadh/offers/,,,SA,en,mobile
https://www.fourseasons.com/riyadh/photos-and-videos/,,,SA,en,mobile
https://www.fourseasons.com/riyadh/spa/,spa hotel riyadh| massage spa in riyadh,,SA,en,mobile
https://www.fourseasons.com/riyadh/weddings/,,,SA,en,mobile
https://www.fourseasons.com/sanfrancisco/,luxury hotel san francisco | downtown san francisco hotel,"hotels on market street san francisco
hotels near moscone center",US,en,mobile
https://www.fourseasons.com/sanfrancisco/accommodations/,hotel suites san francisco | hotel rooms san francisco,san francisco accommodation,US,en,mobile
https://www.fourseasons.com/sanfrancisco/dining/,san francisco fine dining | restaurants san francisco,fine dining near union square,US,en,mobile
https://www.fourseasons.com/sanfrancisco/dining/restaurants/brunch/,brunch san francisco | weekend brunch san francisco,,US,en,mobile
https://www.fourseasons.com/sanfrancisco/offers/,san francisco hotel offers | san francisco hotel packages,,US,en,mobile
https://www.fourseasons.com/sanfrancisco/photos-and-videos/,san francisco photos | san francisco videos,,US,en,mobile
https://www.fourseasons.com/sanfrancisco/seasonal/christmas/,christmas san francisco | christmas events san francisco,,US,en,mobile
https://www.fourseasons.com/sanfrancisco/seasonal/new-years/,new years san francisco | new years events san francisco,,US,en,mobile
https://www.fourseasons.com/sanfrancisco/seasonal/thanksgiving/,thanksgiving san francisco,,US,en,mobile
https://www.fourseasons.com/sanfrancisco/seasonal/valentines-day/,valentine's day san francisco,,US,en,mobile
https://www.fourseasons.com/sanfrancisco/services-and-amenities/pet-friendly-stays/,pet friendly hotel san francisco,dog friendly hotel san francisco,US,en,mobile
https://www.fourseasons.com/sanfrancisco/spa/,san francisco spa,hotel spa san francisco,US,en,mobile
https://www.fourseasons.com/sanfrancisco/weddings/,san francisco weddings | hotel san francisco weddings,,US,en,mobile
https://www.fourseasons.com/embarcadero/,san francisco luxury hotel,,US,en,mobile
https://www.fourseasons.com/embarcadero/accommodations/,san francisco luxury hotel rooms & suites,,US,en,mobile
https://www.fourseasons.com/embarcadero/dining/,fine dining san francisco,,US,en,mobile
https://www.fourseasons.com/embarcadero/experiences/,san francisco experiences,,US,en,mobile
https://www.fourseasons.com/embarcadero/offers/,san francisco luxury hotel offers,,US,en,mobile
https://www.fourseasons.com/santafe/,santa fe luxury resorts,,US,en,mobile
https://www.fourseasons.com/santafe/accommodations/,casitas santa fe,,US,en,mobile
https://www.fourseasons.com/santafe/dining/,santa fe dining,,US,en,mobile
https://www.fourseasons.com/santafe/experiences/,santa fe experiences,,US,en,mobile
https://www.fourseasons.com/santafe/offers/,santa fe vacation packages,,US,en,mobile
https://www.fourseasons.com/santafe/photos-and-videos/,santa fe resort photos,,US,en,mobile
https://www.fourseasons.com/santafe/seasonal/christmas/,santa fe christmas,,US,en,mobile
https://www.fourseasons.com/santafe/seasonal/new-year/,santa fe new years,,US,en,mobile
https://www.fourseasons.com/santafe/seasonal/spring-activities/,santa fe in spring,,US,en,mobile
https://www.fourseasons.com/santafe/seasonal/thanksgiving/,santa fe thanksgiving,,US,en,mobile
https://www.fourseasons.com/santafe/seasonal/winter-activities/,winter activities santa fe,,US,en,mobile
https://www.fourseasons.com/santafe/services-and-amenities/couples/,santa fe romantic getaway,,US,en,mobile
https://www.fourseasons.com/santafe/spa/,santa fe luxury spa,,US,en,mobile
https://www.fourseasons.com/santafe/three-day-itinerary/,santa fe itinerary,,US,en,mobile
https://www.fourseasons.com/santafe/weddings/,santa fe wedding,,US,en,mobile
https://www.fourseasons.com/scottsdale/,two bedroom suites,,US,en,mobile
https://www.fourseasons.com/scottsdale/accommodations/,hotel suites scottsdale | hotel rooms in scottsdale az,accommodation scottsdale arizona,US,en,mobile
https://www.fourseasons.com/scottsdale/dining/,restaurants in scottsdale | best restaurants in scottsdale,fine dining scottsdale,US,en,mobile
https://www.fourseasons.com/scottsdale/experiences/,scottsdale activities | scottsdale experiences,,US,en,mobile
https://www.fourseasons.com/scottsdale/offers/,scottsdale vacation packages,,US,en,mobile
https://www.fourseasons.com/scottsdale/photos-and-videos/,"scottsdale photos
pictures scottsdale arizona",,US,en,mobile
https://www.fourseasons.com/scottsdale/services-and-amenities/couples/,scottsdale resorts for couples​,resorts in arizona for couples​,US,en,mobile
https://www.fourseasons.com/scottsdale/services-and-amenities/family/,scottsdale resorts for families,family resorts scottsdale | family resorts in scottsdale az​,US,en,mobile
https://www.fourseasons.com/scottsdale/spa/,scottsdale spa resort | scottsdale wellness resort,,US,en,mobile
https://www.fourseasons.com/scottsdale/weddings/,scottsdale wedding venues | scottsdale resort weddings,,US,en,mobile
https://www.fourseasons.com/seattle/,luxury hotels in seattle | seattle luxury hotels,,US,en,mobile
https://www.fourseasons.com/seattle/accommodations/,hotel suites seattle | seattle hotel rooms,,US,en,mobile
https://www.fourseasons.com/seattle/dining/,fine dining seattle | fine dining restaurants in seattle,,US,en,mobile
https://www.fourseasons.com/seattle/experiences/,seattle experiences | unique seattle experiences,,US,en,mobile
https://www.fourseasons.com/seattle/offers/,seattle hotel packages | seattle hotel special offers,,US,en,mobile
https://www.fourseasons.com/seattle/photos-and-videos/,seattle hotel photos,,US,en,mobile
https://www.fourseasons.com/seattle/services-and-amenities/couples-experiences/,romantic hotels in seattle,,US,en,mobile
https://www.fourseasons.com/seattle/services-and-amenities/pool/,seattle hotels with pools,downtown seattle hotels with outdoor pools​ | seattle hotels with pools​,US,en,mobile
https://www.fourseasons.com/seattle/spa/,luxury spa seattle | spas in seattle,,US,en,mobile
https://www.fourseasons.com/seattle/sports-and-entertainment/,seattle hotels near lumen field,seattle hotel near lumen field​,US,en,mobile
https://www.fourseasons.com/seattle/weddings/,seattle wedding venues | wedding hotel seattle,,US,en,mobile
https://www.fourseasons.com/seoul/,seoul luxury hotel | 5-star hotel in seoul,,KR,en,mobile
https://www.fourseasons.com/seoul/accommodations/,seoul accommodations,,KR,en,mobile
https://www.fourseasons.com/seoul/dining/,fine dining seoul,,KR,en,mobile
https://www.fourseasons.com/seoul/experiences/,things to do in seoul,,KR,en,mobile
https://www.fourseasons.com/seoul/offers/,seoul vacation packages,,KR,en,mobile
https://www.fourseasons.com/seoul/photos-and-videos/,seoul photo | seoul videos,,KR,en,mobile
https://www.fourseasons.com/seoul/seasonal/,holidays in seoul,,KR,en,mobile
https://www.fourseasons.com/seoul/services-and-amenities/couples/,romantic seoul,,KR,en,mobile
https://www.fourseasons.com/seoul/spa/,spa seoul | korean spa seoul,,KR,en,mobile
https://www.fourseasons.com/seoul/weddings/,seoul weddings,seoul wedding venues,KR,en,mobile
https://www.fourseasons.com/serengeti/,luxury hotels in serengeti,hotels in serengeti national park tanzania,TZ,en,mobile
https://www.fourseasons.com/serengeti/accommodations/,serengeti accommodation tanzania,serengeti safari lodge,TZ,en,mobile
https://www.fourseasons.com/serengeti/dining/,serengeti restaurants,restaurants in tanzania africa,TZ,en,mobile
https://www.fourseasons.com/serengeti/offers/,,,TZ,en,mobile
https://www.fourseasons.com/serengeti/photos-and-videos/,,,TZ,en,mobile
https://www.fourseasons.com/serengeti/spa/,serengeti spa| hotel spa tanzania,,TZ,en,mobile
https://www.fourseasons.com/serengeti/weddings/,,,TZ,en,mobile
https://www.fourseasons.com/seychelles/,seychelles resort,seychelles beach resort,SC,en,mobile
https://www.fourseasons.com/seychelles/accommodations/,seychelles villas,seychelles beach villa,SC,en,mobile
https://www.fourseasons.com/seychelles/dining/,seychelles restaurants,mahe restaurants,SC,en,mobile
https://www.fourseasons.com/seychelles/experiences/,seychelles activities,seychelles experiences,SC,en,mobile
https://www.fourseasons.com/seychelles/offers/,seychelles vacation packages,seychelles resort deals,SC,en,mobile
https://www.fourseasons.com/seychelles/photos-and-videos/,seychelles photos,mahe photos,SC,en,mobile
https://www.fourseasons.com/seychelles/spa/,seychelles spa,spa resort in seychelles,SC,en,mobile
https://www.fourseasons.com/seychelles/villa-residence-rentals/,seychelles vacation rentals,,SC,en,mobile
https://www.fourseasons.com/seychelles/weddings/,seychelles wedding,wedding resort seychelles,SC,en,mobile
https://www.fourseasons.com/seychelles/weddings/venues/,seychelles wedding venues,,SC,en,mobile
https://www.fourseasons.com/seychellesdesroches/,seychelles luxury resort,seychelles beach resort,SC,en,mobile
https://www.fourseasons.com/seychellesdesroches/accommodations/,seychelles luxury villas,seychelles beach villa,SC,en,mobile
https://www.fourseasons.com/seychellesdesroches/couples/,seychelles couples resort,,SC,en,mobile
https://www.fourseasons.com/seychellesdesroches/dining/,seychelles dining,"seychelles restaurants, seychelles fine dining",SC,en,mobile
https://www.fourseasons.com/seychellesdesroches/experiences/,seychelles tours,seychelles excursions,SC,en,mobile
https://www.fourseasons.com/seychellesdesroches/offers/,seychelles packages,seychelles vacation packages,SC,en,mobile
https://www.fourseasons.com/seychellesdesroches/photos-and-videos/,desroches island photos,,SC,en,mobile
https://www.fourseasons.com/seychellesdesroches/spa/,seychelles spa,"seychelles spa resort, spa resort in seychelles",SC,en,mobile
https://www.fourseasons.com/seychellesdesroches/villa-residence-rentals/,seychelles villa rental,,SC,en,mobile
https://www.fourseasons.com/seychellesdesroches/weddings/,wedding resort seychelles,seychelles destination wedding,SC,en,mobile
https://www.fourseasons.com/seychellesdesroches/weddings/honeymoon/,seychelles honeymoon,seychelles honeymoon package,SC,en,mobile
https://www.fourseasons.com/sharmelsheikh/,luxury resort in Sharm El Sheikh,,EG,en,mobile
https://www.fourseasons.com/sharmelsheikh/accommodations/,sharm el sheikh suites,,EG,en,mobile
https://www.fourseasons.com/sharmelsheikh/dining/,fine dining in sharm el sheikh,,EG,en,mobile
https://www.fourseasons.com/sharmelsheikh/offers/,sharm el sheikh vacation packages,,EG,en,mobile
https://www.fourseasons.com/sharmelsheikh/photos-and-videos/,sharm el sheikh photos,,EG,en,mobile
https://www.fourseasons.com/sharmelsheikh/spa/,sharm el sheikh spa,,EG,en,mobile
https://www.fourseasons.com/sharmelsheikh/villa-residence-rentals/,villas in sharm el sheikh,,EG,en,mobile
https://www.fourseasons.com/sharmelsheikh/weddings/,Sharm El Sheikh Weddings,,EG,en,mobile
https://www.fourseasons.com/shenzhen/,shenzhen luxury hotel,shenzhen hotel,CN,en,mobile
https://www.fourseasons.com/shenzhen/accommodations/,shenzhen suites,shenzhen accommodation,CN,en,mobile
https://www.fourseasons.com/shenzhen/dining/,shenzhen restaurants,shenzhen dining,CN,en,mobile
https://www.fourseasons.com/shenzhen/experiences/,shenzhen activities,things to do in shenzhen,CN,en,mobile
https://www.fourseasons.com/shenzhen/offers/,shenzhen packages,shenzhen staycation,CN,en,mobile
https://www.fourseasons.com/shenzhen/photos-and-videos/,shenzhen photos,,CN,en,mobile
https://www.fourseasons.com/shenzhen/services-and-amenities/fitness/,shenzhen gym,,CN,en,mobile
https://www.fourseasons.com/shenzhen/spa/,shenzhen spa,shenzhen spa hotel,CN,en,mobile
https://www.fourseasons.com/shenzhen/spa/massages/,shenzhen massage,,CN,en,mobile
https://www.fourseasons.com/shenzhen/weddings/,shenzhen wedding,,CN,en,mobile
https://www.fourseasons.com/shenzhen/spa/facial-treatments/,shenzhen facial,,CN,en,mobile
https://www.fourseasons.com/singapore/,singapore luxury hotel,,SG,en,mobile
https://www.fourseasons.com/singapore/accommodations/,hotel rooms singapore | hotel suites singapore,,SG,en,mobile
https://www.fourseasons.com/singapore/dining/,fine dining singapore | singapore restaurants,,SG,en,mobile
https://www.fourseasons.com/singapore/offers/,singapore hotel packages | singapore hotel offers,,SG,en,mobile
https://www.fourseasons.com/singapore/photos-and-videos/,singapore hotel photos,,SG,en,mobile
https://www.fourseasons.com/singapore/services-and-amenities/family-at-four-seasons/,family hotel singapore,,SG,en,mobile
https://www.fourseasons.com/singapore/spa/,luxury spa singapore,,SG,en,mobile
https://www.fourseasons.com/singapore/weddings/,singapore wedding,,SG,en,mobile
https://www.fourseasons.com/singapore/seasonal/christmas/,christmas in singapore | singapore christmas,,SG,en,mobile
https://www.fourseasons.com/singapore/seasonal/new-year/,new year in singapore | singapore new year,,SG,en,mobile
https://www.fourseasons.com/stlouis/,luxury hotels in st louis,downtown st louis hotels,US,en,mobile
https://www.fourseasons.com/stlouis/accommodations/,hotel rooms in st louis | st louis hotel rooms,hotel rooms downtown st louis,US,en,mobile
https://www.fourseasons.com/stlouis/accommodations/suite-experience/,hotel suites st louis,"st louis suites, luxury suites in st louis",US,en,mobile
https://www.fourseasons.com/stlouis/dining/,restaurants downtown st louis | fine dining st louis,st louis restaurants,US,en,mobile
https://www.fourseasons.com/stlouis/offers/,st louis hotel packages,hotel offers st louis,US,en,mobile
https://www.fourseasons.com/stlouis/photos-and-videos/,four seasons hotel st. louis photos,,US,en,mobile
https://www.fourseasons.com/stlouis/services-and-amenities/couples/,st louis couples getaway,,US,en,mobile
https://www.fourseasons.com/stlouis/services-and-amenities/pet-friendly-stays/,pet friendly hotels st louis,,US,en,mobile
https://www.fourseasons.com/stlouis/services-and-amenities/pool/,rooftop pool st louis,,US,en,mobile
https://www.fourseasons.com/stlouis/spa/,spa st louis | st louis spa,luxury spa st louis | spa hotel st louis,US,en,mobile
https://www.fourseasons.com/stlouis/weddings/,st louis wedding,,US,en,mobile
https://www.fourseasons.com/stlouis/weddings/honeymoon/,st louis honeymoon,,US,en,mobile
https://www.fourseasons.com/stlouis/weddings/venues/,wedding venues st louis,,US,en,mobile
https://www.fourseasons.com/surfside/,"luxury hotel miami beach
miami beach hotel",,US,en,mobile
https://www.fourseasons.com/surfside/accommodations/,miami beach accommodation,,US,en,mobile
https://www.fourseasons.com/surfside/dining/,"Miami Beach restaurants
Miami Beach fine dining",,US,en,mobile
https://www.fourseasons.com/surfside/dining/restaurants/brunch/,brunch in miami beach,,US,en,mobile
https://www.fourseasons.com/surfside/experiences/,miami beach experiences,,US,en,mobile
https://www.fourseasons.com/surfside/offers/,miami beach hotel offers and packages,,US,en,mobile
https://www.fourseasons.com/surfside/photos-and-videos/,"miami beach hotel photos
surf club photos",,US,en,mobile
https://www.fourseasons.com/surfside/seasonal/christmas/,christmas in miami beach,,US,en,mobile
https://www.fourseasons.com/surfside/seasonal/new-year/,miami beach new year's eve,,US,en,mobile
https://www.fourseasons.com/surfside/seasonal/spring-break/,miami beach spring break,,US,en,mobile
https://www.fourseasons.com/surfside/seasonal/thanksgiving/,miami beach thanksgiving,,US,en,mobile
https://www.fourseasons.com/surfside/seasonal/valentines-day/,valentine's day miami beach,valentine's day,US,en,mobile
https://www.fourseasons.com/surfside/spa/,miami beach spa,surfside spa,US,en,mobile
https://www.fourseasons.com/surfside/villa-residence-rentals/,miami beach vacation rentals,,US,en,mobile
https://www.fourseasons.com/surfside/weddings/,"miami beach weddings
miami beach wedding packages",surfside weddings,US,en,mobile
https://www.fourseasons.com/suzhou/,luxury hotel suzhou,,CN,en,mobile
https://www.fourseasons.com/suzhou/accommodations/,hotel suzhou,,CN,en,mobile
https://www.fourseasons.com/suzhou/dining/,restaurants suzhou,,CN,en,mobile
https://www.fourseasons.com/suzhou/experiences/,things to do in suzhou,,CN,en,mobile
https://www.fourseasons.com/suzhou/offers/,hotel offers in suzhou,,CN,en,mobile
https://www.fourseasons.com/suzhou/spa/,suzhou spa,suzhou massage spa,CN,en,mobile
https://www.fourseasons.com/suzhou/weddings/,suzhou wedding,,CN,en,mobile
https://www.fourseasons.com/sydney/,hotels sydney cbd | luxury hotels sydney,sydney hotels with harbour views,AU,en,mobile
https://www.fourseasons.com/sydney/accommodations/,luxury accommodation sydney,hotel suites sydney | sydney suites | hotel room sydney,AU,en,mobile
https://www.fourseasons.com/sydney/dining/,fine dining sydney | fine dining restaurants sydney,sydney fine dining | places to eat circular quay,AU,en,mobile
https://www.fourseasons.com/sydney/offers/,hotel offers sydney,,AU,en,mobile
https://www.fourseasons.com/sydney/photos-and-videos/,hotel sydney photos,,AU,en,mobile
https://www.fourseasons.com/sydney/seasonal/,celebrations in sydney,,AU,en,mobile
https://www.fourseasons.com/sydney/services-and-amenities/executive-club/,executive club lounge,sydney hotels with executive lounge,AU,en,mobile
https://www.fourseasons.com/sydney/services-and-amenities/family/,family friendly hotel in sydney,family friendly accommodation sydney city,AU,en,mobile
https://www.fourseasons.com/sydney/services-and-amenities/fitness/,sydney gym,luxury gym sydney,AU,en,mobile
https://www.fourseasons.com/sydney/services-and-amenities/pool/,sydney hotel with pool,hotel with pool sydney | best hotel pools sydney,AU,en,mobile
https://www.fourseasons.com/sydney/spa/,spa sydney,,AU,en,mobile
https://www.fourseasons.com/sydney/weddings/,sydney weddings,wedding venue in sydney,AU,en,mobile
https://www.fourseasons.com/tamarindo/,tamarindo luxury resort,tamarindo resorts,CR,en,mobile
https://www.fourseasons.com/tamarindo/accommodations/,tamarindo luxury villas,tamarindo beach house | tamarindo vacation rentals,CR,en,mobile
https://www.fourseasons.com/tamarindo/dining/,tamarindo restaurants,tamarindo beach restaurants | bars in tamarindo,CR,en,mobile
https://www.fourseasons.com/tamarindo/experiences/,tamarindo activities | mexico experiences​,,CR,en,mobile
https://www.fourseasons.com/tamarindo/offers/,tamarindo packages | tamarindo offers,,CR,en,mobile
https://www.fourseasons.com/tamarindo/photos-and-videos/,tamarindo mexico,,CR,en,mobile
https://www.fourseasons.com/tamarindo/seasonal/festive/,christmas resort | holiday in mexico,,CR,en,mobile
https://www.fourseasons.com/tamarindo/seasonal/summer/,summer vacation mexico,,CR,en,mobile
https://www.fourseasons.com/tamarindo/services-and-amenities/discover-costalegre/,costalegre resort,costalegre mexico resorts | costa alegre mexico resorts,CR,en,mobile
https://www.fourseasons.com/tamarindo/services-and-amenities/family/,family vacation in mexico,mexico family resorts | mexico family vacations,CR,en,mobile
https://www.fourseasons.com/tamarindo/services-and-amenities/tamarindo-adventures/,things to do in tamarindo,,CR,en,mobile
https://www.fourseasons.com/tamarindo/spa/,spa tamarindo,tamarindo retreat,CR,en,mobile
https://www.fourseasons.com/tamarindo/weddings/,tamarindo wedding,tamarindo wedding venues,CR,en,mobile
https://www.fourseasons.com/taormina/,luxury hotel Taormina,,IT,en,mobile
https://www.fourseasons.com/taormina/accommodations/,luxury accommodation taormina,luxury accommodation in sicily,IT,en,mobile
https://www.fourseasons.com/taormina/dining/,Taormina restaurant with a view,,IT,en,mobile
https://www.fourseasons.com/taormina/dining/restaurants/breakfast/,taormina breakfast,taormina breakfast with a view,IT,en,mobile
https://www.fourseasons.com/taormina/experiences/,day trips from taormina,,IT,en,mobile
https://www.fourseasons.com/taormina/mount-etna-tours/,mount etna tours from taormina,,IT,en,mobile
https://www.fourseasons.com/taormina/offers/,Taormina Hotel Offers,sciliy hotel packages,IT,en,mobile
https://www.fourseasons.com/taormina/photos-and-videos/,Sicily Hotel Photos,,IT,en,mobile
https://www.fourseasons.com/taormina/services-and-amenities/boat-tours/,Boat Tours from Taormina,,IT,en,mobile
https://www.fourseasons.com/taormina/services-and-amenities/pools/,taormina hotel pool,infinity pool sicily,IT,en,mobile
https://www.fourseasons.com/taormina/services-and-amenities/taormina-beaches/,taormina beaches,,IT,en,mobile
https://www.fourseasons.com/taormina/spa/,hotel spa taormina,,IT,en,mobile
https://www.fourseasons.com/taormina/three-day-itinerary/,3 Days in Taormina,taormina itinerary,IT,en,mobile
https://www.fourseasons.com/taormina/weddings/,taormina wedding venue,Sicily wedding venue,IT,en,mobile
https://www.fourseasons.com/hoian/,vietnam luxury resort | vietnam resorts 5 star,vietnam beach resorts | hoi an beach resort | vietnam luxury beach resorts | hoi an resort | hoi an resorts 5-star,VN,en,mobile
https://www.fourseasons.com/hoian/accommodations/,vietnam villas | luxury villas hoi an,luxury villas hoi an | private pool villa vietnam,VN,en,mobile
https://www.fourseasons.com/hoian/dining/,restaurants hoi an | vietnam fine dining,,VN,en,mobile
https://www.fourseasons.com/hoian/experiences/,vietnam experiences | things to do in hoi an,things to do da nang,VN,en,mobile
https://www.fourseasons.com/hoian/offers/,vietnam resort packages,,VN,en,mobile
https://www.fourseasons.com/hoian/photos-and-videos/,hoi an photos | hoi an videos,,VN,en,mobile
https://www.fourseasons.com/hoian/seasonal/easter/,easter vietnam,,VN,en,mobile
https://www.fourseasons.com/hoian/seasonal/lunar-new-year/,lunar new year hoi an | lunar new year vietnam,,VN,en,mobile
https://www.fourseasons.com/hoian/services-and-amenities/couples-experiences/,vietnam beach resorts for couples,,VN,en,mobile
https://www.fourseasons.com/hoian/services-and-amenities/family/,vietnam beach resort for families | vietnam family beach resorts,,VN,en,mobile
https://www.fourseasons.com/hoian/spa/,spa hoi an | spa vietnam,luxury spa vietnam,VN,en,mobile
https://www.fourseasons.com/hoian/villa-residence-rentals/,vietnam holiday rentals | vietnam vacation rentals,,VN,en,mobile
https://www.fourseasons.com/hoian/weddings/,vietnam wedding | destination wedding in vietnam,destination wedding in vietnam,VN,en,mobile
https://www.fourseasons.com/hoian/weddings/packages/,vietnam wedding packages,,VN,en,mobile
https://www.fourseasons.com/hoian/weddings/venues/,vietnam wedding venues | hoi an wedding venue,hoi an wedding venues,VN,en,mobile
https://www.fourseasons.com/tokyo/,luxury hotel tokyo | boutique hotel tokyo,hotel tokyo station,JP,en,mobile
https://www.fourseasons.com/tokyo/accommodations/,tokyo luxury accommodation | marunouchi accommodation,,JP,en,mobile
https://www.fourseasons.com/tokyo/dining/,marunouchi restaurants | marunouchi bars,tokyo dining,JP,en,mobile
https://www.fourseasons.com/tokyo/experiences/,tokyo experiences,,JP,en,mobile
https://www.fourseasons.com/tokyo/offers/,tokyo hotel packages,,JP,en,mobile
https://www.fourseasons.com/tokyo/photos-and-videos/,tokyo hotel photos | tokyo hotel videos,,JP,en,mobile
https://www.fourseasons.com/tokyo/spa/,tokyo spa | luxury spa tokyo,tokyo station hotel spa,JP,en,mobile
https://www.fourseasons.com/tokyo/weddings/,tokyo weddings | tokyo wedding venues,tokyo wedding packages,JP,en,mobile
https://www.fourseasons.com/otemachi/,luxury hotel tokyo | hotel central tokyo,hotel otemachi,JP,en,mobile
https://www.fourseasons.com/otemachi/accommodations/,tokyo hotel rooms | tokyo hotel suites,,JP,en,mobile
https://www.fourseasons.com/otemachi/dining/,tokyo fine dining | tokyo dining,tokyo restaurants,JP,en,mobile
https://www.fourseasons.com/otemachi/dining/restaurants/afternoon-tea/,tokyo afternoon tea,,JP,en,mobile
https://www.fourseasons.com/otemachi/experiences/,tokyo experiences,,JP,en,mobile
https://www.fourseasons.com/otemachi/offers/,tokyo hotel packages | tokyo hotel offers,,JP,en,mobile
https://www.fourseasons.com/otemachi/photos-and-videos/,tokyo hotel videos | tokyo hotel photos,,JP,en,mobile
https://www.fourseasons.com/otemachi/seasonal/festive/,christmas tokyo | new year tokyo,,JP,en,mobile
https://www.fourseasons.com/otemachi/seasonal/sakura-season/,cherry blossom tokyo | cherry blossom season tokyo,sakura tokyo,JP,en,mobile
https://www.fourseasons.com/otemachi/services-and-amenities/couples-experiences/,romantic hotel tokyo | tokyo hotel for couples,,JP,en,mobile
https://www.fourseasons.com/otemachi/services-and-amenities/family/,family hotel tokyo | tokyo hotel for families,,JP,en,mobile
https://www.fourseasons.com/otemachi/solo-travel/,tokyo solo travellers hotel,,JP,en,mobile
https://www.fourseasons.com/otemachi/spa/,tokyo spa | tokyo luxury spa,,JP,en,mobile
https://www.fourseasons.com/otemachi/weddings/,tokyo weddings,,JP,en,mobile
https://www.fourseasons.com/toronto/,hotel toronto | 5 star hotel toronto,"hotel yorkville
luxury hotel toronto",CA,en,mobile
https://www.fourseasons.com/toronto/accommodations/,hotel suites Toronto | luxury hotel suites toronto,,CA,en,mobile
https://www.fourseasons.com/toronto/dining/,fine dining toronto | toronto restaurants,,CA,en,mobile
https://www.fourseasons.com/toronto/dining/restaurants/brunch/,brunch toronto | brunch yorkville,luxury brunch toronto,CA,en,mobile
https://www.fourseasons.com/toronto/offers/,toronto hotel offers | toronto hotel packages,,CA,en,mobile
https://www.fourseasons.com/toronto/photos-and-videos/,toronto videos | toronto photos,,CA,en,mobile
https://www.fourseasons.com/toronto/seasonal/christmas/,christmas toronto | christmas yorkville,,CA,en,mobile
https://www.fourseasons.com/toronto/seasonal/new-year/,new years eve toronto | new years toronto,,CA,en,mobile
https://www.fourseasons.com/toronto/services-and-amenities/couples/,romantic getaway toronto | couples getaway toronto,romantic hotel toronto,CA,en,mobile
https://www.fourseasons.com/toronto/services-and-amenities/pet-friendly-stays/,pet friendly hotel toronto | dog friendly hotel toronto,cat friendly hotel toronto,CA,en,mobile
https://www.fourseasons.com/toronto/spa/,luxury spa toronto | spa toronto,hotel spa toronto,CA,en,mobile
https://www.fourseasons.com/toronto/weddings/,hotel weddings toronto | weddings toronto,,CA,en,mobile
https://www.fourseasons.com/toronto/weddings/packages/,wedding packages toronto,,CA,en,mobile
https://www.fourseasons.com/toronto/weddings/venues/,wedding venues toronto | luxury wedding venues toronto,,CA,en,mobile
https://www.fourseasons.com/tunis/,luxury hotels tunis| luxury resort tunis,,TN,en,mobile
https://www.fourseasons.com/tunis/accommodations/,tunis hotel room | hotel rooms tunis,,TN,en,mobile
https://www.fourseasons.com/tunis/dining/,restaurant in tunis | tunis restaurants,,TN,en,mobile
https://www.fourseasons.com/tunis/offers/,,,TN,en,mobile
https://www.fourseasons.com/tunis/photos-and-videos/,,,TN,en,mobile
https://www.fourseasons.com/tunis/spa/,spa hotel tunis| massage spa tunis,spa gammarth,TN,en,mobile
https://www.fourseasons.com/tunis/weddings/,,,TN,en,mobile
https://www.fourseasons.com/vail/,luxury hotel vail village,"luxury ski resort vail,luxury hotels in vail Colorado,luxury resort vail",US,en,mobile
https://www.fourseasons.com/vail/accommodations/,vail accommodation,"vail village accommodations, vail village lodging, Vail luxury lodging",US,en,mobile
https://www.fourseasons.com/vail/apres-ski/,apres ski vail,apres ski vail village,US,en,mobile
https://www.fourseasons.com/vail/dining/,vail restauants,restaurants vail village,US,en,mobile
https://www.fourseasons.com/vail/dining/restaurants/brunch/,brunch in vail,,US,en,mobile
https://www.fourseasons.com/vail/offers/,vail packages,"vail vacation packages, vail hotel deals, vail hotel offers, vail accommodation deals, vail hotel packages",US,en,mobile
https://www.fourseasons.com/vail/photos-and-videos/,vail hotel photos,,US,en,mobile
https://www.fourseasons.com/vail/seasonal/christmas/,Christmas in Vail,"chrsitmas dinner vail, chrsitmas eve dinner vail, christmas lunch vail,",US,en,mobile
https://www.fourseasons.com/vail/seasonal/new-year/,New Year’s Eve in Vail,"new years eve dinenr vail, new years eve restaurant vail",US,en,mobile
https://www.fourseasons.com/vail/seasonal/summer-activities/,summer activities in vail,things to do in vail in summer,US,en,mobile
https://www.fourseasons.com/vail/seasonal/thanksgiving/,Thanksgiving in Vail,,US,en,mobile
https://www.fourseasons.com/vail/seasonal/winter-activities/,winter activities in vail,things to do in vail in winter,US,en,mobile
https://www.fourseasons.com/vail/services-and-amenities/the-chalet/,Ski in Ski Out Hotel,"vail lodging ski in ski out,vail ski in ski out resorts,ski in ski out vail rentals",US,en,mobile
https://www.fourseasons.com/vail/spa/,vail spa,vail spa resort,US,en,mobile
https://www.fourseasons.com/vail/villa-residence-rentals/,vail villa rental,luxury rental vail,US,en,mobile
https://www.fourseasons.com/vail/weddings/,vail wedding,"vail mountain wedding,vail Colorado wedding,Colorado wedding resort",US,en,mobile
https://www.fourseasons.com/vail/weddings/honeymoon/,colorado honeymoon,vail honeymoon,US,en,mobile
https://www.fourseasons.com/washington/,luxury hotel washington dc,,US,en,mobile
https://www.fourseasons.com/washington/accommodations/,luxury suites washington dc,,US,en,mobile
https://www.fourseasons.com/washington/dining/,fine dining washington dc,,US,en,mobile
https://www.fourseasons.com/washington/experiences/,things to do in washington dc,,US,en,mobile
https://www.fourseasons.com/washington/offers/,washington dc hotel offers,,US,en,mobile
https://www.fourseasons.com/washington/photos-and-videos/,washington dc photos,,US,en,mobile
https://www.fourseasons.com/washington/seasonal/christmas/,washington dc christmas hotel,,US,en,mobile
https://www.fourseasons.com/washington/seasonal/new-year/,washington dc new years,,US,en,mobile
https://www.fourseasons.com/washington/seasonal/thanksgiving/,washington dc thanksgiving,,US,en,mobile
https://www.fourseasons.com/washington/seasonal/valentines-day/,valentine's day washington dc,,US,en,mobile
https://www.fourseasons.com/washington/services-and-amenities/pet-friendly-stays/,pet friendly hotels washington dc,,US,en,mobile
https://www.fourseasons.com/washington/services-and-amenities/pools/,washington dc hotels with pool,,US,en,mobile
https://www.fourseasons.com/washington/spa/,luxury spa washington dc,,US,en,mobile
https://www.fourseasons.com/washington/three-day-itinerary/,washington dc itinerary,,US,en,mobile
https://www.fourseasons.com/washington/weddings/,washington dc weddings,,US,en,mobile
https://www.fourseasons.com/westlakevillage/,westlake village hotel,,US,en,mobile
https://www.fourseasons.com/westlakevillage/accommodations/,westlake village accommodation,,US,en,mobile
https://www.fourseasons.com/westlakevillage/dining/,westlake village restaurants,,US,en,mobile
https://www.fourseasons.com/westlakevillage/dining/restaurants/brunch/,brunch westlake village,,US,en,mobile
https://www.fourseasons.com/westlakevillage/experiences/,westlake village experiences,,US,en,mobile
https://www.fourseasons.com/westlakevillage/offers/,westlake village hotel offers,,US,en,mobile
https://www.fourseasons.com/westlakevillage/photos-and-videos/,westlake village photos,,US,en,mobile
https://www.fourseasons.com/westlakevillage/seasonal/christmas/,westlake village christmas,,US,en,mobile
https://www.fourseasons.com/westlakevillage/seasonal/new-year/,new year's eve westlake village,,US,en,mobile
https://www.fourseasons.com/westlakevillage/seasonal/thanksgiving/,thanksgiving westlake village,,US,en,mobile
https://www.fourseasons.com/westlakevillage/services-and-amenities/babymoon/,babymoon california,,US,en,mobile
https://www.fourseasons.com/westlakevillage/services-and-amenities/pet-friendly-stays/,pet friendly westlake village hotels,,US,en,mobile
https://www.fourseasons.com/westlakevillage/spa/,westlake village spa,,US,en,mobile
https://www.fourseasons.com/westlakevillage/weddings/,westlake village wedding,,US,en,mobile
https://www.fourseasons.com/whistler/,whistler ski resort | whistler resorts,luxury resort whistler,CA,en,mobile
https://www.fourseasons.com/whistler/accommodations/,whistler suites | hotel rooms in whistler,whistler hotel suites | whistler accomodation,CA,en,mobile
https://www.fourseasons.com/whistler/dining/,fine dining in whistler | whistler restaurants,whistler bars,CA,en,mobile
https://www.fourseasons.com/whistler/golf/,whistler golf | whistler golf packages,,CA,en,mobile
https://www.fourseasons.com/whistler/offers/,hotel packages whistler bc | whistler accommodation packages,,CA,en,mobile
https://www.fourseasons.com/whistler/photos-and-videos/,four seasons resort and residences whistler photos | whistler pictures,,CA,en,mobile
https://www.fourseasons.com/whistler/seasonal/snow-season/,Whistler winter activities | Things to do in Whistler in Winter,,CA,en,mobile
https://www.fourseasons.com/whistler/seasonal/summer-season/,Things to do in Whistler in Summer,whistler summer activities​,CA,en,mobile
https://www.fourseasons.com/whistler/services-and-amenities/pet-friendly-stays/,pet friendly accommodation whistler,,CA,en,mobile
https://www.fourseasons.com/whistler/services-and-amenities/year-round-activities/,whistler activities | things to do in whistler,Whistler Activities,CA,en,mobile
https://www.fourseasons.com/whistler/spa/,whistler spa | whistler hotel spa,,CA,en,mobile
https://www.fourseasons.com/whistler/villa-residence-rentals/,whistler vacation rentals | whistler luxury vacation rentals,"whistler vacation homes,",CA,en,mobile
https://www.fourseasons.com/whistler/weddings/,whistler wedding | whistler wedding venues,whistler wedding locations,CA,en,mobile
https://www.fourseasons.com/chicago/seasonal/spring/,spring in chicago,,US,en,mobile
